-- phpMyAdmin SQL Dump
-- version 3.2.4
-- http://www.phpmyadmin.net
--
-- Host: localhost
-- Generation Time: May 16, 2013 at 09:14 PM
-- Server version: 5.1.41
-- PHP Version: 5.3.1

SET SQL_MODE="NO_AUTO_VALUE_ON_ZERO";


/*!40101 SET @OLD_CHARACTER_SET_CLIENT=@@CHARACTER_SET_CLIENT */;
/*!40101 SET @OLD_CHARACTER_SET_RESULTS=@@CHARACTER_SET_RESULTS */;
/*!40101 SET @OLD_COLLATION_CONNECTION=@@COLLATION_CONNECTION */;
/*!40101 SET NAMES utf8 */;

--
-- Database: `mydb`
--

-- --------------------------------------------------------

--
-- Table structure for table `competency`
--

CREATE TABLE IF NOT EXISTS `competency` (
  `CompetencyID` int(11) NOT NULL AUTO_INCREMENT,
  `CompName` varchar(60) NOT NULL,
  `CompDescription` varchar(1000) NOT NULL,
  `DisplayOrder` int(11) NOT NULL,
  `CompShorthand` varchar(20) NOT NULL,
  PRIMARY KEY (`CompetencyID`)
) ENGINE=InnoDB  DEFAULT CHARSET=latin1 COMMENT='Information for each competency measured on each rubric.' AUTO_INCREMENT=31 ;

--
-- Dumping data for table `competency`
--

INSERT INTO `competency` (`CompetencyID`, `CompName`, `CompDescription`, `DisplayOrder`, `CompShorthand`) VALUES
(1, 'Rhetorical Knowledge', 'The contents of the portfolio demonstrate that the student has considered carefully form, purpose, and audience in preparing the portfolio.', 1, 'RHET_KNOWL'),
(2, 'Critical Thinking', 'The contents of the portfolio demonstrate that the student has used writing for inquiry, learning, reflecting, and communicating.', 2, 'CRIT_THINK'),
(3, 'Writing Processes.', 'The contents of the portfolio demonstrate that the student was able to generate, revise, edit, and proof-read a successful text.', 3, 'WRIT_PROC'),
(4, 'Knowledge of Conventions', 'The contents of the portfolio demonstrate that the student has control of features such as syntax, grammar, punctuation, and spelling.', 4, 'KNOWL_CONV'),
(5, 'Holistic Portfolio Score', 'Provide an overall, holistic impression of the portfolio.', 5, 'OVERALL'),
(6, 'Web Page', 'The web page is clear and navigable.', 1, 'WEB_PAGE'),
(7, 'Writing and Editing A', 'The contents of this portfolio exhibit clear style (readable, concise, cohesive).', 2, 'WRIT_EDIT_A'),
(8, 'Writing and Editing B', 'The contents of this portfolio demonstrate accurate language usage (grammar, punctuation, spelling).', 3, 'WRIT_EDIT_B'),
(9, 'Substance and Content A', 'The contents of this portfolio exhibit clear understanding of assignments.', 4, 'SUBST_CONT_A'),
(10, 'Substance and Content B', 'The contents of this portfolio demonstrate accurate, thorough, relevant, and coherent content and ideas.', 5, 'SUBST_CONT_B'),
(11, 'Audience Awareness', 'The contents of this portfolio demonstrate that the author can adapt tone for audience.', 6, 'AUDIENCE'),
(12, 'Document Design', 'The contents of this portfolio demonstrate cohesion by graphic means (headings, white space) in documents.', 7, 'DOC_DES'),
(13, 'Old Information Literacy', 'Citation - This portfolio includes sources that are documented so that the original source can be easily found.', 8, 'OLD_INFO_LIT'),
(14, 'Overall Portfolio Score', 'The materials in this portfolio demonstrate class work that is:', 9, 'OVERALL'),
(15, 'Writing and Editing', 'The contents of the portfolio demonstrate that the student has competent writing and editing skills, as described in the assessment matrix.', 1, 'WRIT_EDIT'),
(16, 'Document Design', 'The contents of the portfolio demonstrate that the student has competent document design skills, as described in the assessment matrix.', 2, 'DOC_DES'),
(17, 'Rhetoric', 'The contents of the portfolio demonstrate that the student has competent rhetorical skills, as described in the assessment matrix.', 3, 'RHET'),
(18, 'Personal Traits, Work Skills, Problem Solving', 'The contents of the portfolio demonstrate that the student has competent work and problem solving skills, as described in the assessment matrix.', 4, 'PROB_SOLV'),
(19, 'Collaboration and Team Work', 'The contents of the portfolio demonstrate that the student has had experience working in teams.', 5, 'COLLAB'),
(20, 'Oral or Interpersonal Communication', 'The contents of the portfolio demonstrate that the student has competent oral or interpersonal communication skills, as described in the assessment matrix.', 6, 'INTERPERS'),
(21, 'Specialized Expertise', 'The contents of the portfolio demonstrate that the student has competent research skills.', 7, 'EXPERT'),
(22, 'Technology', 'The contents of the portfolio demonstrate that the student has proficiency with technology.', 8, 'TECH'),
(23, 'Overall Portfolio Score', 'Provide an overall, holistic score for the portfolio.', 9, 'OVERALL'),
(24, 'Citation', '<strong>This portfolio includes sources that are documented so that the original source can easily be found.</strong> Discussion: All information needed to identify a source must be present. The audience-centered ability of students to present a source that may be <emphasis>retrieved without undue burden</emphasis> is more important than stylistic adherence to a particular citation system.<br /><strong>The contents of the portfolio demonstrate that the student has cited sources so that the original source can be easily found.</strong>', 6, 'IL_CIT'),
(25, 'Evidence of Independent Research', '<strong>This portfolio includes evidence of research independent of sources indicated within the course syllabus.</strong> Discussion: While it is important that students reference information from textbooks, readers, and bibliographics provided by the instructor, researched work demands that students have sought, evaluated, and used information <emphasis>beyond the syllabus.</emphasis> An authentically researched assignment demonstrates that the student has sought ideas from a variety of sources to become truly informed about the topic at hand.<br /><strong>The contents of the portfolio demonstrate that the student has performed independent research.</strong>', 7, 'IL_IND_RES'),
(26, 'Appropriateness', '<strong>The sources used in this portfolio are appropriate to the topic the student addressed.</strong> Discussion: Academic integrity demands that authoritative sources must be used in researched work. Research that is appropriate tot he topic at hand will be sensitive to issues of <emphasis>validity, timeliness, and sufficiency.</emphasis> An authentically researched assignment will demonstrate a student''s ability to identify valid sources that have been reliably reviewed by those recognized as knowledgeable about the topic at hand, to select sources that offer time-appropriate views on that topic, and to ensure that the sources used are adequate to support the demands of the topic.<br /><strong>The contents of the portfolio demonstrate that the student has used appropriate sources.</strong> ', 8, 'IL_APPROP'),
(27, 'Integration', '<strong>The sources cited in this portfolio have informed the course work.</strong> Discussion: Authentically researched work will demonstrate that the student has incorporated information in order to deepen critical thought. Authentic integration will demonstrate that the student has used sources to <emphasis>interpret, deepen, and reflect</emphasis> on the topic at hand.<br /><strong>The contents of the portfolio demonstrate that the student has integrated sources.</strong>', 9, 'IL_INTEGR'),
(28, 'Overall Information Literacy Portfolio Score', '<strong>The contents of the portfolio demonstrate that the student has employed an information literacy framework.</strong>', 10, 'IL_OVERALL'),
(29, 'Composing in Electronic Environments', 'The contents of the portfolio demonstrate that the student has understood and exploited various rhetorical strategies available for both print and electronic work.', 5, 'ELEC_ENV'),
(30, 'Information Literacy', 'This portfolio includes evidence of meaningfully integrated, independent research with documented sources that can easily be found.', 6, 'INFO_LIT');

-- --------------------------------------------------------

--
-- Table structure for table `competencytovalues`
--

CREATE TABLE IF NOT EXISTS `competencytovalues` (
  `CompValueID` int(11) NOT NULL,
  `CompetencyID` int(11) NOT NULL,
  `ExtendedID` int(11) DEFAULT NULL,
  KEY `fk_CompetencyToValues_CompetencyValue1` (`CompValueID`),
  KEY `fk_CompetencyToValues_Competency1` (`CompetencyID`),
  KEY `fk_CompetencyToValues_CompExtendedDescription1` (`ExtendedID`),
  KEY `PK_CompValue_Competency` (`CompValueID`,`CompetencyID`)
) ENGINE=InnoDB DEFAULT CHARSET=latin1;

--
-- Dumping data for table `competencytovalues`
--

INSERT INTO `competencytovalues` (`CompValueID`, `CompetencyID`, `ExtendedID`) VALUES
(1, 1, NULL),
(2, 1, NULL),
(3, 1, NULL),
(4, 1, NULL),
(5, 1, NULL),
(6, 1, NULL),
(1, 2, NULL),
(2, 2, NULL),
(3, 2, NULL),
(4, 2, NULL),
(5, 2, NULL),
(6, 2, NULL),
(1, 3, NULL),
(2, 3, NULL),
(3, 3, NULL),
(4, 3, NULL),
(5, 3, NULL),
(6, 3, NULL),
(1, 4, NULL),
(2, 4, NULL),
(3, 4, NULL),
(4, 4, NULL),
(5, 4, NULL),
(6, 4, NULL),
(1, 5, 1),
(2, 5, 2),
(3, 5, 3),
(4, 5, 4),
(5, 5, 5),
(6, 5, 6),
(1, 6, NULL),
(2, 6, NULL),
(3, 6, NULL),
(4, 6, NULL),
(5, 6, NULL),
(6, 6, NULL),
(1, 7, NULL),
(2, 7, NULL),
(3, 7, NULL),
(4, 7, NULL),
(5, 7, NULL),
(6, 7, NULL),
(1, 8, NULL),
(2, 8, NULL),
(3, 8, NULL),
(4, 8, NULL),
(5, 8, NULL),
(6, 8, NULL),
(1, 9, NULL),
(2, 9, NULL),
(3, 9, NULL),
(4, 9, NULL),
(5, 9, NULL),
(6, 9, NULL),
(1, 10, NULL),
(2, 10, NULL),
(3, 10, NULL),
(4, 10, NULL),
(5, 10, NULL),
(6, 10, NULL),
(1, 11, NULL),
(2, 11, NULL),
(3, 11, NULL),
(4, 11, NULL),
(5, 11, NULL),
(6, 11, NULL),
(1, 12, NULL),
(2, 12, NULL),
(3, 12, NULL),
(4, 12, NULL),
(5, 12, NULL),
(6, 12, NULL),
(1, 13, NULL),
(2, 13, NULL),
(3, 13, NULL),
(4, 13, NULL),
(5, 13, NULL),
(6, 13, NULL),
(1, 14, 7),
(2, 14, 8),
(3, 14, 9),
(4, 14, 10),
(5, 14, 11),
(6, 14, 12),
(1, 15, NULL),
(2, 15, NULL),
(3, 15, NULL),
(4, 15, NULL),
(5, 15, NULL),
(6, 15, NULL),
(1, 16, NULL),
(2, 16, NULL),
(3, 16, NULL),
(4, 16, NULL),
(5, 16, NULL),
(6, 16, NULL),
(1, 17, NULL),
(2, 17, NULL),
(3, 17, NULL),
(4, 17, NULL),
(5, 17, NULL),
(6, 17, NULL),
(1, 18, NULL),
(2, 18, NULL),
(3, 18, NULL),
(4, 18, NULL),
(5, 18, NULL),
(6, 18, NULL),
(1, 19, NULL),
(2, 19, NULL),
(3, 19, NULL),
(4, 19, NULL),
(5, 19, NULL),
(6, 19, NULL),
(1, 20, NULL),
(2, 20, NULL),
(3, 20, NULL),
(4, 20, NULL),
(5, 20, NULL),
(6, 20, NULL),
(1, 21, NULL),
(2, 21, NULL),
(3, 21, NULL),
(4, 21, NULL),
(5, 21, NULL),
(6, 21, NULL),
(1, 22, NULL),
(2, 22, NULL),
(3, 22, NULL),
(4, 22, NULL),
(5, 22, NULL),
(6, 22, NULL),
(1, 23, 13),
(2, 23, 14),
(3, 23, 15),
(4, 23, 16),
(5, 23, 17),
(6, 23, 18),
(1, 24, NULL),
(2, 24, NULL),
(3, 24, NULL),
(4, 24, NULL),
(5, 24, NULL),
(6, 24, NULL),
(1, 25, NULL),
(2, 25, NULL),
(3, 25, NULL),
(4, 25, NULL),
(5, 25, NULL),
(6, 25, NULL),
(1, 26, NULL),
(2, 26, NULL),
(3, 26, NULL),
(4, 26, NULL),
(5, 26, NULL),
(6, 26, NULL),
(1, 27, NULL),
(2, 27, NULL),
(3, 27, NULL),
(4, 27, NULL),
(5, 27, NULL),
(6, 27, NULL),
(1, 28, 19),
(2, 28, 20),
(3, 28, 21),
(4, 28, 22),
(5, 28, 23),
(6, 28, 24),
(1, 29, NULL),
(2, 29, NULL),
(3, 29, NULL),
(4, 29, NULL),
(5, 29, NULL),
(6, 29, NULL),
(1, 30, NULL),
(2, 30, NULL),
(3, 30, NULL),
(4, 30, NULL),
(5, 30, NULL),
(6, 30, NULL);

-- --------------------------------------------------------

--
-- Table structure for table `competencyvalue`
--

CREATE TABLE IF NOT EXISTS `competencyvalue` (
  `CompValueID` int(11) NOT NULL AUTO_INCREMENT,
  `CompTextName` varchar(50) NOT NULL,
  `CompValue` int(11) NOT NULL,
  PRIMARY KEY (`CompValueID`)
) ENGINE=InnoDB  DEFAULT CHARSET=latin1 COMMENT='Stores the possible scores for the competencies.' AUTO_INCREMENT=7 ;

--
-- Dumping data for table `competencyvalue`
--

INSERT INTO `competencyvalue` (`CompValueID`, `CompTextName`, `CompValue`) VALUES
(1, 'Very Strongly Agree', 6),
(2, 'Strongly Agree', 5),
(3, 'Agree', 4),
(4, 'Disagree', 3),
(5, 'Strongly Disagree', 2),
(6, 'Very Strongly Disagree', 1);

-- --------------------------------------------------------

--
-- Table structure for table `compextendeddescription`
--

CREATE TABLE IF NOT EXISTS `compextendeddescription` (
  `ExtendedID` int(11) NOT NULL AUTO_INCREMENT,
  `ExtendedText` varchar(250) NOT NULL,
  `CompValueID` int(11) NOT NULL,
  PRIMARY KEY (`ExtendedID`),
  KEY `fk_CompExtendedDescription_CompetencyValue1` (`CompValueID`)
) ENGINE=InnoDB  DEFAULT CHARSET=latin1 COMMENT='Stores extended descriptions for competency values' AUTO_INCREMENT=25 ;

--
-- Dumping data for table `compextendeddescription`
--

INSERT INTO `compextendeddescription` (`ExtendedID`, `ExtendedText`, `CompValueID`) VALUES
(1, 'The materials in the portfolio demonstrate <i>excellent</i> work', 1),
(2, 'The materials in the portfolio demonstrate <i>very good</i> work', 2),
(3, 'The materials in the portfolio demonstrate <i>average</i> work', 3),
(4, 'The materials in the portfolio demonstrat <i>below average</i> work', 4),
(5, 'The materials in the portfolio demonstrate work that is at a <i>level near failure</i>.', 5),
(6, 'The materials in the portfolio demonstrate work that is at a level of <i>failure</i>.', 6),
(7, 'The materials in the portfolio demonstrate superior work in the program.', 1),
(8, 'The materials in the portfolio demonstrate very good work in the program.', 2),
(9, 'The materials in the portfolio demonstrate  average work in the program.', 3),
(10, 'The materials in the portfolio demonstrate below average work in the program.', 4),
(11, 'The materials in the portfolio demonstrate work that is at level of near failure in the program.', 5),
(12, 'The materials in the portfolio demonstrate work that is at a level of failure in the program', 6),
(13, 'The materials in the portfolio demonstrate superior work in the program', 1),
(14, 'The materials in the portfolio demonstrate very good work in the program.', 2),
(15, 'The materials in the portfolio demonstrate average work in the program.', 3),
(16, 'The materials in the portfolio demonstrate below average work in the program.', 4),
(17, 'The materials in the portfolio demonstrate work that is at a level of near failure in the program.', 5),
(18, 'The materials in the portfolio demonstrate work that is at a level of failure in the program.', 6),
(19, 'The materials in the portfolio demonstrate <emphasis>superior</emphasis> information literacy skills.', 1),
(20, 'The materials in the portfolio demonstrate <emphasis>very good</emphasis> information literacy skills.', 2),
(21, 'The materials in the portfolio demonstrate an <emphasis>acceptable</emphasis> level of information literacy skills.', 3),
(22, 'The materials in the portfolio demonstrate <emphasis>below average</emphasis> information literacy skills.', 4),
(23, 'The materials in the portfolio demonstrate information literacy skills at a <emphasis>level near failure.</emphasis>', 5),
(24, 'The materials in the portfolio demonstrate information literacy skills at a level of <emphasis>failure.</emphasis>', 6);

-- --------------------------------------------------------

--
-- Table structure for table `portfoliorating`
--

CREATE TABLE IF NOT EXISTS `portfoliorating` (
  `PortfolioRatingID` int(11) NOT NULL AUTO_INCREMENT,
  `RatingSessionID` int(11) NOT NULL,
  `UserID` int(11) NOT NULL,
  `StudentID` int(11) NOT NULL,
  `RatingCompletedTime` datetime DEFAULT NULL,
  `IsAdjudicator` bit(1) DEFAULT b'0',
  PRIMARY KEY (`PortfolioRatingID`)
) ENGINE=MyISAM  DEFAULT CHARSET=latin1 AUTO_INCREMENT=1610 ;

--
-- Dumping data for table `portfoliorating`
--

INSERT INTO `portfoliorating` (`PortfolioRatingID`, `RatingSessionID`, `UserID`, `StudentID`, `RatingCompletedTime`, `IsAdjudicator`) VALUES
(24, 1, 37, 67, '2010-05-13 11:47:27', b'0'),
(2, 1, 30, 13, '2010-05-13 11:28:11', b'0'),
(45, 1, 36, 17, '2010-05-13 12:08:53', b'0'),
(25, 1, 35, 25, '2010-05-13 11:48:08', b'0'),
(23, 1, 30, 66, '2010-05-13 11:43:44', b'0'),
(6, 1, 32, 18, '2010-05-13 11:59:40', b'0'),
(22, 1, 29, 35, '2010-05-13 11:44:44', b'0'),
(8, 1, 36, 76, '2010-05-13 11:53:32', b'0'),
(9, 1, 35, 60, '2010-05-13 11:40:51', b'0'),
(10, 1, 34, 36, '2010-05-13 11:39:39', b'0'),
(11, 1, 31, 59, '2010-05-13 11:43:29', b'0'),
(12, 1, 37, 23, '2010-05-13 11:35:08', b'0'),
(13, 1, 30, 40, '2010-05-13 11:31:22', b'0'),
(14, 1, 40, 30, '2010-05-13 11:35:16', b'0'),
(15, 1, 42, 77, '2010-05-13 11:47:25', b'0'),
(16, 1, 30, 47, '2010-05-13 11:34:13', b'0'),
(51, 1, 45, 75, '2010-05-13 12:02:52', b'0'),
(18, 1, 30, 48, '2010-05-13 11:38:27', b'0'),
(19, 1, 37, 34, '2010-05-13 11:40:03', b'0'),
(20, 1, 40, 68, '2010-05-13 11:42:35', b'0'),
(21, 1, 39, 73, '2010-05-13 11:41:08', b'0'),
(53, 1, 37, 52, '2010-05-13 12:06:24', b'0'),
(28, 1, 30, 74, '2010-05-13 11:47:50', b'0'),
(29, 1, 29, 73, '2010-05-13 11:52:42', b'0'),
(30, 1, 34, 26, '2010-05-13 11:47:36', b'0'),
(31, 1, 31, 51, '2010-05-13 11:57:32', b'0'),
(32, 1, 37, 15, '2010-05-13 11:54:14', b'0'),
(52, 1, 32, 27, '2010-05-13 12:10:37', b'0'),
(34, 1, 42, 72, '2010-05-13 11:59:54', b'0'),
(35, 1, 30, 9, '2010-05-13 11:52:17', b'0'),
(36, 1, 39, 50, '2010-05-13 11:52:41', b'0'),
(48, 1, 34, 2, '2010-05-13 11:57:09', b'0'),
(38, 1, 40, 29, '2010-05-13 11:52:33', b'0'),
(39, 1, 35, 24, '2010-05-13 12:01:20', b'0'),
(50, 1, 31, 20, '2010-05-13 12:08:32', b'0'),
(49, 1, 30, 45, '2010-05-13 12:01:27', b'0'),
(42, 1, 30, 31, '2010-05-13 11:56:52', b'0'),
(43, 1, 44, 64, '2010-05-13 12:05:50', b'0'),
(44, 1, 29, 44, '2010-05-13 12:00:58', b'0'),
(46, 1, 45, 38, '2010-05-13 11:57:41', b'0'),
(47, 1, 37, 8, '2010-05-13 12:00:31', b'0'),
(54, 1, 42, 4, '2010-05-13 12:06:06', b'0'),
(55, 1, 35, 71, '2010-05-13 12:10:04', b'0'),
(70, 1, 37, 81, '2010-05-13 12:18:37', b'0'),
(57, 1, 30, 7, '2010-05-13 12:05:34', b'0'),
(58, 1, 29, 33, '2010-05-13 12:11:28', b'0'),
(59, 1, 34, 21, '2010-05-13 12:06:00', b'0'),
(60, 1, 30, 76, '2010-05-13 12:10:13', b'0'),
(61, 1, 45, 19, '2010-05-13 12:08:15', b'0'),
(62, 1, 44, 82, '2010-05-13 12:21:45', b'0'),
(63, 1, 37, 57, '2010-05-13 12:12:06', b'0'),
(64, 1, 39, 63, '2010-05-13 12:09:21', b'0'),
(65, 1, 42, 37, '2010-05-13 12:22:43', b'0'),
(66, 1, 31, 12, '2010-05-13 12:15:05', b'0'),
(67, 1, 45, 5, '2010-05-13 12:11:47', b'0'),
(68, 1, 35, 69, '2010-05-13 12:19:46', b'0'),
(69, 1, 32, 49, '2010-05-13 12:26:49', b'0'),
(71, 1, 29, 78, '2010-05-13 12:23:25', b'0'),
(72, 1, 30, 6, '2010-05-13 12:16:40', b'0'),
(73, 1, 34, 61, '2010-05-13 12:15:14', b'0'),
(74, 1, 31, 41, '2010-05-13 12:23:39', b'0'),
(75, 1, 30, 79, '2010-05-13 12:22:03', b'0'),
(76, 1, 35, 11, '2010-05-13 12:25:10', b'0'),
(77, 1, 45, 28, '2010-05-13 12:22:56', b'0'),
(78, 1, 36, 53, '2010-05-13 12:24:24', b'0'),
(79, 1, 37, 10, '2010-05-13 12:24:11', b'0'),
(81, 1, 44, 3, '2010-05-13 12:37:20', b'0'),
(83, 1, 34, 32, '2010-05-13 12:27:54', b'0'),
(84, 1, 37, 39, '2010-05-13 12:27:31', b'0'),
(85, 1, 31, 55, '2010-05-13 12:30:23', b'0'),
(86, 1, 30, 56, '2010-05-13 12:27:38', b'0'),
(87, 1, 29, 16, '2010-05-13 12:29:01', b'0'),
(88, 1, 39, 43, '2010-05-13 12:29:07', b'0'),
(89, 1, 45, 65, '2010-05-13 12:29:49', b'0'),
(106, 1, 42, 62, '2010-05-13 13:47:03', b'0'),
(91, 1, 31, 53, '2010-05-13 13:39:55', b'0'),
(105, 1, 30, 18, '2010-05-13 13:41:29', b'0'),
(104, 1, 45, 56, '2010-05-13 13:41:48', b'0'),
(94, 1, 40, 22, '2010-05-13 13:35:27', b'0'),
(103, 1, 30, 24, '2010-05-13 13:38:51', b'0'),
(102, 1, 30, 44, '2010-05-13 13:36:58', b'0'),
(97, 1, 45, 32, '2010-05-13 13:37:32', b'0'),
(98, 1, 36, 43, '2010-05-13 13:55:07', b'0'),
(100, 1, 35, 75, '2010-05-13 13:39:24', b'0'),
(101, 1, 32, 71, '2010-05-13 13:51:10', b'0'),
(107, 1, 37, 69, '2010-05-13 13:45:42', b'0'),
(108, 1, 35, 33, '2010-05-13 13:45:35', b'0'),
(109, 1, 31, 31, '2010-05-13 13:47:14', b'0'),
(110, 1, 30, 38, '2010-05-13 13:45:41', b'0'),
(112, 1, 45, 39, '2010-05-13 13:46:30', b'0'),
(113, 1, 40, 25, '2010-05-13 13:48:22', b'0'),
(114, 1, 39, 23, '2010-05-13 13:49:04', b'0'),
(116, 1, 35, 17, '2010-05-13 13:51:45', b'0'),
(117, 1, 45, 27, '2010-05-13 13:51:44', b'0'),
(118, 1, 37, 11, '2010-05-13 13:53:16', b'0'),
(119, 1, 29, 12, '2010-05-13 13:51:04', b'0'),
(120, 1, 30, 59, '2010-05-13 13:50:56', b'0'),
(121, 1, 40, 77, '2010-05-13 14:01:55', b'0'),
(122, 1, 30, 5, '2010-05-13 13:52:59', b'0'),
(123, 1, 31, 9, '2010-05-13 13:56:14', b'0'),
(124, 1, 32, 55, '2010-05-13 13:58:12', b'0'),
(125, 1, 29, 50, '2010-05-13 13:55:29', b'0'),
(126, 1, 35, 51, '2010-05-13 14:03:36', b'0'),
(129, 1, 37, 82, '2010-05-13 13:58:51', b'0'),
(130, 1, 28, 36, '2010-05-13 14:04:09', b'0'),
(131, 1, 45, 37, '2010-05-13 13:56:06', b'0'),
(132, 1, 30, 1, '2010-05-13 13:59:48', b'0'),
(133, 1, 36, 40, '2010-05-13 14:09:15', b'0'),
(134, 1, 29, 57, '2010-05-13 14:02:11', b'0'),
(135, 1, 31, 10, '2010-05-13 14:05:36', b'0'),
(136, 1, 37, 35, '2010-05-13 14:05:54', b'0'),
(137, 1, 30, 8, '2010-05-13 14:02:16', b'0'),
(139, 1, 47, 72, '2010-05-13 14:07:31', b'0'),
(140, 1, 29, 15, '2010-05-13 14:08:59', b'0'),
(141, 1, 30, 63, '2010-05-13 14:06:21', b'0'),
(142, 1, 32, 54, '2010-05-13 14:12:51', b'0'),
(143, 1, 28, 5, '2010-05-13 14:08:39', b'1'),
(144, 1, 28, 9, '2010-05-13 14:21:58', b'1'),
(146, 1, 28, 17, '2010-05-13 14:29:40', b'1'),
(147, 1, 28, 18, '2010-05-13 14:40:02', b'1'),
(150, 1, 28, 25, '2010-05-13 14:49:16', b'1'),
(152, 1, 37, 33, '2010-05-13 14:14:16', b'1'),
(153, 1, 37, 37, '2010-05-13 14:19:27', b'1'),
(154, 1, 37, 38, '2010-05-13 14:28:57', b'1'),
(155, 1, 30, 39, '2010-05-13 14:10:17', b'1'),
(156, 1, 37, 43, '2010-05-13 14:36:00', b'1'),
(157, 1, 37, 44, '2010-05-13 14:40:00', b'1'),
(160, 1, 37, 55, '2010-05-13 14:51:47', b'1'),
(162, 1, 30, 69, '2010-05-13 14:16:53', b'1'),
(164, 1, 30, 82, '2010-05-13 14:19:36', b'1'),
(167, 1, 39, 34, '2010-05-13 14:05:26', b'0'),
(168, 1, 35, 6, '2010-05-13 14:11:11', b'0'),
(169, 1, 42, 70, '2010-05-13 14:07:14', b'0'),
(171, 1, 36, 8, '2010-05-13 14:21:26', b'1'),
(173, 1, 30, 10, '2010-05-13 14:21:32', b'1'),
(177, 1, 30, 23, '2010-05-13 14:27:01', b'1'),
(180, 1, 37, 31, '2010-05-13 15:18:30', b'1'),
(182, 1, 30, 34, '2010-05-13 14:31:12', b'1'),
(183, 1, 30, 35, '2010-05-13 14:32:57', b'1'),
(194, 1, 30, 57, '2010-05-13 14:36:14', b'1'),
(196, 1, 30, 69, NULL, b'1'),
(198, 1, 37, 77, '2010-05-13 15:26:20', b'1'),
(201, 1, 45, 30, '2010-05-13 14:08:24', b'0'),
(202, 1, 47, 29, '2010-05-13 14:14:12', b'0'),
(203, 1, 40, 60, '2010-05-13 14:12:07', b'0'),
(204, 1, 31, 79, '2010-05-13 14:14:43', b'0'),
(209, 1, 47, 12, '2010-05-13 14:27:07', b'1'),
(213, 1, 47, 24, '2010-05-13 14:31:49', b'1'),
(219, 1, 47, 36, '2010-05-13 14:35:45', b'1'),
(408, 1, 1, 70, '2011-01-25 08:38:10', b'0'),
(225, 1, 47, 50, '2010-05-13 14:39:43', b'1'),
(227, 1, 30, 53, '2010-05-13 14:41:12', b'1'),
(230, 1, 47, 59, '2010-05-13 14:43:11', b'1'),
(232, 1, 30, 69, NULL, b'1'),
(233, 1, 47, 71, '2010-05-13 14:46:27', b'1'),
(237, 1, 45, 64, '2010-05-13 14:13:19', b'0'),
(238, 1, 32, 68, '2010-05-13 14:32:37', b'0'),
(240, 1, 39, 67, '2010-05-13 14:17:49', b'0'),
(241, 1, 31, 28, '2010-05-13 14:26:38', b'0'),
(242, 1, 45, 52, '2010-05-13 14:17:02', b'0'),
(243, 1, 35, 45, '2010-05-13 14:25:15', b'0'),
(244, 1, 40, 41, '2010-05-13 14:20:14', b'0'),
(245, 1, 29, 2, '2010-05-13 14:20:16', b'0'),
(246, 1, 42, 46, '2010-05-13 14:19:30', b'0'),
(247, 1, 45, 4, '2010-05-13 14:19:34', b'0'),
(248, 1, 28, 6, '2010-05-13 15:07:32', b'1'),
(407, 1, 1, 1, '2010-05-13 10:39:39', b'0'),
(270, 1, 37, 54, '2010-05-13 10:17:37', b'1'),
(277, 1, 30, 69, NULL, b'1'),
(283, 1, 29, 7, '2010-05-13 14:31:06', b'0'),
(284, 1, 36, 47, '2010-05-13 14:29:10', b'0'),
(285, 1, 40, 26, '2010-05-13 14:24:47', b'0'),
(286, 1, 39, 16, '2010-05-13 14:29:28', b'0'),
(287, 1, 35, 74, '2010-05-13 14:35:20', b'0'),
(288, 1, 40, 61, '2010-05-13 14:30:23', b'0'),
(289, 1, 42, 58, '2010-05-13 14:31:04', b'0'),
(290, 1, 31, 81, '2010-05-13 14:35:49', b'0'),
(293, 1, 45, 66, '2010-05-13 14:34:42', b'0'),
(295, 1, 36, 48, '2010-05-13 14:43:05', b'0'),
(296, 1, 32, 62, '2010-05-13 14:48:46', b'0'),
(297, 1, 35, 49, '2010-05-13 14:42:02', b'0'),
(298, 1, 29, 3, '2010-05-13 14:37:19', b'0'),
(299, 1, 29, 19, '2010-05-13 14:43:06', b'0'),
(300, 1, 40, 20, '2010-05-13 14:39:30', b'0'),
(301, 1, 39, 65, '2010-05-13 14:40:34', b'0'),
(303, 1, 30, 21, '2010-05-13 14:49:45', b'0'),
(304, 1, 32, 46, '2010-05-13 15:19:45', b'0'),
(308, 1, 37, 2, '2010-05-13 15:47:32', b'1'),
(309, 1, 30, 3, '2010-05-13 15:01:09', b'1'),
(311, 1, 47, 7, '2010-05-13 15:04:03', b'1'),
(313, 1, 30, 20, '2010-05-13 15:10:22', b'1'),
(314, 1, 28, 26, '2010-05-13 15:11:15', b'1'),
(315, 1, 47, 28, '2010-05-13 15:08:34', b'1'),
(317, 1, 32, 40, '2010-05-13 15:36:19', b'1'),
(318, 1, 29, 41, '2010-05-13 14:57:53', b'1'),
(319, 1, 47, 45, '2010-05-13 15:11:24', b'1'),
(320, 1, 30, 49, '2010-05-13 15:14:45', b'1'),
(321, 1, 28, 51, '2010-05-13 15:14:43', b'1'),
(322, 1, 30, 52, '2010-05-13 15:17:43', b'1'),
(323, 1, 36, 54, '2010-05-13 15:10:19', b'0'),
(325, 1, 29, 60, '2010-05-13 15:20:30', b'1'),
(326, 1, 36, 61, '2010-05-13 15:28:53', b'1'),
(327, 1, 28, 62, '2010-05-13 15:25:22', b'1'),
(328, 1, 47, 63, '2010-05-13 15:14:38', b'1'),
(329, 1, 30, 64, '2010-05-13 15:21:12', b'1'),
(330, 1, 31, 65, '2010-05-13 10:22:42', b'1'),
(331, 1, 37, 66, '2010-05-13 15:50:46', b'1'),
(334, 1, 47, 79, '2010-05-13 15:17:50', b'1'),
(335, 1, 36, 81, '2010-05-13 15:40:53', b'1'),
(338, 1, 31, 22, '2010-05-13 15:06:51', b'0'),
(341, 1, 40, 78, '2010-05-13 15:16:18', b'0'),
(342, 1, 49, 22, '2010-05-13 15:21:39', b'1'),
(360, 1, 31, 67, '2010-05-13 15:23:06', b'1'),
(386, 1, 47, 16, '2010-05-13 15:43:36', b'1'),
(389, 1, 28, 46, '2010-05-13 15:51:51', b'1'),
(392, 1, 31, 78, '2010-05-13 15:40:25', b'1'),
(395, 1, 28, 58, '2010-05-13 15:43:30', b'0'),
(396, 1, 47, 13, '2010-05-13 15:39:09', b'0'),
(409, 1, 30, 58, NULL, b'1'),
(410, 1, 1, 70, NULL, b'0'),
(411, 1, 1, 42, '2011-01-25 08:38:33', b'0'),
(412, 1, 1, 80, '2011-01-25 08:38:53', b'0'),
(413, 1, 54, 42, '2011-01-25 08:39:49', b'0'),
(414, 1, 54, 80, '2011-01-25 08:40:14', b'0'),
(415, 1, 3, 42, NULL, b'1'),
(416, 1, 2, 80, NULL, b'1'),
(841, 10, 86, 763, '2011-12-20 11:59:25', b'0'),
(842, 10, 86, 762, '2011-12-20 11:59:52', b'0'),
(844, 10, 82, 0, '2011-12-20 13:04:00', b'0'),
(837, 6, 78, 87, NULL, b'0'),
(461, 7, 1, 95, '2011-01-27 14:50:07', b'0'),
(462, 7, 1, 97, '2011-01-27 14:50:32', b'0'),
(463, 7, 54, 95, '2011-01-27 14:51:25', b'0'),
(464, 7, 54, 96, '2011-01-27 14:51:57', b'0'),
(465, 7, 56, 95, '2011-01-27 14:53:00', b'1'),
(466, 9, 28, 321, '2011-02-02 10:27:56', b'0'),
(467, 9, 2, 704, '2011-02-02 15:36:08', b'0'),
(468, 9, 2, 491, '2011-02-02 15:40:30', b'0'),
(469, 9, 2, 321, '2011-02-02 16:13:16', b'0'),
(566, 8, 35, 732, '2011-02-09 13:54:32', b'0'),
(565, 8, 58, 622, '2011-02-09 13:52:32', b'0'),
(564, 8, 60, 731, '2011-02-09 13:51:57', b'0'),
(563, 8, 58, 676, '2011-02-09 13:49:21', b'0'),
(562, 8, 63, 597, '2011-02-09 13:54:06', b'0'),
(577, 8, 63, 592, '2011-02-09 14:08:53', b'0'),
(476, 8, 63, 599, '2011-02-09 11:44:22', b'0'),
(492, 9, 2, 486, '2011-02-09 11:46:26', b'0'),
(560, 8, 60, 752, '2011-02-09 13:45:02', b'0'),
(491, 9, 28, 330, '2011-02-09 11:49:03', b'0'),
(480, 8, 35, 634, '2011-02-09 11:49:11', b'0'),
(481, 8, 58, 679, '2011-02-09 11:53:41', b'0'),
(482, 8, 36, 636, '2011-02-09 11:44:49', b'0'),
(483, 8, 44, 643, '2011-02-09 11:57:41', b'0'),
(484, 8, 68, 607, '2011-02-09 11:53:55', b'0'),
(559, 8, 63, 596, '2011-02-09 13:44:30', b'0'),
(486, 0, 0, 343, NULL, b'0'),
(487, 8, 32, 729, '2011-02-09 11:45:37', b'0'),
(488, 8, 60, 649, '2011-02-09 11:54:00', b'0'),
(489, 9, 2, 343, '2011-02-09 11:41:53', b'0'),
(543, 8, 60, 581, '2011-02-09 12:28:51', b'0'),
(493, 8, 63, 598, '2011-02-09 11:51:45', b'0'),
(542, 8, 65, 651, '2011-02-09 12:29:07', b'0'),
(495, 8, 36, 635, '2011-02-09 11:54:10', b'0'),
(496, 8, 32, 681, '2011-02-09 11:54:06', b'0'),
(497, 9, 2, 498, '2011-02-09 11:51:20', b'0'),
(498, 8, 35, 606, '2011-02-09 11:58:38', b'0'),
(499, 9, 28, 682, '2011-02-09 12:00:23', b'0'),
(500, 8, 65, 728, '2011-02-09 11:55:23', b'0'),
(501, 8, 63, 603, '2011-02-09 11:57:21', b'0'),
(502, 8, 58, 638, '2011-02-09 11:57:57', b'0'),
(503, 8, 68, 608, '2011-02-09 12:17:43', b'0'),
(504, 9, 2, 484, '2011-02-09 11:56:30', b'0'),
(505, 9, 2, 487, '2011-02-09 12:02:34', b'0'),
(506, 8, 32, 733, '2011-02-09 11:59:23', b'0'),
(507, 8, 63, 647, '2011-02-09 12:05:31', b'0'),
(508, 8, 44, 602, '2011-02-09 12:10:05', b'0'),
(514, 8, 65, 727, '2011-02-09 12:03:11', b'0'),
(510, 8, 35, 600, '2011-02-09 12:10:24', b'0'),
(511, 8, 60, 745, '2011-02-09 12:06:33', b'0'),
(512, 9, 28, 683, '2011-02-09 12:05:22', b'0'),
(513, 8, 58, 639, '2011-02-09 12:01:07', b'0'),
(515, 8, 32, 613, '2011-02-09 12:10:42', b'0'),
(516, 9, 28, 684, '2011-02-09 12:12:52', b'0'),
(517, 9, 2, 328, '2011-02-09 12:08:30', b'0'),
(518, 8, 65, 726, '2011-02-09 12:06:56', b'0'),
(519, 8, 60, 746, '2011-02-09 12:13:12', b'0'),
(520, 8, 65, 725, '2011-02-09 12:08:55', b'0'),
(541, 8, 68, 605, '2011-02-09 13:51:23', b'0'),
(540, 8, 63, 594, '2011-02-09 12:27:22', b'0'),
(539, 9, 28, 685, '2011-02-09 12:28:15', b'0'),
(524, 8, 65, 749, '2011-02-09 12:13:10', b'0'),
(525, 9, 2, 330, '2011-02-09 12:13:49', b'0'),
(526, 9, 28, 734, '2011-02-09 12:22:50', b'0'),
(527, 8, 65, 661, '2011-02-09 12:13:51', b'0'),
(528, 8, 63, 595, '2011-02-09 12:22:49', b'0'),
(554, 9, 2, 686, '2011-02-09 13:20:34', b'0'),
(530, 8, 58, 650, '2011-02-09 12:19:53', b'0'),
(538, 8, 58, 657, '2011-02-09 12:26:27', b'0'),
(532, 9, 2, 496, '2011-02-09 12:23:00', b'0'),
(533, 8, 69, 750, '2011-02-09 12:27:14', b'0'),
(534, 8, 35, 611, '2011-02-09 12:25:06', b'0'),
(535, 8, 60, 583, '2011-02-09 12:18:34', b'0'),
(536, 8, 65, 722, '2011-02-09 12:17:22', b'0'),
(537, 8, 65, 721, '2011-02-09 12:25:37', b'0'),
(544, 8, 36, 633, '2011-02-09 12:43:34', b'0'),
(545, 8, 60, 582, '2011-02-09 12:31:12', b'0'),
(546, 9, 2, 494, '2011-02-09 12:35:36', b'0'),
(547, 9, 2, 690, '2011-02-09 12:38:01', b'0'),
(548, 8, 36, 747, '2011-02-09 12:48:11', b'0'),
(549, 9, 2, 683, '2011-02-09 12:50:49', b'0'),
(550, 8, 36, 610, '2011-02-09 12:50:21', b'0'),
(551, 9, 2, 684, '2011-02-10 21:34:25', b'0'),
(552, 9, 2, 685, '2011-02-09 13:06:36', b'0'),
(553, 9, 2, 682, '2011-02-09 13:14:06', b'0'),
(555, 9, 2, 691, '2011-02-09 13:23:39', b'0'),
(556, 9, 2, 695, '2011-02-09 13:27:51', b'0'),
(557, 8, 58, 652, '2011-02-09 13:35:58', b'0'),
(558, 9, 2, 696, '2011-02-09 13:31:46', b'0'),
(843, 10, 87, 762, '2011-12-20 12:00:35', b'0'),
(588, 8, 35, 655, '2011-02-09 14:21:54', b'0'),
(569, 8, 60, 614, '2011-02-09 13:58:00', b'0'),
(570, 8, 35, 612, '2011-02-09 14:03:32', b'0'),
(571, 9, 28, 686, '2011-02-09 14:10:31', b'0'),
(572, 8, 68, 717, '2011-02-09 14:01:09', b'0'),
(576, 8, 60, 609, '2011-02-09 14:16:18', b'0'),
(574, 8, 58, 623, '2011-02-09 13:57:29', b'0'),
(575, 8, 63, 593, '2011-02-09 13:59:24', b'0'),
(578, 8, 58, 753, '2011-02-09 14:00:40', b'0'),
(590, 8, 60, 648, '2011-02-09 14:18:59', b'0'),
(580, 8, 69, 654, '2011-02-09 14:04:34', b'0'),
(589, 8, 58, 616, '2011-02-09 14:16:52', b'0'),
(582, 8, 35, 751, '2011-02-09 14:15:10', b'0'),
(583, 8, 58, 588, '2011-02-09 14:06:07', b'0'),
(584, 8, 69, 587, '2011-02-09 14:20:12', b'0'),
(585, 9, 28, 484, '2011-02-09 14:17:14', b'0'),
(586, 8, 63, 615, '2011-02-09 14:18:52', b'0'),
(587, 8, 58, 671, '2011-02-09 14:12:09', b'0'),
(591, 9, 28, 486, '2011-02-09 14:26:25', b'0'),
(592, 8, 63, 617, '2011-02-09 14:23:58', b'0'),
(593, 8, 69, 708, '2011-02-09 14:33:47', b'0'),
(594, 8, 35, 730, '2011-02-09 14:27:30', b'0'),
(595, 8, 63, 619, '2011-02-09 14:28:13', b'0'),
(596, 8, 60, 748, '2011-02-09 14:26:06', b'0'),
(597, 8, 60, 646, '2011-02-09 14:34:04', b'0'),
(598, 9, 28, 735, '2011-02-09 14:46:44', b'0'),
(599, 8, 35, 624, '2011-02-09 14:36:24', b'0'),
(600, 8, 63, 620, '2011-02-09 14:48:35', b'0'),
(601, 8, 68, 718, '2011-02-09 14:41:30', b'0'),
(602, 8, 69, 674, '2011-02-09 14:51:34', b'0'),
(603, 0, 0, 0, NULL, b'0'),
(604, 8, 35, 641, '2011-02-09 14:41:24', b'0'),
(605, 8, 60, 678, '2011-02-09 14:40:01', b'0'),
(606, 8, 35, 670, '2011-02-09 14:50:50', b'0'),
(607, 8, 60, 629, '2011-02-09 14:52:29', b'0'),
(608, 8, 68, 719, '2011-02-09 14:51:36', b'0'),
(609, 0, 0, 0, NULL, b'0'),
(610, 9, 28, 487, '2011-02-09 14:57:04', b'0'),
(611, 0, 0, 610, NULL, b'0'),
(612, 8, 63, 663, '2011-02-09 14:52:20', b'0'),
(613, 8, 36, 675, '2011-02-09 14:53:16', b'0'),
(614, 8, 68, 0, NULL, b'0'),
(615, 8, 63, 662, '2011-02-09 15:08:06', b'0'),
(616, 8, 68, 720, '2011-02-09 15:01:32', b'0'),
(617, 8, 35, 669, '2011-02-09 15:00:14', b'0'),
(755, 8, 28, 626, '2011-04-13 10:57:49', b'0'),
(754, 8, 28, 586, '2011-04-13 10:50:23', b'0'),
(753, 8, 28, 578, '2011-04-13 10:42:43', b'0'),
(621, 8, 60, 628, '2011-02-09 15:02:42', b'0'),
(622, 8, 35, 668, '2011-02-09 15:04:29', b'0'),
(623, 8, 36, 677, '2011-02-09 15:04:00', b'0'),
(624, 8, 35, 667, '2011-02-09 15:10:14', b'0'),
(625, 8, 60, 627, '2011-02-09 15:18:19', b'0'),
(626, 9, 28, 491, '2011-02-09 15:17:38', b'0'),
(627, 8, 63, 660, '2011-02-09 15:22:31', b'0'),
(628, 8, 35, 666, '2011-02-09 15:16:40', b'0'),
(629, 8, 35, 665, '2011-02-09 15:23:06', b'0'),
(630, 9, 28, 492, '2011-02-09 15:29:20', b'0'),
(631, 8, 63, 630, '2011-02-09 15:27:25', b'0'),
(632, 8, 68, 724, '2011-02-09 15:25:31', b'0'),
(633, 8, 35, 664, '2011-02-09 15:30:28', b'0'),
(634, 8, 63, 632, '2011-02-09 15:34:45', b'0'),
(635, 9, 28, 691, '2011-02-09 15:32:34', b'0'),
(752, 8, 28, 715, '2011-04-13 10:30:42', b'0'),
(637, 8, 35, 637, '2011-02-09 15:37:24', b'0'),
(638, 8, 63, 631, '2011-02-09 15:47:17', b'0'),
(639, 9, 28, 695, '2011-02-09 15:40:35', b'0'),
(640, 9, 2, 699, '2011-02-09 15:43:20', b'0'),
(641, 8, 35, 711, '2011-02-09 15:48:00', b'0'),
(642, 8, 60, 626, '2011-02-09 15:48:27', b'0'),
(643, 9, 2, 700, '2011-02-09 15:48:50', b'0'),
(644, 9, 28, 696, '2011-02-09 15:45:26', b'0'),
(645, 9, 28, 494, '2011-02-09 15:49:47', b'0'),
(646, 8, 68, 723, '2011-02-09 15:51:36', b'0'),
(647, 8, 63, 716, '2011-02-09 15:58:26', b'0'),
(648, 8, 60, 586, '2011-02-09 15:51:54', b'0'),
(649, 9, 2, 703, '2011-02-09 16:01:37', b'0'),
(650, 9, 28, 328, '2011-02-09 15:54:13', b'0'),
(651, 8, 60, 584, '2011-02-09 15:53:26', b'0'),
(652, 8, 60, 585, '2011-02-09 15:57:58', b'0'),
(653, 8, 68, 590, '2011-02-09 16:03:59', b'0'),
(654, 8, 63, 645, '2011-02-09 16:05:22', b'0'),
(655, 8, 60, 712, '2011-02-09 16:05:17', b'0'),
(656, 8, 68, 580, '2011-02-09 16:12:08', b'0'),
(657, 8, 63, 672, '2011-02-09 16:12:12', b'0'),
(658, 9, 2, 706, '2011-02-09 16:10:33', b'0'),
(659, 8, 60, 578, '2011-02-09 16:12:24', b'0'),
(660, 9, 2, 734, '2011-02-09 16:14:21', b'0'),
(661, 8, 60, 713, '2011-02-09 16:17:10', b'0'),
(662, 8, 68, 576, '2011-02-09 16:17:59', b'0'),
(663, 8, 63, 591, '2011-02-09 16:19:02', b'0'),
(664, 8, 63, 640, '2011-02-09 16:28:27', b'0'),
(665, 8, 60, 715, '2011-02-09 16:27:43', b'0'),
(666, 9, 2, 735, '2011-02-09 16:28:25', b'0'),
(667, 8, 63, 618, '2011-02-09 16:31:31', b'0'),
(668, 9, 28, 164, NULL, b'0'),
(669, 9, 2, 737, '2011-02-09 16:35:46', b'0'),
(670, 9, 28, 331, '2011-02-09 16:37:32', b'0'),
(671, 9, 2, 738, '2011-02-09 16:51:28', b'0'),
(672, 9, 28, 698, '2011-02-09 16:42:11', b'0'),
(673, 9, 28, 496, '2011-02-09 16:50:11', b'0'),
(674, 9, 28, 333, '2011-02-09 16:52:30', b'0'),
(675, 9, 2, 739, '2011-02-09 16:56:50', b'0'),
(676, 9, 28, 334, '2011-02-09 16:57:06', b'0'),
(677, 9, 2, 740, '2011-02-09 16:58:43', b'0'),
(678, 9, 28, 498, '2011-02-09 17:03:29', b'0'),
(679, 9, 2, 741, '2011-02-09 17:01:43', b'0'),
(680, 9, 2, 742, '2011-02-09 17:05:32', b'0'),
(681, 9, 2, 743, '2011-02-09 17:11:23', b'0'),
(682, 9, 28, 699, '2011-02-09 17:08:03', b'0'),
(683, 9, 28, 739, '2011-02-09 17:12:28', b'0'),
(684, 9, 2, 744, '2011-02-09 17:13:55', b'0'),
(685, 9, 2, 331, '2011-02-09 17:21:35', b'0'),
(686, 9, 28, 700, '2011-02-09 17:31:42', b'0'),
(751, 8, 28, 630, '2011-04-13 10:13:31', b'0'),
(688, 9, 2, 341, '2011-02-09 17:32:22', b'0'),
(689, 9, 2, 333, NULL, b'0'),
(690, 9, 28, 703, '2011-02-09 17:35:51', b'0'),
(691, 9, 28, 741, '2011-02-09 17:43:05', b'0'),
(692, 9, 28, 742, '2011-02-09 17:57:30', b'0'),
(693, 9, 28, 338, '2011-02-09 18:00:13', b'0'),
(694, 8, 28, 656, '2011-02-09 18:06:58', b'0'),
(695, 8, 28, 658, '2011-02-09 18:10:18', b'0'),
(696, 8, 28, 673, '2011-02-09 18:13:02', b'0'),
(697, 8, 28, 644, '2011-02-09 18:15:51', b'0'),
(698, 9, 28, 740, '2011-02-09 23:16:40', b'0'),
(699, 9, 28, 704, '2011-02-09 23:23:45', b'0'),
(700, 9, 28, 341, '2011-02-09 23:44:53', b'0'),
(701, 9, 28, 508, '2011-02-09 23:50:13', b'0'),
(702, 9, 28, 511, '2011-02-09 23:54:47', b'0'),
(703, 9, 28, 743, '2011-02-09 23:58:54', b'0'),
(704, 9, 28, 744, '2011-02-10 00:02:20', b'0'),
(705, 9, 28, 706, '2011-02-10 00:07:58', b'0'),
(706, 9, 47, 321, '2011-02-10 13:50:24', b'1'),
(707, 9, 47, 491, '2011-02-10 13:55:40', b'1'),
(708, 9, 47, 486, '2011-02-10 13:59:25', b'1'),
(709, 9, 47, 330, '2011-02-10 14:02:14', b'1'),
(710, 9, 47, 498, '2011-02-10 14:04:58', b'1'),
(711, 9, 47, 484, '2011-02-10 14:07:40', b'1'),
(712, 9, 47, 487, '2011-02-10 14:11:12', b'1'),
(713, 9, 47, 328, '2011-02-10 14:14:34', b'1'),
(714, 9, 47, 685, '2011-02-11 10:25:31', b'1'),
(715, 9, 47, 341, NULL, b'1'),
(716, 9, 71, 682, '2011-02-10 21:49:00', b'1'),
(717, 9, 71, 683, '2011-02-10 21:57:45', b'1'),
(718, 9, 71, 684, '2011-02-10 22:10:29', b'1'),
(719, 9, 71, 734, '2011-02-10 22:17:53', b'1'),
(720, 9, 71, 686, '2011-02-10 22:28:32', b'1'),
(721, 9, 71, 695, '2011-02-10 22:36:34', b'1'),
(722, 9, 71, 696, '2011-02-10 23:09:52', b'1'),
(723, 9, 71, 735, '2011-02-10 23:16:29', b'1'),
(724, 9, 71, 699, '2011-02-10 23:24:06', b'1'),
(725, 9, 71, 700, '2011-02-10 23:30:57', b'1'),
(726, 9, 71, 706, '2011-02-10 23:37:32', b'1'),
(727, 9, 47, 331, NULL, b'1'),
(728, 9, 47, 739, NULL, b'1'),
(729, 9, 47, 740, NULL, b'1'),
(730, 9, 47, 741, NULL, b'1'),
(731, 9, 47, 742, NULL, b'1'),
(732, 9, 47, 743, NULL, b'1'),
(733, 9, 47, 744, NULL, b'1'),
(734, 8, 28, 592, '2011-02-10 20:50:50', b'0'),
(735, 9, 47, 496, NULL, b'1'),
(736, 9, 47, 494, '2011-02-11 08:30:14', b'1'),
(737, 8, 28, 593, '2011-02-10 20:52:58', b'0'),
(738, 8, 28, 596, '2011-02-10 21:43:22', b'0'),
(739, 9, 73, 334, NULL, b'0'),
(749, 9, 2, 492, NULL, b'0'),
(750, 9, 28, 0, NULL, b'0'),
(742, 9, 73, 164, NULL, b'0'),
(743, 8, 28, 608, '2011-02-10 21:52:21', b'0'),
(744, 8, 28, 634, '2011-02-10 22:00:42', b'0'),
(745, 8, 28, 639, '2011-02-10 22:05:58', b'0'),
(746, 8, 28, 587, '2011-02-10 22:08:46', b'0'),
(747, 8, 28, 674, '2011-02-10 22:17:35', b'0'),
(748, 8, 28, 678, '2011-02-10 22:34:04', b'0'),
(756, 8, 28, 670, '2011-04-13 11:09:06', b'0'),
(757, 8, 2, 582, '2011-04-13 11:05:48', b'0'),
(758, 8, 2, 667, '2011-04-13 11:11:43', b'0'),
(759, 8, 28, 641, '2011-04-13 11:13:00', b'0'),
(760, 8, 2, 664, '2011-04-13 11:18:55', b'0'),
(761, 8, 28, 708, '2011-04-13 11:27:32', b'0'),
(762, 8, 2, 615, '2011-04-13 11:25:55', b'0'),
(763, 8, 2, 633, '2011-04-13 11:29:23', b'0'),
(764, 8, 28, 624, '2011-04-13 11:38:11', b'0'),
(765, 8, 2, 617, '2011-04-13 11:40:12', b'0'),
(766, 8, 2, 590, '2011-04-13 11:43:18', b'0'),
(767, 8, 28, 631, '2011-04-13 11:50:24', b'0'),
(768, 8, 28, 645, '2011-04-13 18:38:19', b'0'),
(769, 8, 28, 621, '2011-04-13 12:41:46', b'0'),
(770, 8, 2, 602, '2011-04-13 12:55:23', b'0'),
(771, 8, 2, 0, NULL, b'0'),
(772, 8, 2, 580, '2011-04-13 17:54:53', b'0'),
(773, 8, 2, 652, '2011-04-13 17:57:44', b'0'),
(774, 8, 2, 644, '2011-04-13 18:01:02', b'0'),
(775, 8, 2, 673, '2011-04-13 18:03:52', b'0'),
(776, 8, 28, 659, '2011-04-13 18:07:04', b'0'),
(777, 8, 2, 681, '2011-04-13 18:07:10', b'0'),
(778, 8, 2, 599, '2011-04-13 18:09:20', b'0'),
(779, 8, 28, 604, '2011-04-13 18:13:29', b'0'),
(780, 8, 2, 726, '2011-04-13 18:12:35', b'0'),
(781, 8, 2, 675, '2011-04-13 18:15:22', b'0'),
(782, 8, 28, 589, '2011-04-13 18:16:59', b'0'),
(783, 8, 2, 725, '2011-04-13 18:18:15', b'0'),
(784, 8, 28, 757, '2011-04-13 18:23:06', b'0'),
(785, 8, 2, 660, '2011-04-13 18:20:59', b'0'),
(786, 8, 2, 658, '2011-04-13 18:23:55', b'0'),
(787, 8, 28, 709, '2011-04-13 18:26:37', b'0'),
(788, 8, 2, 656, '2011-04-13 18:27:11', b'0'),
(789, 8, 28, 707, '2011-04-13 18:30:01', b'0'),
(790, 8, 28, 710, '2011-04-13 18:35:36', b'0'),
(791, 8, 28, 633, '2011-04-13 19:50:32', b'1'),
(792, 8, 28, 615, '2011-04-13 19:49:15', b'1'),
(793, 8, 28, 617, '2011-04-13 19:51:44', b'1'),
(794, 8, 28, 580, '2011-04-13 19:53:48', b'1'),
(795, 8, 28, 599, '2011-04-13 19:42:45', b'1'),
(796, 8, 28, 602, '2011-04-13 19:45:29', b'1'),
(797, 8, 28, 725, '2011-04-13 19:38:38', b'1'),
(798, 8, 28, 675, '2011-04-13 19:44:39', b'1'),
(799, 8, 28, 667, '2011-04-13 19:47:29', b'1'),
(800, 8, 28, 660, '2011-04-13 19:41:25', b'1'),
(801, 8, 30, 673, '2011-04-15 15:51:24', b'1'),
(802, 8, 30, 644, '2011-04-15 15:53:20', b'1'),
(803, 8, 30, 645, '2011-04-15 15:50:07', b'1'),
(804, 0, 0, 0, NULL, b'0'),
(805, 8, 30, 592, '2011-04-15 15:32:52', b'1'),
(806, 8, 30, 634, '2011-04-15 15:37:08', b'1'),
(807, 8, 30, 596, '2011-04-15 15:35:38', b'1'),
(808, 8, 30, 608, '2011-04-15 15:27:06', b'1'),
(809, 8, 30, 639, '2011-04-15 15:38:20', b'1'),
(810, 8, 30, 593, '2011-04-15 15:33:43', b'1'),
(811, 8, 30, 587, '2011-04-15 15:25:41', b'1'),
(812, 8, 30, 708, '2011-04-15 15:41:54', b'1'),
(813, 8, 30, 624, '2011-04-15 15:39:59', b'1'),
(814, 8, 30, 641, '2011-04-15 15:42:22', b'1'),
(815, 8, 30, 678, '2011-04-15 15:48:23', b'1'),
(816, 8, 30, 670, '2011-04-15 15:43:17', b'1'),
(817, 8, 30, 626, '2011-04-15 15:44:40', b'1'),
(818, 8, 30, 586, '2011-04-15 15:46:10', b'1'),
(819, 8, 30, 630, '2011-04-15 15:49:00', b'1'),
(820, 8, 30, 715, '2011-04-15 15:46:54', b'1'),
(821, 8, 30, 631, '2011-04-15 15:20:18', b'1'),
(822, 8, 2, 714, '2011-04-13 19:47:40', b'0'),
(823, 8, 2, 759, '2011-04-13 19:49:57', b'0'),
(824, 8, 2, 756, '2011-04-13 19:52:11', b'0'),
(825, 8, 2, 577, '2011-04-13 19:53:58', b'0'),
(826, 8, 2, 754, '2011-04-13 20:00:15', b'0'),
(827, 8, 2, 625, '2011-04-13 20:02:05', b'0'),
(828, 8, 2, 653, '2011-04-13 20:04:05', b'0'),
(829, 8, 2, 760, '2011-04-13 20:05:58', b'0'),
(830, 8, 2, 761, '2011-04-13 20:07:56', b'0'),
(831, 8, 2, 755, '2011-04-13 20:09:33', b'0'),
(832, 8, 2, 601, '2011-04-13 20:10:51', b'0'),
(833, 8, 2, 579, '2011-04-13 20:12:28', b'0'),
(834, 8, 2, 680, '2011-04-13 20:14:22', b'0'),
(835, 8, 75, 0, NULL, b'0'),
(836, 8, 30, 0, '2011-04-15 15:27:12', b'0'),
(845, 10, 87, 763, '2011-12-20 12:03:33', b'0'),
(846, 10, 83, 0, '2011-12-20 12:39:25', b'0'),
(847, 10, 87, 765, '2011-12-20 12:37:19', b'0'),
(848, 10, 88, 765, '2011-12-20 12:38:09', b'0'),
(849, 10, 85, 0, '2011-12-20 12:59:06', b'1'),
(850, 10, 83, 765, '2011-12-20 13:06:11', b'1'),
(851, 10, 84, 762, '2011-12-20 13:08:25', b'1'),
(853, 10, 81, 767, '2011-12-29 12:55:42', b'0'),
(861, 20, 88, 795, '2012-01-03 12:44:35', b'0'),
(863, 20, 88, 797, '2012-01-03 12:46:18', b'0'),
(864, 20, 82, 767, '2012-01-11 19:36:56', b'1'),
(866, 0, 91, 0, NULL, b'0'),
(867, 29, 87, 818, '2013-01-11 15:59:24', b'0'),
(869, 29, 87, 820, '2013-01-11 16:06:11', b'0'),
(870, 29, 87, 821, '2013-01-11 16:07:49', b'0'),
(871, 29, 87, 819, '2013-01-11 16:07:30', b'0'),
(872, 29, 1, 819, '2013-01-11 16:08:43', b'0'),
(873, 29, 1, 820, '2013-01-11 16:09:17', b'0'),
(874, 29, 82, 819, '2013-01-11 16:10:19', b'1'),
(875, 29, 82, 820, '2013-01-11 16:10:34', b'1'),
(880, 31, 87, 882, '2013-01-11 17:51:33', b'0'),
(881, 31, 87, 883, '2013-01-11 17:33:11', b'0'),
(882, 31, 87, 884, '2013-01-11 17:34:15', b'0'),
(883, 31, 87, 885, '2013-01-11 17:35:04', b'0'),
(884, 31, 87, 886, '2013-01-11 17:35:36', b'0'),
(885, 31, 87, 887, '2013-01-11 17:36:11', b'0'),
(886, 31, 87, 888, '2013-01-11 17:36:54', b'0'),
(887, 31, 87, 889, '2013-01-11 17:37:30', b'0'),
(888, 31, 87, 890, '2013-01-11 17:38:29', b'0'),
(889, 31, 87, 891, '2013-01-11 17:39:38', b'0'),
(890, 31, 87, 892, '2013-01-11 17:40:47', b'0'),
(891, 31, 87, 893, '2013-01-11 17:42:01', b'0'),
(892, 31, 87, 894, '2013-01-11 17:42:45', b'0'),
(893, 31, 87, 895, '2013-01-11 17:43:38', b'0'),
(894, 31, 87, 896, '2013-01-11 17:44:25', b'0'),
(895, 31, 87, 897, '2013-01-11 17:45:04', b'0'),
(896, 31, 87, 898, '2013-01-11 17:45:57', b'0'),
(897, 31, 87, 899, '2013-01-11 17:46:33', b'0'),
(898, 31, 87, 900, '2013-01-11 17:47:12', b'0'),
(899, 31, 92, 901, '2013-01-11 17:48:31', b'0'),
(900, 31, 87, 901, '2013-01-11 17:48:50', b'0'),
(901, 31, 92, 902, '2013-01-11 17:49:53', b'0'),
(902, 31, 87, 902, '2013-01-11 17:50:17', b'0'),
(903, 31, 87, 903, '2013-01-11 17:50:54', b'0'),
(904, 31, 92, 882, '2013-01-11 17:54:18', b'0'),
(905, 31, 88, 883, '2013-01-11 17:54:57', b'0'),
(906, 31, 88, 884, '2013-01-11 17:56:25', b'0'),
(908, 31, 92, 885, '2013-01-11 17:55:50', b'0'),
(909, 31, 92, 886, '2013-01-11 17:57:14', b'0'),
(910, 31, 92, 887, '2013-01-11 17:57:57', b'0'),
(911, 31, 88, 888, '2013-01-11 17:58:31', b'0'),
(912, 31, 92, 889, '2013-01-11 17:58:54', b'0'),
(913, 31, 88, 890, '2013-01-11 17:59:25', b'0'),
(914, 31, 92, 891, '2013-01-11 17:59:49', b'0'),
(915, 31, 88, 892, '2013-01-11 18:00:17', b'0'),
(916, 31, 88, 893, '2013-01-11 18:00:40', b'0'),
(917, 31, 88, 894, '2013-01-11 18:01:10', b'0'),
(918, 31, 88, 895, '2013-01-11 18:01:38', b'0'),
(919, 31, 88, 896, '2013-01-11 18:02:35', b'0'),
(920, 31, 82, 882, '2013-01-11 18:02:14', b'1'),
(921, 31, 88, 897, '2013-01-11 18:02:55', b'0'),
(922, 31, 88, 898, '2013-01-11 18:03:33', b'0'),
(923, 31, 82, 887, '2013-01-11 18:03:15', b'1'),
(924, 31, 88, 899, '2013-01-11 18:03:56', b'0'),
(925, 31, 88, 900, '2013-01-11 18:04:25', b'0'),
(926, 31, 88, 903, '2013-01-11 18:04:58', b'0'),
(927, 31, 82, 891, '2013-01-11 18:05:23', b'1'),
(928, 31, 82, 893, '2013-01-11 18:06:18', b'1'),
(929, 31, 83, 896, '2013-01-11 18:06:08', b'1'),
(930, 31, 82, 900, '2013-01-11 18:07:47', b'1'),
(931, 31, 82, 901, '2013-01-11 18:08:03', b'1'),
(932, 31, 82, 902, '2013-01-11 18:08:17', b'1'),
(933, 31, 82, 903, '2013-01-11 18:08:44', b'1'),
(938, 32, 87, 904, '2013-01-12 21:16:14', b'0'),
(936, 32, 1, 904, '2013-01-12 11:16:22', b'0'),
(937, 32, 1, 905, '2013-01-12 11:16:59', b'0'),
(939, 32, 93, 905, NULL, b'0'),
(940, 32, 94, 906, NULL, b'0'),
(941, 0, 52, 0, NULL, b'0'),
(942, 0, 52, 0, NULL, b'0'),
(948, 33, 98, 923, '2013-01-15 11:33:59', b'0'),
(945, 33, 103, 918, '2013-01-15 11:15:11', b'0'),
(946, 33, 101, 961, '2013-01-15 11:20:10', b'0'),
(947, 33, 51, 938, '2013-01-15 11:18:06', b'0'),
(949, 33, 100, 923, '2013-01-15 11:33:51', b'0'),
(953, 33, 52, 965, '2013-01-15 11:25:05', b'0'),
(952, 33, 102, 975, '2013-01-15 11:22:03', b'0'),
(958, 33, 97, 917, '2013-01-15 11:29:49', b'0'),
(956, 33, 103, 922, '2013-01-15 11:21:31', b'0'),
(957, 33, 99, 917, '2013-01-15 11:22:28', b'0'),
(959, 33, 51, 940, '2013-01-15 11:24:43', b'0'),
(960, 33, 101, 942, '2013-01-15 11:22:03', b'0'),
(961, 33, 103, 928, '2013-01-15 11:28:06', b'0'),
(962, 33, 102, 918, '2013-01-15 11:34:03', b'0'),
(963, 33, 101, 938, '2013-01-15 11:32:57', b'0'),
(975, 33, 97, 920, '2013-01-15 11:35:35', b'0'),
(965, 33, 51, 939, '2013-01-15 11:28:05', b'0'),
(967, 33, 105, 919, '2013-01-15 11:35:47', b'0'),
(969, 33, 51, 941, '2013-01-15 11:33:07', b'0'),
(970, 33, 103, 927, '2013-01-15 11:34:25', b'0'),
(977, 33, 99, 919, '2013-01-15 11:34:49', b'0'),
(976, 33, 52, 966, '2013-01-15 11:38:44', b'0'),
(978, 33, 51, 942, '2013-01-15 11:35:04', b'0'),
(979, 33, 102, 920, '2013-01-15 11:39:09', b'0'),
(980, 33, 98, 975, '2013-01-15 11:45:26', b'0'),
(981, 33, 100, 921, '2013-01-15 11:42:42', b'0'),
(982, 33, 99, 921, '2013-01-15 11:39:35', b'0'),
(983, 33, 51, 943, '2013-01-15 11:38:35', b'0'),
(984, 33, 103, 925, '2013-01-15 11:41:29', b'0'),
(985, 33, 97, 924, '2013-01-15 11:38:07', b'0'),
(986, 33, 105, 922, '2013-01-15 11:40:15', b'0'),
(987, 33, 101, 929, '2013-01-15 11:42:19', b'0'),
(988, 33, 97, 925, '2013-01-15 11:41:08', b'0'),
(989, 33, 51, 944, '2013-01-15 11:42:07', b'0'),
(990, 33, 52, 964, '2013-01-15 11:49:49', b'0'),
(991, 33, 102, 940, '2013-01-15 11:46:39', b'0'),
(992, 33, 99, 924, '2013-01-15 11:46:13', b'0'),
(993, 33, 105, 926, '2013-01-15 11:43:31', b'0'),
(994, 33, 97, 0, '2013-01-15 13:38:40', b'0'),
(995, 33, 97, 926, '2013-01-15 13:24:17', b'0'),
(996, 33, 103, 932, '2013-01-15 11:46:27', b'0'),
(997, 33, 101, 947, '2013-01-15 11:53:32', b'0'),
(998, 33, 100, 927, '2013-01-15 11:54:19', b'0'),
(999, 33, 97, 0, NULL, b'0'),
(1000, 33, 97, 928, '2013-01-15 11:46:31', b'0'),
(1001, 33, 105, 929, '2013-01-15 11:49:42', b'0'),
(1002, 33, 51, 945, '2013-01-15 11:51:50', b'0'),
(1003, 33, 99, 930, '2013-01-15 11:51:43', b'0'),
(1004, 33, 98, 930, '2013-01-15 11:58:04', b'0'),
(1005, 33, 103, 952, '2013-01-15 12:00:02', b'0'),
(1006, 33, 102, 934, '2013-01-15 11:51:45', b'0'),
(1007, 33, 97, 931, '2013-01-15 11:50:32', b'0'),
(1008, 33, 105, 931, '2013-01-15 11:52:41', b'0'),
(1009, 33, 97, 0, NULL, b'0'),
(1010, 33, 97, 0, NULL, b'0'),
(1011, 33, 97, 932, '2013-01-15 11:54:47', b'0'),
(1034, 33, 51, 949, '2013-01-15 12:09:51', b'0'),
(1013, 33, 99, 933, '2013-01-15 12:01:49', b'0'),
(1014, 33, 51, 946, '2013-01-15 11:57:52', b'0'),
(1015, 33, 105, 933, '2013-01-15 11:58:00', b'0'),
(1016, 33, 101, 954, '2013-01-15 12:00:51', b'0'),
(1018, 33, 97, 934, '2013-01-15 12:00:45', b'0'),
(1020, 33, 51, 947, '2013-01-15 12:03:46', b'0'),
(1021, 33, 105, 935, '2013-01-15 12:12:05', b'0'),
(1022, 33, 98, 935, '2013-01-15 12:06:42', b'0'),
(1023, 33, 103, 936, '2013-01-15 12:01:52', b'0'),
(1024, 33, 101, 956, '2013-01-15 12:03:50', b'0'),
(1025, 33, 97, 936, '2013-01-15 12:03:03', b'0'),
(1030, 33, 99, 943, '2013-01-15 12:13:55', b'0'),
(1027, 33, 103, 937, '2013-01-15 12:08:05', b'0'),
(1028, 33, 97, 0, NULL, b'0'),
(1029, 33, 97, 941, '2013-01-15 12:05:05', b'0'),
(1031, 33, 101, 944, '2013-01-15 12:08:36', b'0'),
(1032, 33, 51, 948, '2013-01-15 12:06:47', b'0'),
(1033, 33, 97, 937, '2013-01-15 12:09:24', b'0'),
(1035, 33, 102, 945, '2013-01-15 12:13:20', b'0'),
(1037, 33, 98, 974, '2013-01-15 12:17:10', b'0'),
(1038, 33, 103, 946, '2013-01-15 12:18:16', b'0'),
(1039, 33, 101, 962, '2013-01-15 12:19:54', b'0'),
(1040, 33, 97, 939, '2013-01-15 12:13:42', b'0'),
(1041, 33, 51, 950, '2013-01-15 12:13:45', b'0'),
(1042, 33, 105, 948, '2013-01-15 12:17:14', b'0'),
(1043, 33, 102, 958, '2013-01-15 12:19:08', b'0'),
(1044, 33, 51, 951, '2013-01-15 12:20:35', b'0'),
(1045, 33, 97, 949, '2013-01-15 12:18:35', b'0'),
(1046, 33, 99, 950, '2013-01-15 12:18:02', b'0'),
(1047, 33, 98, 951, '2013-01-15 12:28:24', b'0'),
(1048, 33, 105, 952, '2013-01-15 12:22:29', b'0'),
(1049, 33, 99, 953, '2013-01-15 12:20:21', b'0'),
(1050, 33, 103, 960, '2013-01-15 12:20:21', b'0'),
(1051, 33, 97, 953, '2013-01-15 13:39:24', b'0'),
(1052, 33, 102, 974, '2013-01-15 12:21:10', b'0'),
(1053, 33, 101, 971, '2013-01-15 12:25:02', b'0'),
(1070, 33, 99, 957, '2013-01-15 12:36:37', b'0'),
(1055, 33, 103, 965, '2013-01-15 12:25:12', b'0'),
(1056, 33, 97, 0, NULL, b'0'),
(1057, 33, 97, 0, NULL, b'0'),
(1058, 33, 97, 957, '2013-01-15 12:25:25', b'0'),
(1059, 33, 105, 955, '2013-01-15 12:28:37', b'0'),
(1060, 33, 51, 976, '2013-01-15 12:28:01', b'0'),
(1061, 33, 101, 966, '2013-01-15 12:49:54', b'0'),
(1062, 33, 97, 0, NULL, b'0'),
(1063, 33, 97, 955, '2013-01-15 12:27:18', b'0'),
(1064, 33, 103, 970, '2013-01-15 12:29:48', b'0'),
(1065, 33, 97, 958, '2013-01-15 12:29:22', b'0'),
(1066, 33, 51, 973, '2013-01-15 12:45:54', b'0'),
(1086, 33, 101, 964, '2013-01-15 12:53:47', b'0'),
(1068, 33, 103, 969, '2013-01-15 12:33:46', b'0'),
(1069, 33, 105, 954, '2013-01-15 12:58:09', b'0'),
(1071, 33, 98, 972, '2013-01-15 12:48:52', b'0'),
(1072, 33, 97, 0, NULL, b'0'),
(1088, 33, 99, 956, '2013-01-15 12:54:30', b'0'),
(1074, 33, 99, 0, NULL, b'0'),
(1075, 33, 99, 959, '2013-01-15 12:39:37', b'0'),
(1076, 33, 99, 960, '2013-01-15 12:48:35', b'0'),
(1077, 33, 102, 963, '2013-01-15 12:47:15', b'0'),
(1078, 33, 103, 963, '2013-01-15 12:51:53', b'0'),
(1079, 33, 51, 959, '2013-01-15 12:53:34', b'0'),
(1080, 33, 102, 968, '2013-01-15 12:49:53', b'0'),
(1081, 33, 99, 0, NULL, b'0'),
(1087, 33, 102, 962, '2013-01-15 12:56:00', b'0'),
(1083, 33, 98, 961, '2013-01-15 12:54:56', b'0'),
(1089, 33, 103, 972, '2013-01-15 12:54:08', b'0'),
(1090, 0, 97, 0, NULL, b'0'),
(1091, 33, 51, 967, '2013-01-15 12:57:24', b'0'),
(1102, 33, 101, 970, '2013-01-15 13:01:20', b'0'),
(1093, 33, 103, 968, '2013-01-15 12:59:38', b'0'),
(1094, 33, 99, 967, '2013-01-15 12:58:03', b'0'),
(1114, 33, 83, 920, '2013-01-15 13:22:01', b'1'),
(1096, 33, 102, 971, '2013-01-15 12:58:30', b'0'),
(1099, 33, 97, 973, '2013-01-15 13:02:22', b'0'),
(1100, 33, 105, 976, '2013-01-15 13:07:17', b'0'),
(1101, 33, 99, 976, '2013-01-15 13:01:24', b'0'),
(1124, 33, 82, 952, '2013-01-15 13:21:21', b'1'),
(1104, 33, 82, 920, '2013-01-15 13:02:30', b'1'),
(1105, 33, 82, 925, '2013-01-15 13:03:06', b'1'),
(1125, 33, 108, 976, '2013-01-15 13:20:02', b'1'),
(1107, 33, 82, 923, '2013-01-15 13:03:40', b'1'),
(1108, 33, 83, 923, '2013-01-15 13:04:33', b'1'),
(1109, 33, 108, 943, '2013-01-15 13:08:59', b'1'),
(1110, 33, 106, 917, '2013-01-15 13:13:36', b'1'),
(1111, 33, 82, 927, '2013-01-15 13:14:54', b'1'),
(1112, 33, 84, 975, '2013-01-15 13:14:10', b'1'),
(1113, 33, 83, 976, '2013-01-15 13:10:23', b'1'),
(1115, 33, 90, 976, '2013-01-15 13:24:57', b'1'),
(1116, 33, 106, 943, '2013-01-15 13:16:16', b'1'),
(1117, 33, 84, 947, '2013-01-15 13:22:33', b'1'),
(1118, 33, 106, 919, '2013-01-15 13:17:32', b'1'),
(1119, 33, 106, 920, '2013-01-15 13:18:17', b'1'),
(1120, 33, 82, 931, '2013-01-15 13:16:42', b'1'),
(1121, 33, 82, 937, '2013-01-15 13:19:23', b'1'),
(1122, 33, 106, 935, '2013-01-15 13:22:58', b'1'),
(1123, 33, 106, 921, '2013-01-15 13:20:23', b'1'),
(1126, 33, 106, 922, '2013-01-15 13:23:01', b'1'),
(1127, 33, 83, 922, '2013-01-15 13:26:11', b'1'),
(1128, 33, 97, 974, '2013-01-15 13:22:43', b'1'),
(1129, 33, 106, 923, '2013-01-15 13:23:24', b'1'),
(1130, 33, 106, 953, '2013-01-15 13:23:13', b'1'),
(1131, 33, 106, 924, '2013-01-15 13:27:19', b'1'),
(1132, 33, 82, 944, '2013-01-15 13:24:15', b'1'),
(1133, 33, 97, 933, '2013-01-15 13:28:10', b'1'),
(1134, 33, 90, 924, '2013-01-15 13:30:17', b'1'),
(1135, 33, 82, 957, '2013-01-15 13:26:03', b'1'),
(1136, 33, 106, 949, '2013-01-15 13:27:16', b'1'),
(1137, 33, 82, 951, '2013-01-15 13:28:01', b'1'),
(1138, 33, 83, 929, '2013-01-15 13:29:14', b'1'),
(1139, 33, 106, 925, '2013-01-15 13:29:33', b'1'),
(1140, 33, 106, 936, '2013-01-15 13:33:11', b'1'),
(1141, 33, 84, 0, '2013-01-15 13:27:56', b'1'),
(1142, 33, 106, 945, '2013-01-15 13:29:40', b'1'),
(1143, 33, 82, 938, '2013-01-15 13:28:23', b'1'),
(1144, 33, 97, 960, '2013-01-15 13:29:34', b'1'),
(1145, 33, 82, 974, '2013-01-15 13:28:32', b'1'),
(1146, 33, 84, 938, '2013-01-15 13:31:54', b'1'),
(1147, 33, 82, 954, '2013-01-15 13:32:28', b'1'),
(1148, 33, 83, 936, '2013-01-15 13:29:22', b'1'),
(1149, 33, 106, 930, '2013-01-15 13:32:45', b'1'),
(1150, 33, 106, 959, '2013-01-15 13:32:52', b'1'),
(1151, 33, 97, 963, '2013-01-15 13:30:12', b'1'),
(1152, 33, 83, 941, '2013-01-15 13:32:28', b'1'),
(1153, 33, 90, 930, '2013-01-15 13:30:31', b'1'),
(1154, 33, 90, 970, '2013-01-15 13:33:35', b'1'),
(1155, 33, 97, 967, '2013-01-15 13:31:25', b'1'),
(1156, 33, 97, 966, '2013-01-15 13:33:53', b'1'),
(1157, 33, 84, 970, '2013-01-15 13:35:58', b'1'),
(1158, 33, 83, 944, '2013-01-15 13:35:36', b'1'),
(1159, 33, 106, 974, '2013-01-15 13:36:20', b'1'),
(1160, 33, 82, 961, '2013-01-15 13:35:48', b'1'),
(1161, 33, 106, 944, '2013-01-15 13:33:17', b'1'),
(1162, 33, 90, 944, '2013-01-15 13:36:52', b'1'),
(1163, 33, 97, 944, '2013-01-15 13:35:05', b'1'),
(1164, 33, 106, 973, '2013-01-15 13:38:47', b'1'),
(1165, 33, 97, 961, '2013-01-15 13:38:17', b'1'),
(1166, 33, 83, 953, '2013-01-15 13:35:51', b'1'),
(1167, 33, 82, 962, '2013-01-15 13:35:54', b'1'),
(1168, 33, 82, 964, '2013-01-15 13:39:20', b'1'),
(1169, 33, 106, 964, '2013-01-15 13:37:48', b'1'),
(1170, 33, 83, 964, '2013-01-15 13:40:16', b'1'),
(1171, 33, 84, 958, '2013-01-15 13:36:57', b'1'),
(1172, 33, 90, 953, '2013-01-15 13:40:00', b'1'),
(1173, 33, 106, 955, '2013-01-15 13:40:05', b'1'),
(1174, 33, 106, 958, '2013-01-15 13:43:28', b'1'),
(1175, 33, 82, 953, '2013-01-15 13:40:20', b'1'),
(1176, 33, 97, 962, '2013-01-15 13:44:36', b'1'),
(1177, 33, 90, 955, '2013-01-15 13:44:05', b'1'),
(1178, 33, 106, 962, '2013-01-15 13:41:13', b'1'),
(1179, 33, 82, 958, '2013-01-15 13:40:26', b'1'),
(1180, 33, 83, 962, '2013-01-15 13:40:27', b'1'),
(1181, 33, 106, 956, '2013-01-15 13:40:33', b'1'),
(1182, 33, 82, 956, '2013-01-15 13:41:26', b'1'),
(1190, 34, 93, 983, '2013-05-15 13:12:30', b'0'),
(1184, 34, 114, 1028, NULL, b'0'),
(1185, 34, 98, 977, '2013-05-15 13:11:38', b'0'),
(1186, 34, 113, 991, '2013-05-15 13:11:08', b'0'),
(1188, 34, 52, 991, '2013-05-15 13:13:02', b'0'),
(1189, 34, 101, 977, '2013-05-15 13:10:50', b'0'),
(1191, 34, 112, 994, '2013-05-15 13:14:28', b'0'),
(1192, 34, 101, 992, '2013-05-15 13:14:11', b'0'),
(1196, 34, 38, 981, '2013-05-15 13:26:03', b'0'),
(1194, 34, 113, 1027, '2013-05-15 13:14:06', b'0'),
(1195, 34, 98, 1028, '2013-05-15 13:16:25', b'0'),
(1197, 34, 93, 1029, '2013-05-15 13:16:09', b'0'),
(1198, 34, 52, 1009, '2013-05-15 13:14:23', b'0'),
(1199, 34, 101, 999, '2013-05-15 13:17:57', b'0'),
(1200, 34, 113, 989, '2013-05-15 13:16:27', b'0'),
(1201, 34, 52, 992, '2013-05-15 13:18:51', b'0'),
(1202, 34, 112, 1020, '2013-05-15 13:18:27', b'0'),
(1208, 34, 98, 978, '2013-05-15 13:26:19', b'0'),
(1204, 34, 98, 1008, '2013-05-15 13:20:36', b'0'),
(1205, 34, 113, 1019, NULL, b'0'),
(1206, 34, 101, 1008, '2013-05-15 13:20:46', b'0'),
(1207, 34, 52, 1020, '2013-05-15 13:24:44', b'0'),
(1212, 34, 52, 985, '2013-05-15 13:33:12', b'0'),
(1210, 34, 67, 999, '2013-05-15 13:23:45', b'0'),
(1213, 34, 67, 993, '2013-05-15 13:36:59', b'0'),
(1214, 34, 38, 1029, '2013-05-15 13:28:51', b'0'),
(1215, 34, 98, 979, '2013-05-15 13:30:53', b'0'),
(1216, 34, 93, 1011, '2013-05-15 13:32:50', b'0'),
(1217, 34, 38, 1007, '2013-05-15 13:33:16', b'0'),
(1218, 34, 98, 990, '2013-05-15 13:37:42', b'0'),
(1219, 34, 101, 1001, '2013-05-15 13:35:14', b'0'),
(1220, 34, 93, 997, '2013-05-15 13:39:48', b'0'),
(1221, 34, 38, 1002, '2013-05-15 13:38:11', b'0'),
(1222, 34, 52, 995, '2013-05-15 13:38:11', b'0'),
(1224, 34, 101, 981, '2013-05-15 13:38:51', b'0'),
(1225, 34, 98, 980, '2013-05-15 13:41:43', b'0'),
(1226, 34, 67, 979, '2013-05-15 13:50:07', b'0'),
(1227, 34, 52, 1011, '2013-05-15 13:47:28', b'0'),
(1228, 34, 38, 336, '2013-05-15 13:44:38', b'0'),
(1229, 34, 101, 1002, '2013-05-15 13:41:35', b'0'),
(1230, 34, 93, 998, '2013-05-15 13:44:28', b'0'),
(1231, 34, 101, 1000, '2013-05-15 13:44:20', b'0'),
(1232, 34, 98, 1021, '2013-05-15 13:42:27', b'0'),
(1233, 34, 98, 1000, '2013-05-15 13:47:37', b'0'),
(1234, 34, 101, 1004, '2013-05-15 13:48:16', b'0'),
(1235, 34, 93, 1032, '2013-05-15 13:49:28', b'0'),
(1236, 34, 38, 1030, '2013-05-15 13:51:02', b'0'),
(1237, 34, 52, 990, '2013-05-15 13:56:09', b'0'),
(1238, 34, 98, 1010, '2013-05-15 13:52:29', b'0'),
(1239, 34, 101, 1021, '2013-05-15 13:51:33', b'0'),
(1240, 34, 93, 996, '2013-05-15 13:55:47', b'0'),
(1241, 34, 67, 978, '2013-05-15 14:08:51', b'0'),
(1242, 34, 38, 993, '2013-05-15 13:58:16', b'0'),
(1243, 34, 101, 1012, '2013-05-15 13:54:09', b'0'),
(1244, 34, 98, 1001, '2013-05-15 13:56:13', b'0'),
(1245, 34, 101, 980, '2013-05-15 13:57:08', b'0'),
(1249, 34, 98, 1012, '2013-05-15 14:01:35', b'0'),
(1248, 34, 52, 1027, '2013-05-15 14:08:08', b'0'),
(1250, 34, 101, 994, '2013-05-15 14:00:07', b'0'),
(1251, 34, 93, 1009, '2013-05-15 14:02:53', b'0'),
(1252, 34, 38, 1024, '2013-05-15 14:07:58', b'0'),
(1253, 34, 101, 1003, '2013-05-15 14:03:05', b'0'),
(1254, 34, 98, 1013, '2013-05-15 14:03:29', b'0'),
(1255, 34, 93, 1006, '2013-05-15 14:13:12', b'0'),
(1256, 34, 101, 1005, '2013-05-15 14:12:41', b'0'),
(1257, 34, 98, 1003, '2013-05-15 14:07:22', b'0'),
(1258, 34, 98, 982, '2013-05-15 14:12:32', b'0'),
(1259, 34, 38, 1033, '2013-05-15 14:14:27', b'0'),
(1260, 34, 52, 1004, '2013-05-15 14:14:14', b'0'),
(1261, 34, 98, 1030, '2013-05-15 14:14:57', b'0'),
(1262, 34, 101, 1013, '2013-05-15 14:15:30', b'0'),
(1263, 34, 93, 1022, '2013-05-15 14:16:44', b'0'),
(1264, 34, 52, 1032, '2013-05-15 14:20:22', b'0'),
(1266, 34, 98, 1022, '2013-05-15 14:19:11', b'0'),
(1267, 34, 101, 1014, '2013-05-15 14:18:12', b'0'),
(1269, 34, 38, 1005, '2013-05-15 14:22:28', b'0'),
(1270, 34, 93, 1034, '2013-05-15 14:19:29', b'0'),
(1271, 34, 101, 983, '2013-05-15 14:19:52', b'0'),
(1272, 34, 98, 1023, '2013-05-15 14:21:36', b'0'),
(1273, 34, 93, 1010, '2013-05-15 14:22:27', b'0'),
(1274, 34, 101, 1006, '2013-05-15 14:21:15', b'0'),
(1275, 34, 52, 1024, '2013-05-15 14:28:25', b'0'),
(1276, 34, 101, 996, '2013-05-15 14:30:27', b'0'),
(1277, 34, 98, 1031, '2013-05-15 14:30:16', b'0'),
(1278, 34, 93, 1035, '2013-05-15 14:26:54', b'0'),
(1279, 34, 38, 989, '2013-05-15 14:30:46', b'0'),
(1280, 34, 93, 1014, '2013-05-15 14:32:41', b'0'),
(1283, 34, 67, 995, '2013-05-15 14:40:43', b'0'),
(1282, 34, 52, 1035, '2013-05-15 14:35:42', b'0'),
(1287, 34, 101, 997, '2013-05-15 14:36:09', b'0'),
(1285, 34, 38, 1019, '2013-05-15 14:37:20', b'0'),
(1286, 34, 93, 1023, '2013-05-15 14:38:00', b'0'),
(1288, 34, 52, 988, '2013-05-15 14:40:47', b'0'),
(1290, 34, 101, 985, '2013-05-15 14:39:09', b'0'),
(1291, 34, 98, 1015, '2013-05-15 14:41:43', b'0'),
(1292, 34, 38, 1016, '2013-05-15 14:42:45', b'0'),
(1293, 34, 93, 1026, '2013-05-15 14:48:16', b'0'),
(1294, 34, 101, 982, '2013-05-15 14:43:51', b'0'),
(1295, 34, 67, 1031, '2013-05-15 14:57:43', b'0'),
(1296, 34, 98, 1016, '2013-05-15 14:48:17', b'0'),
(1297, 34, 38, 998, '2013-05-15 14:51:01', b'0'),
(1298, 34, 101, 1015, '2013-05-15 14:46:24', b'0'),
(1299, 34, 101, 1017, '2013-05-15 14:49:40', b'0'),
(1300, 34, 98, 984, '2013-05-15 14:51:02', b'0'),
(1302, 34, 93, 1007, '2013-05-15 14:51:53', b'0'),
(1303, 34, 101, 984, '2013-05-15 14:52:32', b'0'),
(1304, 34, 98, 1033, '2013-05-15 14:53:30', b'0'),
(1305, 34, 38, 988, '2013-05-15 14:59:38', b'0'),
(1306, 34, 101, 336, '2013-05-15 14:54:19', b'0'),
(1307, 34, 83, 1003, '2013-05-15 14:55:32', b'1'),
(1308, 34, 98, 1034, '2013-05-15 14:57:27', b'0'),
(1309, 34, 101, 1026, '2013-05-15 14:56:44', b'0'),
(1310, 34, 83, 999, '2013-05-15 14:55:48', b'1'),
(1311, 34, 101, 1025, '2013-05-15 14:58:09', b'0'),
(1312, 34, 98, 1018, '2013-05-15 15:03:42', b'0'),
(1313, 34, 101, 987, '2013-05-15 15:00:01', b'0'),
(1318, 34, 101, 1018, '2013-05-15 15:04:25', b'0'),
(1315, 34, 101, 986, '2013-05-15 15:01:40', b'0'),
(1320, 34, 38, 986, '2013-05-15 15:09:47', b'0'),
(1317, 34, 83, 1000, '2013-05-15 15:00:43', b'1'),
(1322, 34, 98, 987, '2013-05-15 15:11:43', b'0'),
(1321, 34, 116, 1017, '2013-05-15 15:07:16', b'0'),
(1323, 34, 116, 1025, '2013-05-15 15:08:43', b'0'),
(1324, 34, 85, 977, '2013-05-15 15:11:08', b'1'),
(1325, 34, 85, 992, '2013-05-15 15:11:45', b'1'),
(1326, 34, 85, 1008, '2013-05-15 15:11:57', b'1'),
(1327, 34, 85, 980, '2013-05-15 15:13:16', b'1'),
(1328, 34, 90, 1028, '2013-05-15 15:18:45', b'1'),
(1329, 34, 85, 991, '2013-05-15 15:14:04', b'1'),
(1330, 34, 83, 995, '2013-05-15 15:15:01', b'1'),
(1331, 34, 85, 1023, '2013-05-15 15:14:51', b'1'),
(1332, 34, 85, 1010, '2013-05-15 15:15:26', b'1'),
(1333, 34, 106, 1020, '2013-05-15 15:17:47', b'1'),
(1334, 34, 83, 1012, '2013-05-15 15:18:37', b'1'),
(1335, 34, 85, 997, '2013-05-15 15:16:29', b'1'),
(1336, 34, 85, 1013, '2013-05-15 15:18:03', b'1'),
(1337, 34, 106, 993, '2013-05-15 15:17:53', b'1'),
(1338, 34, 85, 1011, '2013-05-15 15:18:34', b'1'),
(1339, 34, 106, 981, '2013-05-15 15:20:33', b'1'),
(1340, 34, 85, 1021, '2013-05-15 15:20:52', b'1'),
(1341, 34, 83, 1016, '2013-05-15 15:23:07', b'1'),
(1342, 34, 90, 0, '2013-05-15 15:18:55', b'1'),
(1343, 34, 90, 1009, '2013-05-15 15:20:14', b'1'),
(1344, 34, 106, 1029, '2013-05-15 15:21:38', b'1'),
(1345, 34, 85, 1015, '2013-05-15 15:21:26', b'1'),
(1346, 34, 85, 1019, '2013-05-15 15:23:29', b'1'),
(1347, 34, 106, 990, '2013-05-15 15:21:45', b'1'),
(1348, 34, 106, 1027, '2013-05-15 15:23:53', b'1'),
(1349, 34, 90, 994, '2013-05-15 15:29:26', b'1'),
(1350, 34, 83, 1002, '2013-05-15 15:24:04', b'1'),
(1351, 34, 85, 1007, '2013-05-15 15:24:17', b'1'),
(1352, 34, 106, 1026, '2013-05-15 15:24:20', b'1'),
(1353, 34, 83, 982, '2013-05-15 15:26:19', b'1'),
(1354, 34, 85, 336, '2013-05-15 15:25:09', b'1'),
(1355, 34, 106, 986, '2013-05-15 15:25:27', b'1'),
(1356, 34, 85, 1024, '2013-05-15 15:27:02', b'1'),
(1357, 34, 106, 1006, '2013-05-15 15:26:56', b'1'),
(1358, 34, 83, 1005, '2013-05-15 15:29:09', b'1'),
(1359, 34, 106, 1025, '2013-05-15 15:27:05', b'1'),
(1360, 34, 106, 1001, '2013-05-15 15:28:00', b'1'),
(1361, 34, 83, 1018, '2013-05-15 15:29:57', b'1'),
(1362, 34, 83, 1030, '2013-05-15 15:31:26', b'1'),
(1363, 34, 90, 1022, '2013-05-15 15:31:15', b'1'),
(1364, 34, 83, 983, '2013-05-15 15:32:21', b'1'),
(1365, 34, 83, 984, '2013-05-15 15:33:04', b'1'),
(1366, 34, 83, 1035, '2013-05-15 15:34:10', b'1'),
(1369, 35, 98, 1037, '2013-05-16 10:57:47', b'0'),
(1370, 35, 96, 1040, '2013-05-16 10:57:34', b'0'),
(1371, 35, 52, 1110, '2013-05-16 10:59:53', b'0'),
(1372, 35, 101, 1038, '2013-05-16 10:55:56', b'0'),
(1373, 35, 105, 1110, '2013-05-16 10:56:07', b'0'),
(1374, 35, 99, 1036, '2013-05-16 10:57:31', b'0'),
(1375, 35, 117, 1109, '2013-05-16 11:00:55', b'0'),
(1376, 35, 74, 1036, '2013-05-16 10:58:30', b'0'),
(1377, 35, 93, 1046, '2013-05-16 11:04:31', b'0'),
(1378, 35, 119, 1108, '2013-05-16 10:59:29', b'0'),
(1379, 35, 101, 1043, '2013-05-16 10:58:35', b'0'),
(1380, 35, 105, 974, '2013-05-16 10:59:47', b'0'),
(1381, 35, 118, 1038, '2013-05-16 11:02:47', b'0'),
(1385, 35, 99, 1037, '2013-05-16 11:06:16', b'0'),
(1386, 35, 74, 918, '2013-05-16 11:03:56', b'0'),
(1384, 35, 98, 918, '2013-05-16 11:04:18', b'0'),
(1387, 35, 101, 1047, '2013-05-16 11:14:08', b'0'),
(1389, 35, 119, 1106, '2013-05-16 11:06:34', b'0'),
(1390, 35, 105, 973, '2013-05-16 11:12:48', b'0'),
(1391, 35, 52, 974, '2013-05-16 11:05:33', b'0'),
(1392, 35, 117, 1039, '2013-05-16 11:06:13', b'0'),
(1393, 35, 96, 1041, '2013-05-16 11:06:56', b'0'),
(1394, 35, 118, 1039, '2013-05-16 11:10:48', b'0'),
(1395, 35, 74, 1040, '2013-05-16 11:06:35', b'0'),
(1396, 35, 98, 1041, '2013-05-16 11:07:04', b'0'),
(1397, 35, 93, 1053, '2013-05-16 11:13:14', b'0'),
(1398, 35, 52, 1109, '2013-05-16 11:16:23', b'0'),
(1399, 35, 117, 1043, '2013-05-16 11:09:03', b'0'),
(1423, 35, 99, 1042, '2013-05-16 11:19:08', b'0'),
(1407, 35, 74, 1044, '2013-05-16 11:15:51', b'0'),
(1402, 35, 98, 923, '2013-05-16 11:13:54', b'0'),
(1403, 35, 119, 1049, '2013-05-16 11:11:02', b'0'),
(1404, 35, 96, 923, '2013-05-16 11:14:47', b'0'),
(1405, 35, 117, 1044, '2013-05-16 11:16:55', b'0'),
(1408, 35, 119, 1096, '2013-05-16 11:16:20', b'0'),
(1414, 35, 101, 1060, '2013-05-16 11:15:02', b'0'),
(1410, 35, 118, 1045, '2013-05-16 11:21:42', b'0'),
(1411, 35, 93, 1045, '2013-05-16 11:18:51', b'0'),
(1413, 35, 98, 1047, '2013-05-16 11:19:44', b'0'),
(1415, 35, 105, 1049, '2013-05-16 11:21:45', b'0'),
(1416, 35, 101, 1058, '2013-05-16 11:17:20', b'0'),
(1417, 35, 96, 1046, '2013-05-16 11:19:12', b'0'),
(1418, 35, 74, 1048, '2013-05-16 11:21:18', b'0'),
(1419, 35, 52, 973, '2013-05-16 11:24:07', b'0'),
(1420, 35, 119, 1102, '2013-05-16 11:23:04', b'0'),
(1421, 35, 117, 1048, '2013-05-16 11:22:04', b'0'),
(1422, 35, 101, 1062, '2013-05-16 11:19:48', b'0'),
(1424, 35, 93, 1061, '2013-05-16 11:23:16', b'0'),
(1425, 35, 99, 925, '2013-05-16 11:23:45', b'0'),
(1426, 35, 96, 925, '2013-05-16 11:25:10', b'0'),
(1427, 35, 98, 972, '2013-05-16 11:20:30', b'0'),
(1428, 35, 101, 1059, '2013-05-16 11:22:32', b'0'),
(1429, 35, 98, 1050, '2013-05-16 11:28:12', b'0'),
(1430, 35, 74, 1050, '2013-05-16 11:24:44', b'0');
INSERT INTO `portfoliorating` (`PortfolioRatingID`, `RatingSessionID`, `UserID`, `StudentID`, `RatingCompletedTime`, `IsAdjudicator`) VALUES
(1431, 35, 118, 972, '2013-05-16 11:26:11', b'0'),
(1432, 35, 105, 1097, '2013-05-16 11:24:55', b'0'),
(1433, 35, 117, 1051, '2013-05-16 11:25:28', b'0'),
(1434, 35, 101, 1064, '2013-05-16 11:23:04', b'0'),
(1435, 35, 101, 1070, '2013-05-16 11:25:28', b'0'),
(1436, 35, 93, 1073, '2013-05-16 11:26:04', b'0'),
(1437, 35, 119, 952, '2013-05-16 11:26:59', b'0'),
(1438, 35, 99, 1051, '2013-05-16 11:30:02', b'0'),
(1439, 35, 52, 1108, '2013-05-16 11:29:56', b'0'),
(1440, 35, 74, 1052, '2013-05-16 11:26:14', b'0'),
(1441, 35, 105, 1042, '2013-05-16 11:25:35', b'0'),
(1442, 35, 96, 1052, '2013-05-16 11:27:22', b'0'),
(1443, 35, 101, 1075, '2013-05-16 11:27:49', b'0'),
(1444, 35, 117, 1053, '2013-05-16 11:29:25', b'0'),
(1445, 35, 105, 1061, '2013-05-16 11:29:16', b'0'),
(1446, 35, 93, 1062, '2013-05-16 11:30:50', b'0'),
(1447, 35, 118, 1107, '2013-05-16 11:27:29', b'0'),
(1448, 35, 74, 1054, '2013-05-16 11:28:44', b'0'),
(1449, 35, 119, 963, '2013-05-16 11:35:29', b'0'),
(1450, 35, 96, 1054, '2013-05-16 11:31:42', b'0'),
(1451, 35, 118, 1106, '2013-05-16 11:40:20', b'0'),
(1452, 35, 101, 1057, '2013-05-16 11:29:09', b'0'),
(1453, 35, 98, 1053, '2013-05-16 11:38:24', b'0'),
(1454, 35, 74, 1055, '2013-05-16 11:35:36', b'0'),
(1455, 35, 101, 1082, '2013-05-16 11:30:48', b'0'),
(1456, 35, 105, 956, '2013-05-16 11:33:42', b'0'),
(1457, 35, 117, 1057, '2013-05-16 11:33:21', b'0'),
(1458, 35, 99, 1055, '2013-05-16 11:33:52', b'0'),
(1463, 35, 93, 1079, '2013-05-16 11:35:45', b'0'),
(1462, 35, 52, 970, '2013-05-16 11:37:00', b'0'),
(1464, 35, 96, 1060, '2013-05-16 11:33:45', b'0'),
(1465, 35, 101, 1083, '2013-05-16 11:34:34', b'0'),
(1466, 35, 117, 1058, '2013-05-16 11:38:04', b'0'),
(1467, 35, 96, 1063, '2013-05-16 11:36:59', b'0'),
(1468, 35, 105, 1093, '2013-05-16 11:39:20', b'0'),
(1469, 35, 99, 1102, '2013-05-16 11:36:15', b'0'),
(1470, 35, 101, 1081, '2013-05-16 11:36:35', b'0'),
(1471, 35, 74, 1056, '2013-05-16 11:39:45', b'0'),
(1472, 35, 119, 1089, '2013-05-16 11:40:05', b'0'),
(1473, 35, 101, 1105, '2013-05-16 11:37:10', b'0'),
(1474, 35, 96, 1093, '2013-05-16 11:42:10', b'0'),
(1475, 35, 101, 1079, '2013-05-16 11:38:49', b'0'),
(1476, 35, 52, 1104, '2013-05-16 11:43:18', b'0'),
(1477, 35, 117, 1059, '2013-05-16 11:41:35', b'0'),
(1500, 35, 105, 1096, '2013-05-16 11:48:18', b'0'),
(1479, 35, 101, 1076, '2013-05-16 11:41:41', b'0'),
(1480, 35, 105, 1089, '2013-05-16 11:43:51', b'0'),
(1486, 35, 98, 1105, '2013-05-16 11:41:08', b'0'),
(1489, 35, 74, 1063, '2013-05-16 11:41:15', b'0'),
(1490, 35, 98, 1107, '2013-05-16 11:41:22', b'0'),
(1491, 35, 74, 1064, '2013-05-16 11:41:35', b'0'),
(1492, 35, 93, 1066, '2013-05-16 11:44:02', b'0'),
(1493, 35, 98, 970, '2013-05-16 12:10:41', b'0'),
(1494, 35, 118, 1103, '2013-05-16 11:47:15', b'0'),
(1495, 35, 74, 1065, '2013-05-16 11:47:46', b'0'),
(1496, 35, 101, 1085, '2013-05-16 11:47:47', b'0'),
(1497, 35, 117, 1065, '2013-05-16 11:45:28', b'0'),
(1498, 35, 119, 1095, '2013-05-16 11:47:30', b'0'),
(1499, 35, 96, 1094, '2013-05-16 11:44:53', b'0'),
(1501, 35, 52, 1103, '2013-05-16 11:49:25', b'0'),
(1502, 35, 93, 1101, '2013-05-16 11:46:23', b'0'),
(1503, 35, 99, 1056, '2013-05-16 11:47:19', b'0'),
(1504, 35, 96, 1095, '2013-05-16 11:51:46', b'0'),
(1505, 35, 117, 1066, '2013-05-16 11:49:00', b'0'),
(1506, 35, 93, 1087, '2013-05-16 11:51:48', b'0'),
(1507, 35, 99, 1068, '2013-05-16 11:56:18', b'0'),
(1508, 35, 118, 1067, '2013-05-16 11:58:18', b'0'),
(1509, 35, 119, 1087, '2013-05-16 11:56:55', b'0'),
(1510, 35, 101, 949, '2013-05-16 12:02:00', b'0'),
(1511, 35, 74, 1067, '2013-05-16 11:50:56', b'0'),
(1512, 35, 105, 1101, '2013-05-16 11:56:12', b'0'),
(1513, 35, 117, 1068, '2013-05-16 11:50:20', b'0'),
(1514, 35, 117, 1069, '2013-05-16 11:54:26', b'0'),
(1515, 35, 74, 1069, '2013-05-16 11:54:00', b'0'),
(1516, 35, 96, 1097, '2013-05-16 11:54:39', b'0'),
(1517, 35, 52, 1100, '2013-05-16 12:00:52', b'0'),
(1518, 35, 74, 1070, '2013-05-16 11:59:35', b'0'),
(1519, 35, 117, 1071, '2013-05-16 11:57:08', b'0'),
(1520, 35, 96, 1098, '2013-05-16 11:55:32', b'0'),
(1521, 35, 96, 1099, NULL, b'0'),
(1569, 35, 119, 954, '2013-05-16 12:21:47', b'0'),
(1523, 35, 99, 1071, '2013-05-16 11:59:45', b'0'),
(1524, 35, 117, 1072, '2013-05-16 11:59:58', b'0'),
(1525, 35, 118, 1078, '2013-05-16 12:08:01', b'0'),
(1526, 35, 119, 1081, '2013-05-16 12:02:10', b'0'),
(1527, 35, 74, 1072, '2013-05-16 12:02:38', b'0'),
(1528, 35, 99, 1073, '2013-05-16 12:03:22', b'0'),
(1529, 35, 117, 1074, '2013-05-16 12:02:01', b'0'),
(1536, 35, 52, 1076, '2013-05-16 12:11:27', b'0'),
(1531, 35, 101, 952, '2013-05-16 12:11:25', b'0'),
(1532, 35, 117, 1075, '2013-05-16 12:04:19', b'0'),
(1534, 35, 74, 1074, '2013-05-16 12:05:18', b'0'),
(1537, 35, 99, 1078, '2013-05-16 12:06:11', b'0'),
(1538, 35, 117, 1092, '2013-05-16 12:05:09', b'0'),
(1539, 35, 74, 1077, '2013-05-16 12:08:31', b'0'),
(1540, 35, 117, 1077, '2013-05-16 12:08:16', b'0'),
(1541, 35, 119, 1100, '2013-05-16 12:09:27', b'0'),
(1542, 35, 99, 1080, '2013-05-16 12:10:22', b'0'),
(1543, 35, 105, 1082, '2013-05-16 12:17:53', b'0'),
(1544, 35, 118, 956, '2013-05-16 12:12:32', b'0'),
(1545, 35, 117, 1090, '2013-05-16 12:11:26', b'0'),
(1546, 35, 74, 1080, '2013-05-16 12:12:37', b'0'),
(1547, 35, 119, 1104, '2013-05-16 12:11:09', b'0'),
(1548, 35, 98, 963, '2013-05-16 12:16:20', b'0'),
(1549, 35, 99, 949, '2013-05-16 12:12:40', b'0'),
(1550, 35, 101, 1099, '2013-05-16 12:13:04', b'0'),
(1551, 35, 117, 1083, '2013-05-16 12:12:10', b'0'),
(1552, 35, 117, 1084, '2013-05-16 12:14:26', b'0'),
(1560, 35, 74, 1084, '2013-05-16 12:15:46', b'0'),
(1554, 35, 118, 1085, '2013-05-16 12:16:21', b'0'),
(1555, 35, 101, 1094, '2013-05-16 12:18:32', b'0'),
(1557, 35, 99, 1098, '2013-05-16 12:14:25', b'0'),
(1558, 35, 99, 1086, '2013-05-16 12:16:31', b'0'),
(1559, 35, 117, 1088, '2013-05-16 12:15:43', b'0'),
(1561, 35, 52, 1086, '2013-05-16 12:24:40', b'0'),
(1562, 35, 117, 1091, '2013-05-16 12:17:54', b'0'),
(1563, 35, 74, 1088, '2013-05-16 12:17:16', b'0'),
(1564, 35, 98, 1092, '2013-05-16 12:17:38', b'0'),
(1565, 35, 118, 1091, '2013-05-16 12:18:22', b'0'),
(1566, 35, 99, 1090, '2013-05-16 12:19:35', b'0'),
(1567, 35, 74, 954, '2013-05-16 12:21:13', b'0'),
(1568, 35, 98, 1094, '2013-05-16 12:18:42', b'0'),
(1570, 35, 82, 1067, '2013-05-16 12:27:38', b'1'),
(1571, 35, 84, 1038, '2013-05-16 12:22:08', b'1'),
(1572, 35, 90, 1036, '2013-05-16 12:22:41', b'1'),
(1573, 35, 85, 1039, '2013-05-16 12:21:15', b'1'),
(1574, 35, 85, 1041, '2013-05-16 12:24:22', b'1'),
(1575, 35, 84, 1043, '2013-05-16 12:23:17', b'1'),
(1576, 35, 106, 1089, '2013-05-16 12:25:35', b'1'),
(1577, 35, 90, 1046, '2013-05-16 12:23:19', b'1'),
(1578, 35, 108, 1045, '2013-05-16 12:25:35', b'1'),
(1579, 35, 90, 1047, '2013-05-16 12:24:38', b'1'),
(1580, 35, 84, 1048, '2013-05-16 12:23:58', b'1'),
(1581, 35, 120, 1049, '2013-05-16 12:26:30', b'1'),
(1582, 35, 84, 1052, '2013-05-16 12:25:45', b'1'),
(1583, 35, 83, 1090, '2013-05-16 12:28:13', b'1'),
(1584, 35, 85, 1050, '2013-05-16 12:26:22', b'1'),
(1585, 35, 90, 1053, '2013-05-16 12:25:18', b'1'),
(1586, 35, 90, 1058, '2013-05-16 12:25:24', b'1'),
(1587, 35, 108, 1055, '2013-05-16 12:28:00', b'1'),
(1588, 35, 106, 1102, '2013-05-16 12:26:58', b'1'),
(1589, 35, 84, 1062, '2013-05-16 12:28:02', b'1'),
(1590, 35, 90, 1108, '2013-05-16 12:27:56', b'1'),
(1591, 35, 122, 1071, '2013-05-16 12:27:31', b'1'),
(1592, 35, 85, 1059, '2013-05-16 12:27:54', b'1'),
(1593, 35, 120, 1066, '2013-05-16 12:28:06', b'1'),
(1594, 35, 106, 1068, '2013-05-16 12:27:29', b'1'),
(1595, 35, 106, 1106, '2013-05-16 12:29:47', b'1'),
(1596, 35, 82, 1072, '2013-05-16 12:29:17', b'1'),
(1597, 35, 121, 0, '2013-05-16 12:27:55', b'1'),
(1598, 35, 85, 1069, '2013-05-16 12:28:34', b'1'),
(1599, 35, 108, 1074, '2013-05-16 12:29:43', b'1'),
(1600, 35, 84, 1076, '2013-05-16 12:34:10', b'1'),
(1601, 35, 90, 1104, '2013-05-16 12:28:33', b'1'),
(1602, 35, 120, 1075, '2013-05-16 12:29:09', b'1'),
(1603, 35, 83, 1100, '2013-05-16 12:31:00', b'1'),
(1604, 35, 85, 1081, '2013-05-16 12:29:38', b'1'),
(1605, 35, 120, 1077, '2013-05-16 12:29:14', b'1'),
(1606, 35, 82, 1087, '2013-05-16 12:31:10', b'1'),
(1607, 35, 121, 1093, '2013-05-16 12:30:27', b'1'),
(1608, 35, 85, 1082, '2013-05-16 12:30:03', b'1'),
(1609, 35, 108, 1094, '2013-05-16 12:30:31', b'1');

-- --------------------------------------------------------

--
-- Table structure for table `ratingsession`
--

CREATE TABLE IF NOT EXISTS `ratingsession` (
  `RatingSessionID` int(11) NOT NULL AUTO_INCREMENT,
  `RubricID` int(11) NOT NULL,
  `RatingDate` datetime NOT NULL,
  `SessionName` varchar(45) NOT NULL,
  `Threshold` int(11) NOT NULL DEFAULT '1',
  `IsActive` bit(1) NOT NULL DEFAULT b'0',
  PRIMARY KEY (`RatingSessionID`),
  KEY `fk_RubricID` (`RubricID`)
) ENGINE=InnoDB  DEFAULT CHARSET=latin1 COMMENT='A rating session is associating a rubric to a rating.' AUTO_INCREMENT=36 ;

--
-- Dumping data for table `ratingsession`
--

INSERT INTO `ratingsession` (`RatingSessionID`, `RubricID`, `RatingDate`, `SessionName`, `Threshold`, `IsActive`) VALUES
(1, 1, '2010-05-13 18:51:36', 'HUM 101 102 Spring 2010 Portfolio Scoring', 1, b'0'),
(2, 2, '2010-05-18 18:52:18', 'English 352 Spring 2010 Portfolio Scoring', 1, b'0'),
(3, 3, '2010-05-19 18:53:09', 'MSPTC Spring 2010 Portfolio Scoring', 1, b'0'),
(4, 1, '2010-04-19 18:54:08', 'Usability Testing', 1, b'0'),
(5, 1, '2011-01-25 00:00:00', 'Spring 2011', 1, b'0'),
(6, 1, '2011-01-25 00:00:00', 'Spring 2011', 1, b'0'),
(7, 4, '2011-01-25 00:00:00', 'e-Portfolios Spring 2011', 1, b'0'),
(8, 1, '2011-02-02 12:56:14', 'HUM 099-102 Fall 2010 Portfolio Scoring', 1, b'0'),
(9, 4, '2011-02-02 12:57:25', 'ePortfolio Scoring - HUM 099-102 Fall 2010', 1, b'0'),
(10, 1, '2011-12-20 11:34:58', 'Testing', 1, b'0'),
(16, 1, '2011-12-29 16:24:40', 'New Test', 1, b'0'),
(17, 2, '2011-12-30 11:33:19', 'New Test 2', 1, b'0'),
(18, 4, '2011-12-30 11:39:54', 'Another test', 1, b'0'),
(19, 2, '2011-12-30 15:47:30', 'New Test2', 1, b'0'),
(20, 4, '2012-01-03 11:27:14', 'eportfolio test 2012', 1, b'0'),
(21, 1, '2013-01-07 20:34:20', 'Another test', 1, b'0'),
(23, 4, '2013-01-07 20:36:59', 'New eportfolio test', 1, b'0'),
(28, 4, '2013-01-08 08:03:53', 'Input Test3', 1, b'0'),
(29, 4, '2013-01-08 11:02:00', 'Fall 2012 Test', 1, b'0'),
(31, 1, '2013-01-11 17:22:35', 'Test with URLs2', 1, b'0'),
(32, 5, '2013-01-12 11:06:47', 'Final Test with URLs', 1, b'0'),
(33, 5, '2013-01-14 17:45:09', 'Fall 2012 ePortfolio Readings', 1, b'0'),
(34, 2, '2013-05-14 20:27:53', 'ENG 352 Spring 2013 Assessment', 1, b'0'),
(35, 5, '2013-05-15 17:53:27', 'HUM 102 Spring 2013 Assessment', 1, b'1');

-- --------------------------------------------------------

--
-- Table structure for table `results`
--

CREATE TABLE IF NOT EXISTS `results` (
  `id` int(11) NOT NULL,
  `NJITid` int(11) NOT NULL,
  `Section` varchar(25) DEFAULT NULL,
  `FirstName` varchar(30) NOT NULL,
  `LastName` varchar(30) NOT NULL,
  `RatingSessionID` int(11) NOT NULL,
  `URL` varchar(100) DEFAULT NULL,
  `comp1score1` int(11) NOT NULL,
  `comp1score2` int(11) NOT NULL,
  `comp1score3` int(11) DEFAULT NULL,
  `comp1adj1` int(11) NOT NULL,
  `comp1adj2` int(11) NOT NULL,
  `comp1adjtotal` int(11) NOT NULL,
  `comp2score1` int(11) NOT NULL,
  `comp2score2` int(11) NOT NULL,
  `comp2score3` int(11) DEFAULT NULL,
  `comp2adj1` int(11) NOT NULL,
  `comp2adj2` int(11) NOT NULL,
  `comp2adjtotal` int(11) NOT NULL,
  `comp3score1` int(11) NOT NULL,
  `comp3score2` int(11) NOT NULL,
  `comp3score3` int(11) DEFAULT NULL,
  `comp3adj1` int(11) NOT NULL,
  `comp3adj2` int(11) NOT NULL,
  `comp3adjtotal` int(11) NOT NULL,
  `comp4score1` int(11) NOT NULL,
  `comp4score2` int(11) NOT NULL,
  `comp4score3` int(11) DEFAULT NULL,
  `comp4adj1` int(11) NOT NULL,
  `comp4adj2` int(11) NOT NULL,
  `comp4adjtotal` int(11) NOT NULL,
  `comp5score1` int(11) NOT NULL,
  `comp5score2` int(11) NOT NULL,
  `comp5score3` int(11) DEFAULT NULL,
  `comp5adj1` int(11) NOT NULL,
  `comp5adj2` int(11) NOT NULL,
  `comp5adjtotal` int(11) NOT NULL,
  `comp6score1` int(11) DEFAULT NULL,
  `comp6score2` int(11) DEFAULT NULL,
  `comp6score3` int(11) DEFAULT NULL,
  `comp6adj1` int(11) DEFAULT NULL,
  `comp6adj2` int(11) DEFAULT NULL,
  `comp6adjtotal` int(11) DEFAULT NULL,
  `comp7score1` int(11) DEFAULT NULL,
  `comp7score2` int(11) DEFAULT NULL,
  `comp7score3` int(11) DEFAULT NULL,
  `comp7adj1` int(11) DEFAULT NULL,
  `comp7adj2` int(11) DEFAULT NULL,
  `comp7adjtotal` int(11) DEFAULT NULL,
  `comp8score1` int(11) DEFAULT NULL,
  `comp8score2` int(11) DEFAULT NULL,
  `comp8score3` int(11) DEFAULT NULL,
  `comp8adj1` int(11) DEFAULT NULL,
  `comp8adj2` int(11) DEFAULT NULL,
  `comp8adjtotal` int(11) DEFAULT NULL,
  `comp9score1` int(11) DEFAULT NULL,
  `comp9score2` int(11) DEFAULT NULL,
  `comp9score3` int(11) DEFAULT NULL,
  `comp9adj1` int(11) DEFAULT NULL,
  `comp9adj2` int(11) DEFAULT NULL,
  `comp9adjtotal` int(11) DEFAULT NULL,
  `comp10score1` int(11) DEFAULT NULL,
  `comp10score2` int(11) DEFAULT NULL,
  `comp10score3` int(11) DEFAULT NULL,
  `comp10adj1` int(11) DEFAULT NULL,
  `comp10adj2` int(11) DEFAULT NULL,
  `comp10adjtotal` int(11) DEFAULT NULL,
  `comp11score1` int(11) DEFAULT NULL,
  `comp11score2` int(11) DEFAULT NULL,
  `comp11score3` int(11) DEFAULT NULL,
  `comp11adj1` int(11) DEFAULT NULL,
  `comp11adj2` int(11) DEFAULT NULL,
  `comp11adjtotal` int(11) DEFAULT NULL,
  PRIMARY KEY (`id`)
) ENGINE=MyISAM DEFAULT CHARSET=latin1;

--
-- Dumping data for table `results`
--

INSERT INTO `results` (`id`, `NJITid`, `Section`, `FirstName`, `LastName`, `RatingSessionID`, `URL`, `comp1score1`, `comp1score2`, `comp1score3`, `comp1adj1`, `comp1adj2`, `comp1adjtotal`, `comp2score1`, `comp2score2`, `comp2score3`, `comp2adj1`, `comp2adj2`, `comp2adjtotal`, `comp3score1`, `comp3score2`, `comp3score3`, `comp3adj1`, `comp3adj2`, `comp3adjtotal`, `comp4score1`, `comp4score2`, `comp4score3`, `comp4adj1`, `comp4adj2`, `comp4adjtotal`, `comp5score1`, `comp5score2`, `comp5score3`, `comp5adj1`, `comp5adj2`, `comp5adjtotal`, `comp6score1`, `comp6score2`, `comp6score3`, `comp6adj1`, `comp6adj2`, `comp6adjtotal`, `comp7score1`, `comp7score2`, `comp7score3`, `comp7adj1`, `comp7adj2`, `comp7adjtotal`, `comp8score1`, `comp8score2`, `comp8score3`, `comp8adj1`, `comp8adj2`, `comp8adjtotal`, `comp9score1`, `comp9score2`, `comp9score3`, `comp9adj1`, `comp9adj2`, `comp9adjtotal`, `comp10score1`, `comp10score2`, `comp10score3`, `comp10adj1`, `comp10adj2`, `comp10adjtotal`, `comp11score1`, `comp11score2`, `comp11score3`, `comp11adj1`, `comp11adj2`, `comp11adjtotal`) VALUES
(1036, 31237836, 'LC1', 'Manal', 'Abed', 35, 'https://sites.google.com/site/maa89portfolio/', 5, 6, NULL, 5, 6, 11, 4, 6, 3, 4, 3, 7, 4, 6, 3, 4, 3, 7, 4, 6, 4, 4, 4, 8, 5, 6, NULL, 5, 6, 11, 5, 6, NULL, 5, 6, 11, 5, 5, NULL, 5, 5, 10, NULL, NULL, NULL, NULL, NULL, NULL, NULL, NULL, NULL, NULL, NULL, NULL, NULL, NULL, NULL, NULL, NULL, NULL, NULL, NULL, NULL, NULL, NULL, NULL),
(1037, 31064740, 'LC3', 'Yamin', 'Ahmed', 35, 'https://sites.google.com/a/njit.edu/yaa6portfolio', 4, 5, NULL, 4, 5, 9, 5, 5, NULL, 5, 5, 10, 4, 5, NULL, 4, 5, 9, 4, 5, NULL, 4, 5, 9, 4, 4, NULL, 4, 4, 8, 5, 5, NULL, 5, 5, 10, 5, 5, NULL, 5, 5, 10, NULL, NULL, NULL, NULL, NULL, NULL, NULL, NULL, NULL, NULL, NULL, NULL, NULL, NULL, NULL, NULL, NULL, NULL, NULL, NULL, NULL, NULL, NULL, NULL),
(1038, 31164811, 'LCB', 'Eric ', 'Anderson', 35, 'https://sites.google.com/a/njit.edu/ericfolio', 3, 3, NULL, 3, 3, 6, 4, 4, NULL, 4, 4, 8, 3, 2, NULL, 3, 2, 5, 4, 4, NULL, 4, 4, 8, 2, 2, NULL, 2, 2, 4, 3, 4, 1, 3, 1, 4, 1, 3, NULL, 1, 3, 4, NULL, NULL, NULL, NULL, NULL, NULL, NULL, NULL, NULL, NULL, NULL, NULL, NULL, NULL, NULL, NULL, NULL, NULL, NULL, NULL, NULL, NULL, NULL, NULL),
(918, 31171625, 'LC3', 'Leslie', 'Antwi-Boasiako', 35, 'https://sites.google.com/a/njit.edu/la68portfolio', 4, 3, NULL, 4, 3, 7, 4, 3, NULL, 4, 3, 7, 4, 3, NULL, 4, 3, 7, 4, 3, NULL, 4, 3, 7, 4, 3, NULL, 4, 3, 7, 4, 3, NULL, 4, 3, 7, 4, 4, NULL, 4, 4, 8, NULL, NULL, NULL, NULL, NULL, NULL, NULL, NULL, NULL, NULL, NULL, NULL, NULL, NULL, NULL, NULL, NULL, NULL, NULL, NULL, NULL, NULL, NULL, NULL),
(1039, 31242740, 'LC9', 'Thierry', 'Arrieta Cespedes', 35, 'https://sites.google.com/a/njit.edu/tsa5portfolio', 4, 4, NULL, 4, 4, 8, 4, 3, NULL, 4, 3, 7, 4, 3, NULL, 4, 3, 7, 3, 5, NULL, 3, 5, 8, 4, 4, NULL, 4, 4, 8, 4, 3, NULL, 4, 3, 7, 4, 2, NULL, 4, 2, 6, NULL, NULL, NULL, NULL, NULL, NULL, NULL, NULL, NULL, NULL, NULL, NULL, NULL, NULL, NULL, NULL, NULL, NULL, NULL, NULL, NULL, NULL, NULL, NULL),
(1040, 31114736, 'LCB', 'Krystian ', 'Bajek', 35, 'https://sites.google.com/a/njit.edu/krystian-bajek-hum-101-portfolio/', 3, 3, NULL, 3, 3, 6, 3, 3, NULL, 3, 3, 6, 3, 3, NULL, 3, 3, 6, 4, 3, NULL, 4, 3, 7, 2, 3, NULL, 2, 3, 5, 3, 3, NULL, 3, 3, 6, 2, 3, NULL, 2, 3, 5, NULL, NULL, NULL, NULL, NULL, NULL, NULL, NULL, NULL, NULL, NULL, NULL, NULL, NULL, NULL, NULL, NULL, NULL, NULL, NULL, NULL, NULL, NULL, NULL),
(1041, 31114808, 'LCA', 'Justin', 'Bazylewiz', 35, 'https://sites.google.com/a/njit.edu/Jab43-portfolio/', 3, 2, NULL, 3, 2, 5, 4, 2, 5, 4, 5, 9, 4, 2, 5, 4, 5, 9, 3, 3, NULL, 3, 3, 6, 3, 1, 4, 3, 4, 7, 3, 1, NULL, 3, 1, 4, 3, 1, 5, 3, 5, 8, NULL, NULL, NULL, NULL, NULL, NULL, NULL, NULL, NULL, NULL, NULL, NULL, NULL, NULL, NULL, NULL, NULL, NULL, NULL, NULL, NULL, NULL, NULL, NULL),
(1042, 31095305, 'LCB', 'Brendan ', 'Berry', 35, 'http://drive.google.com/a/njit.edu/?tab:wo#folders/BxjdwiB4aRAwZ3h1Y0nTRHhZVLc', 1, 1, NULL, 1, 1, 2, 1, 1, NULL, 1, 1, 2, 1, 1, NULL, 1, 1, 2, 1, 1, NULL, 1, 1, 2, 1, 1, NULL, 1, 1, 2, 1, 1, NULL, 1, 1, 2, 1, 1, NULL, 1, 1, 2, NULL, NULL, NULL, NULL, NULL, NULL, NULL, NULL, NULL, NULL, NULL, NULL, NULL, NULL, NULL, NULL, NULL, NULL, NULL, NULL, NULL, NULL, NULL, NULL),
(1043, 21717957, 'LC6', 'William ', 'Bird', 35, 'https://sites.google.com/site/williamjakebird/', 2, 1, NULL, 2, 1, 3, 3, 1, 1, 1, 1, 2, 2, 1, NULL, 2, 1, 3, 4, 1, 3, 4, 3, 7, 1, 1, NULL, 1, 1, 2, 2, 1, NULL, 2, 1, 3, 1, 1, NULL, 1, 1, 2, NULL, NULL, NULL, NULL, NULL, NULL, NULL, NULL, NULL, NULL, NULL, NULL, NULL, NULL, NULL, NULL, NULL, NULL, NULL, NULL, NULL, NULL, NULL, NULL),
(1044, 31165441, 'LC1', 'Angelica', 'Blanco', 35, 'https://sites.google.com/a/njit.edu/ab497portfolio/home', 4, 4, NULL, 4, 4, 8, 4, 4, NULL, 4, 4, 8, 3, 3, NULL, 3, 3, 6, 4, 4, NULL, 4, 4, 8, 4, 3, NULL, 4, 3, 7, 4, 3, NULL, 4, 3, 7, 4, 4, NULL, 4, 4, 8, NULL, NULL, NULL, NULL, NULL, NULL, NULL, NULL, NULL, NULL, NULL, NULL, NULL, NULL, NULL, NULL, NULL, NULL, NULL, NULL, NULL, NULL, NULL, NULL),
(923, 31114942, 'LC4', 'Scott', 'Bohn', 35, 'https://sites.google.com/a/njit.edu/SB549portfolio', 1, 3, NULL, 1, 3, 4, 2, 4, NULL, 2, 4, 6, 2, 4, NULL, 2, 4, 6, 3, 3, NULL, 3, 3, 6, 2, 2, NULL, 2, 2, 4, 2, 3, NULL, 2, 3, 5, 3, 4, NULL, 3, 4, 7, NULL, NULL, NULL, NULL, NULL, NULL, NULL, NULL, NULL, NULL, NULL, NULL, NULL, NULL, NULL, NULL, NULL, NULL, NULL, NULL, NULL, NULL, NULL, NULL),
(1045, 31248108, 'LCB', 'Guilherme ', 'Borges', 35, 'https://sites.google.com/a/njit.edu/gcb22portfolio', 2, 4, 3, 4, 3, 7, 4, 5, NULL, 4, 5, 9, 4, 5, NULL, 4, 5, 9, 5, 5, NULL, 5, 5, 10, 2, 4, 3, 4, 3, 7, 4, 5, NULL, 4, 5, 9, 3, 4, NULL, 3, 4, 7, NULL, NULL, NULL, NULL, NULL, NULL, NULL, NULL, NULL, NULL, NULL, NULL, NULL, NULL, NULL, NULL, NULL, NULL, NULL, NULL, NULL, NULL, NULL, NULL),
(1046, 31165344, 'LC3', 'Kevin', 'Byrne', 35, 'https://sites.google.com/a/njit.edu/kjb23-portfolio/', 2, 4, 4, 4, 4, 8, 2, 3, NULL, 2, 3, 5, 3, 2, NULL, 3, 2, 5, 4, 3, NULL, 4, 3, 7, 2, 3, NULL, 2, 3, 5, 2, 3, NULL, 2, 3, 5, 3, 2, NULL, 3, 2, 5, NULL, NULL, NULL, NULL, NULL, NULL, NULL, NULL, NULL, NULL, NULL, NULL, NULL, NULL, NULL, NULL, NULL, NULL, NULL, NULL, NULL, NULL, NULL, NULL),
(1047, 31173397, 'LC3', 'Luis', 'Cardona', 35, 'https://sites.google.com/a/njit.edu/lac32-portfolio/', 2, 2, NULL, 2, 2, 4, 3, 2, NULL, 3, 2, 5, 3, 3, NULL, 3, 3, 6, 4, 3, NULL, 4, 3, 7, 2, 2, NULL, 2, 2, 4, 2, 2, 4, 2, 4, 6, 4, 2, NULL, 4, 2, 6, NULL, NULL, NULL, NULL, NULL, NULL, NULL, NULL, NULL, NULL, NULL, NULL, NULL, NULL, NULL, NULL, NULL, NULL, NULL, NULL, NULL, NULL, NULL, NULL),
(1048, 31011711, 'LC3', 'Bradley', 'Casado', 35, 'https://sites.google.com/a/njit.edu/bfc3portfolio', 3, 6, 4, 3, 4, 7, 4, 4, NULL, 4, 4, 8, 4, 5, NULL, 4, 5, 9, 3, 3, NULL, 3, 3, 6, 4, 5, NULL, 4, 5, 9, 3, 4, NULL, 3, 4, 7, 3, 4, NULL, 3, 4, 7, NULL, NULL, NULL, NULL, NULL, NULL, NULL, NULL, NULL, NULL, NULL, NULL, NULL, NULL, NULL, NULL, NULL, NULL, NULL, NULL, NULL, NULL, NULL, NULL),
(925, 31237350, 'LCF', 'Jan M', 'Cepeda', 35, 'https://sites.google.com/a/njit.edu/jmc69/', 4, 3, NULL, 4, 3, 7, 4, 2, NULL, 4, 2, 6, 5, 2, NULL, 5, 2, 7, 4, 3, NULL, 4, 3, 7, 3, 2, NULL, 3, 2, 5, 4, 2, NULL, 4, 2, 6, 4, 2, NULL, 4, 2, 6, NULL, NULL, NULL, NULL, NULL, NULL, NULL, NULL, NULL, NULL, NULL, NULL, NULL, NULL, NULL, NULL, NULL, NULL, NULL, NULL, NULL, NULL, NULL, NULL),
(1049, 21769798, 'LC8', 'Hojin ', 'Choi', 35, 'https://sites.google.com/a/njit.edu/hojinchoiportfolio/', 4, 3, NULL, 4, 3, 7, 4, 2, 4, 4, 4, 8, 4, 2, 3, 4, 3, 7, 4, 3, NULL, 4, 3, 7, 4, 2, 3, 4, 3, 7, 4, 2, NULL, 4, 2, 6, 5, 2, 3, 2, 3, 5, NULL, NULL, NULL, NULL, NULL, NULL, NULL, NULL, NULL, NULL, NULL, NULL, NULL, NULL, NULL, NULL, NULL, NULL, NULL, NULL, NULL, NULL, NULL, NULL),
(1050, 31115323, 'LC7', 'Mario', 'Ciccarelli', 35, 'https://sites.google.com/a/njit.edu/mario-ciccarelli-portfolio/', 3, 4, NULL, 3, 4, 7, 3, 5, 4, 5, 4, 9, 4, 4, NULL, 4, 4, 8, 4, 4, NULL, 4, 4, 8, 3, 4, NULL, 3, 4, 7, 3, 5, NULL, 3, 5, 8, 3, 5, 4, 5, 4, 9, NULL, NULL, NULL, NULL, NULL, NULL, NULL, NULL, NULL, NULL, NULL, NULL, NULL, NULL, NULL, NULL, NULL, NULL, NULL, NULL, NULL, NULL, NULL, NULL),
(1051, 31023010, 'LC3', 'Matthew', 'Connolly', 35, 'https://sites.google.com/a/njit.edu/mjc39portfolio/', 5, 5, NULL, 5, 5, 10, 4, 5, NULL, 4, 5, 9, 5, 6, NULL, 5, 6, 11, 4, 5, NULL, 4, 5, 9, 5, 4, NULL, 5, 4, 9, 5, 5, NULL, 5, 5, 10, 4, 5, NULL, 4, 5, 9, NULL, NULL, NULL, NULL, NULL, NULL, NULL, NULL, NULL, NULL, NULL, NULL, NULL, NULL, NULL, NULL, NULL, NULL, NULL, NULL, NULL, NULL, NULL, NULL),
(1052, 31095310, 'LCA', 'Matt', 'Corrente', 35, 'https://sites.google.com/a/njit.edu/Mattcorrente/home/', 2, 3, NULL, 2, 3, 5, 1, 3, 1, 1, 1, 2, 1, 1, NULL, 1, 1, 2, 1, 4, 3, 4, 3, 7, 1, 2, NULL, 1, 2, 3, 1, 2, NULL, 1, 2, 3, 1, 1, NULL, 1, 1, 2, NULL, NULL, NULL, NULL, NULL, NULL, NULL, NULL, NULL, NULL, NULL, NULL, NULL, NULL, NULL, NULL, NULL, NULL, NULL, NULL, NULL, NULL, NULL, NULL),
(1053, 31100734, 'LC6', 'Abby ', 'Cortez', 35, 'https://sites.google.com/site/hum101lc6abbycortez/', 0, 0, NULL, 0, 0, 0, 0, 0, NULL, 0, 0, 0, 0, 0, NULL, 0, 0, 0, 0, 0, NULL, 0, 0, 0, 0, 0, NULL, 0, 0, 0, NULL, NULL, NULL, NULL, NULL, 0, NULL, NULL, NULL, NULL, NULL, 0, NULL, NULL, NULL, NULL, NULL, NULL, NULL, NULL, NULL, NULL, NULL, NULL, NULL, NULL, NULL, NULL, NULL, NULL, NULL, NULL, NULL, NULL, NULL, NULL),
(1054, 31169194, 'LC2', 'Gabnelle ', 'Dahlva', 35, 'https://sites.google.com/a/njit.edu/Gad28njit', 3, 4, NULL, 3, 4, 7, 4, 5, NULL, 4, 5, 9, 3, 2, NULL, 3, 2, 5, 3, 4, NULL, 3, 4, 7, 3, 2, NULL, 3, 2, 5, 3, 4, NULL, 3, 4, 7, 3, 4, NULL, 3, 4, 7, NULL, NULL, NULL, NULL, NULL, NULL, NULL, NULL, NULL, NULL, NULL, NULL, NULL, NULL, NULL, NULL, NULL, NULL, NULL, NULL, NULL, NULL, NULL, NULL),
(1055, 31166518, 'LCB', 'Daniel ', 'Del Buono', 35, 'https://sites.google.com/site/eportfolioddelbuono/my-documents', 4, 2, 3, 4, 3, 7, 3, 4, NULL, 3, 4, 7, 3, 3, NULL, 3, 3, 6, 4, 4, NULL, 4, 4, 8, 4, 3, NULL, 4, 3, 7, 3, 3, 3, 3, 3, 6, 4, 2, NULL, 4, 2, 6, NULL, NULL, NULL, NULL, NULL, NULL, NULL, NULL, NULL, NULL, NULL, NULL, NULL, NULL, NULL, NULL, NULL, NULL, NULL, NULL, NULL, NULL, NULL, NULL),
(1056, 31170396, 'LC4', 'Nicholas ', 'Dnistran', 35, 'https://sites.google.com/a/njit.edu/njd28portfolio', 4, 4, NULL, 4, 4, 8, 4, 4, NULL, 4, 4, 8, 4, 4, NULL, 4, 4, 8, 4, 4, NULL, 4, 4, 8, 4, 3, NULL, 4, 3, 7, 4, 4, NULL, 4, 4, 8, 4, 4, NULL, 4, 4, 8, NULL, NULL, NULL, NULL, NULL, NULL, NULL, NULL, NULL, NULL, NULL, NULL, NULL, NULL, NULL, NULL, NULL, NULL, NULL, NULL, NULL, NULL, NULL, NULL),
(1057, 31168578, 'LC3', 'Luke', 'Emnas', 35, 'https://sites.google.com/a/njit.edu/le23portfolio', 5, 5, NULL, 5, 5, 10, 5, 5, NULL, 5, 5, 10, 6, 5, NULL, 6, 5, 11, 4, 4, NULL, 4, 4, 8, 5, 6, NULL, 5, 6, 11, 5, 5, NULL, 5, 5, 10, 4, 4, NULL, 4, 4, 8, NULL, NULL, NULL, NULL, NULL, NULL, NULL, NULL, NULL, NULL, NULL, NULL, NULL, NULL, NULL, NULL, NULL, NULL, NULL, NULL, NULL, NULL, NULL, NULL),
(1058, 31115826, 'LC2', 'Kristina Amor', 'Espineli', 35, 'https://sites.google.com/a/njit.edu/Kespineli/', 3, 3, NULL, 3, 3, 6, 4, 5, NULL, 4, 5, 9, 4, 3, NULL, 4, 3, 7, 4, 4, NULL, 4, 4, 8, 3, 2, NULL, 3, 2, 5, 4, 3, NULL, 4, 3, 7, 1, 4, NULL, 1, 4, 5, NULL, NULL, NULL, NULL, NULL, NULL, NULL, NULL, NULL, NULL, NULL, NULL, NULL, NULL, NULL, NULL, NULL, NULL, NULL, NULL, NULL, NULL, NULL, NULL),
(1059, 31169171, 'LC1', 'Stephen', 'Fernandez', 35, 'https://sites.google.com/a/njit.edu/saf25/', 5, 4, NULL, 5, 4, 9, 5, 4, NULL, 5, 4, 9, 3, 4, NULL, 3, 4, 7, 4, 4, NULL, 4, 4, 8, 5, 4, NULL, 5, 4, 9, 5, 4, 2, 4, 2, 6, 5, 3, NULL, 5, 3, 8, NULL, NULL, NULL, NULL, NULL, NULL, NULL, NULL, NULL, NULL, NULL, NULL, NULL, NULL, NULL, NULL, NULL, NULL, NULL, NULL, NULL, NULL, NULL, NULL),
(1060, 31236658, 'LC1', 'Arindam', 'Gaan', 35, 'https://sites.google.com/a/njit.edu/ag534-portfolio/', 1, 1, NULL, 1, 1, 2, 1, 1, NULL, 1, 1, 2, 1, 1, NULL, 1, 1, 2, 1, 1, NULL, 1, 1, 2, 1, 2, NULL, 1, 2, 3, 1, 1, NULL, 1, 1, 2, 1, 1, NULL, 1, 1, 2, NULL, NULL, NULL, NULL, NULL, NULL, NULL, NULL, NULL, NULL, NULL, NULL, NULL, NULL, NULL, NULL, NULL, NULL, NULL, NULL, NULL, NULL, NULL, NULL),
(1061, 31157032, 'LC4', 'Daniel ', 'Garcia', 35, 'https://sites.google.com/a/njit.edu/day-today-college-paper/', 1, 1, NULL, 1, 1, 2, 2, 1, NULL, 2, 1, 3, 1, 1, NULL, 1, 1, 2, 2, 1, NULL, 2, 1, 3, 2, 1, NULL, 2, 1, 3, 1, 1, NULL, 1, 1, 2, 1, 1, NULL, 1, 1, 2, NULL, NULL, NULL, NULL, NULL, NULL, NULL, NULL, NULL, NULL, NULL, NULL, NULL, NULL, NULL, NULL, NULL, NULL, NULL, NULL, NULL, NULL, NULL, NULL),
(1062, 31169633, 'LC6', 'Nicola ', 'Gogic', 35, 'https://sites.google.com/a/njit.edu/nik-s-eportfolio/', 4, 3, NULL, 4, 3, 7, 4, 3, NULL, 4, 3, 7, 5, 3, 2, 3, 2, 5, 3, 3, NULL, 3, 3, 6, 3, 3, NULL, 3, 3, 6, 4, 3, NULL, 4, 3, 7, 4, 3, NULL, 4, 3, 7, NULL, NULL, NULL, NULL, NULL, NULL, NULL, NULL, NULL, NULL, NULL, NULL, NULL, NULL, NULL, NULL, NULL, NULL, NULL, NULL, NULL, NULL, NULL, NULL),
(1063, 31157035, 'LC4', 'Daniel ', 'Gomez', 35, 'https://drive.google.com/a/njit.edu/?tab=mo#folders/0BxEwiAq12bG-VFo0QVFBQ0t4emM', 1, 1, NULL, 1, 1, 2, 1, 1, NULL, 1, 1, 2, 1, 1, NULL, 1, 1, 2, 1, 1, NULL, 1, 1, 2, 1, 1, NULL, 1, 1, 2, 1, 1, NULL, 1, 1, 2, 1, 1, NULL, 1, 1, 2, NULL, NULL, NULL, NULL, NULL, NULL, NULL, NULL, NULL, NULL, NULL, NULL, NULL, NULL, NULL, NULL, NULL, NULL, NULL, NULL, NULL, NULL, NULL, NULL),
(1064, 31170931, 'LC4', 'Alexis ', 'Hart', 35, 'https://sites.google.com/a/njit.edu/aah28/', 1, 1, NULL, 1, 1, 2, 1, 1, NULL, 1, 1, 2, 1, 1, NULL, 1, 1, 2, 1, 1, NULL, 1, 1, 2, 1, 1, NULL, 1, 1, 2, 1, 1, NULL, 1, 1, 2, 1, 1, NULL, 1, 1, 2, NULL, NULL, NULL, NULL, NULL, NULL, NULL, NULL, NULL, NULL, NULL, NULL, NULL, NULL, NULL, NULL, NULL, NULL, NULL, NULL, NULL, NULL, NULL, NULL),
(1065, 31166623, 'LC9', 'Nabil', 'Jemal', 35, 'https://sites.google.com/a/njit.edu/nabil-jemal-s-second-e-portfolio', 4, 5, NULL, 4, 5, 9, 4, 4, NULL, 4, 4, 8, 4, 5, NULL, 4, 5, 9, 4, 3, NULL, 4, 3, 7, 4, 5, NULL, 4, 5, 9, 4, 5, NULL, 4, 5, 9, 4, 4, NULL, 4, 4, 8, NULL, NULL, NULL, NULL, NULL, NULL, NULL, NULL, NULL, NULL, NULL, NULL, NULL, NULL, NULL, NULL, NULL, NULL, NULL, NULL, NULL, NULL, NULL, NULL),
(1066, 21772584, 'LCF', 'Ndahi', 'Jimenez', 35, 'https://sites.google.com/a/njit.edu/ndahij/', 2, 4, 4, 4, 4, 8, 2, 3, NULL, 2, 3, 5, 2, 2, NULL, 2, 2, 4, 2, 2, NULL, 2, 2, 4, 2, 4, 4, 4, 4, 8, 2, 2, 2, 2, 2, 4, 1, 3, NULL, 1, 3, 4, NULL, NULL, NULL, NULL, NULL, NULL, NULL, NULL, NULL, NULL, NULL, NULL, NULL, NULL, NULL, NULL, NULL, NULL, NULL, NULL, NULL, NULL, NULL, NULL),
(1067, 31133400, 'LC9', 'Justin', 'Joseph', 35, 'https://sites.google.com/a/njit.edu/jj258portfolio', 5, 6, NULL, 5, 6, 11, 4, 6, 5, 6, 5, 11, 5, 6, NULL, 5, 6, 11, 5, 6, NULL, 5, 6, 11, 3, 6, NULL, 3, 6, 9, 4, 6, NULL, 4, 6, 10, 4, 6, 5, 6, 5, 11, NULL, NULL, NULL, NULL, NULL, NULL, NULL, NULL, NULL, NULL, NULL, NULL, NULL, NULL, NULL, NULL, NULL, NULL, NULL, NULL, NULL, NULL, NULL, NULL),
(1068, 31116653, 'LC7', 'Ananth', 'Kandalai', 35, 'https://sites.google.com/a/njit.edu/ananthseportfolio/', 3, 1, NULL, 3, 1, 4, 3, 1, NULL, 3, 1, 4, 3, 1, NULL, 3, 1, 4, 3, 1, NULL, 3, 1, 4, 3, 1, NULL, 3, 1, 4, 3, 1, NULL, 3, 1, 4, 2, 1, NULL, 2, 1, 3, NULL, NULL, NULL, NULL, NULL, NULL, NULL, NULL, NULL, NULL, NULL, NULL, NULL, NULL, NULL, NULL, NULL, NULL, NULL, NULL, NULL, NULL, NULL, NULL),
(1069, 31116688, 'LC7', 'Ryan', 'Kattine', 35, 'https://sites.google.com/a/njit.edu/ryan-kattine-eportfolio/home', 3, 4, NULL, 3, 4, 7, 3, 4, NULL, 3, 4, 7, 3, 4, NULL, 3, 4, 7, 4, 4, NULL, 4, 4, 8, 2, 4, 3, 4, 3, 7, 3, 4, NULL, 3, 4, 7, 3, 3, NULL, 3, 3, 6, NULL, NULL, NULL, NULL, NULL, NULL, NULL, NULL, NULL, NULL, NULL, NULL, NULL, NULL, NULL, NULL, NULL, NULL, NULL, NULL, NULL, NULL, NULL, NULL),
(1070, 31168009, 'LC9', 'Amandeep', 'Khaneja', 35, 'https://sites.google.com/a/njit.edu/ak569portfolio', 5, 4, NULL, 5, 4, 9, 5, 4, NULL, 5, 4, 9, 5, 4, NULL, 5, 4, 9, 4, 4, NULL, 4, 4, 8, 5, 4, NULL, 5, 4, 9, 5, 4, NULL, 5, 4, 9, 5, 4, NULL, 5, 4, 9, NULL, NULL, NULL, NULL, NULL, NULL, NULL, NULL, NULL, NULL, NULL, NULL, NULL, NULL, NULL, NULL, NULL, NULL, NULL, NULL, NULL, NULL, NULL, NULL),
(1071, 31169368, 'LC2', 'Sherif ', 'Kishk', 35, 'https://sites.google.com/a/njit.edu/Kishk-hum-njit/', 3, 3, NULL, 3, 3, 6, 4, 3, NULL, 4, 3, 7, 3, 2, NULL, 3, 2, 5, 4, 4, NULL, 4, 4, 8, 3, 3, NULL, 3, 3, 6, 3, 2, 2, 2, 2, 4, 3, 1, NULL, 3, 1, 4, NULL, NULL, NULL, NULL, NULL, NULL, NULL, NULL, NULL, NULL, NULL, NULL, NULL, NULL, NULL, NULL, NULL, NULL, NULL, NULL, NULL, NULL, NULL, NULL),
(1072, 31116780, 'LC9', 'Alexander E.', 'Knapick', 35, 'https://sites.google.com/a/njit.edu/aek24portfolio/home', 6, 4, 4, 4, 4, 8, 5, 4, NULL, 5, 4, 9, 6, 4, 5, 6, 5, 11, 4, 4, NULL, 4, 4, 8, 6, 4, 4, 4, 4, 8, 5, 4, NULL, 5, 4, 9, 4, 4, NULL, 4, 4, 8, NULL, NULL, NULL, NULL, NULL, NULL, NULL, NULL, NULL, NULL, NULL, NULL, NULL, NULL, NULL, NULL, NULL, NULL, NULL, NULL, NULL, NULL, NULL, NULL),
(1073, 31170550, 'LC3', 'Kelvin', 'Kote', 35, 'https://sites.google.com/a/njit.edu/kak27portfolio', 5, 4, NULL, 5, 4, 9, 5, 4, NULL, 5, 4, 9, 5, 5, NULL, 5, 5, 10, 5, 5, NULL, 5, 5, 10, 5, 4, NULL, 5, 4, 9, 5, 4, NULL, 5, 4, 9, 5, 5, NULL, 5, 5, 10, NULL, NULL, NULL, NULL, NULL, NULL, NULL, NULL, NULL, NULL, NULL, NULL, NULL, NULL, NULL, NULL, NULL, NULL, NULL, NULL, NULL, NULL, NULL, NULL),
(1074, 31120288, 'LCF', 'Jarvis', 'Lee', 35, 'https://sites.google.com/a/njit.edu/jarvis-lee-hum/', 4, 4, NULL, 4, 4, 8, 4, 4, NULL, 4, 4, 8, 3, 4, NULL, 3, 4, 7, 4, 4, NULL, 4, 4, 8, 3, 4, NULL, 3, 4, 7, 4, 4, 4, 4, 4, 8, 4, 1, NULL, 4, 1, 5, NULL, NULL, NULL, NULL, NULL, NULL, NULL, NULL, NULL, NULL, NULL, NULL, NULL, NULL, NULL, NULL, NULL, NULL, NULL, NULL, NULL, NULL, NULL, NULL),
(1075, 31234606, 'LC1', 'Dennis', 'Lema', 35, 'https://sites.google.com/site/dl243portfolio/', 4, 4, NULL, 4, 4, 8, 5, 4, NULL, 5, 4, 9, 3, 3, NULL, 3, 3, 6, 3, 4, NULL, 3, 4, 7, 4, 4, NULL, 4, 4, 8, 4, 3, 1, 3, 1, 4, 1, 3, NULL, 1, 3, 4, NULL, NULL, NULL, NULL, NULL, NULL, NULL, NULL, NULL, NULL, NULL, NULL, NULL, NULL, NULL, NULL, NULL, NULL, NULL, NULL, NULL, NULL, NULL, NULL),
(1076, 31097168, 'LC9', 'Russell', 'Leung', 35, 'https://sites.google.com/a/njit.edu/russell-leung/', 5, 4, NULL, 5, 4, 9, 5, 4, NULL, 5, 4, 9, 6, 4, 3, 4, 3, 7, 4, 3, NULL, 4, 3, 7, 5, 3, 3, 3, 3, 6, 5, 4, NULL, 5, 4, 9, 4, 4, NULL, 4, 4, 8, NULL, NULL, NULL, NULL, NULL, NULL, NULL, NULL, NULL, NULL, NULL, NULL, NULL, NULL, NULL, NULL, NULL, NULL, NULL, NULL, NULL, NULL, NULL, NULL),
(1077, 31233479, 'LC2', 'Matthew ', 'Linke', 35, 'https://sites.google.com/a/njit.edu/Matthew-linke/', 3, 5, NULL, 3, 5, 8, 4, 4, NULL, 4, 4, 8, 3, 3, NULL, 3, 3, 6, 3, 3, NULL, 3, 3, 6, 3, 4, NULL, 3, 4, 7, 3, 4, NULL, 3, 4, 7, 2, 3, NULL, 2, 3, 5, NULL, NULL, NULL, NULL, NULL, NULL, NULL, NULL, NULL, NULL, NULL, NULL, NULL, NULL, NULL, NULL, NULL, NULL, NULL, NULL, NULL, NULL, NULL, NULL),
(1078, 31169869, 'LC2', 'Andrew', 'Margiotta', 35, 'https://sites.google.com/a/njit.edu/drew-margiotta/', 3, 4, NULL, 3, 4, 7, 4, 4, NULL, 4, 4, 8, 4, 4, NULL, 4, 4, 8, 4, 4, NULL, 4, 4, 8, 3, 3, NULL, 3, 3, 6, 4, 4, NULL, 4, 4, 8, 3, 2, NULL, 3, 2, 5, NULL, NULL, NULL, NULL, NULL, NULL, NULL, NULL, NULL, NULL, NULL, NULL, NULL, NULL, NULL, NULL, NULL, NULL, NULL, NULL, NULL, NULL, NULL, NULL),
(1079, 31107724, 'LC7', 'Peter', 'Meneses', 35, 'https://sites.google.com/a/njit.edu/peter-s-eportfolio/home?pli=1', 3, 3, NULL, 3, 3, 6, 2, 3, NULL, 2, 3, 5, 3, 2, NULL, 3, 2, 5, 4, 4, NULL, 4, 4, 8, 3, 2, NULL, 3, 2, 5, 3, 2, NULL, 3, 2, 5, 4, 3, NULL, 4, 3, 7, NULL, NULL, NULL, NULL, NULL, NULL, NULL, NULL, NULL, NULL, NULL, NULL, NULL, NULL, NULL, NULL, NULL, NULL, NULL, NULL, NULL, NULL, NULL, NULL),
(1080, 31169204, 'LC9', 'Zachary', 'Miletta', 35, 'https://sites.google.com/a/njit.edu/zachary-miletta-hum-102', 4, 4, NULL, 4, 4, 8, 4, 4, NULL, 4, 4, 8, 5, 4, NULL, 5, 4, 9, 4, 4, NULL, 4, 4, 8, 4, 4, NULL, 4, 4, 8, 4, 4, NULL, 4, 4, 8, 5, 4, NULL, 5, 4, 9, NULL, NULL, NULL, NULL, NULL, NULL, NULL, NULL, NULL, NULL, NULL, NULL, NULL, NULL, NULL, NULL, NULL, NULL, NULL, NULL, NULL, NULL, NULL, NULL),
(1081, 31157726, 'LCG', 'Mingjie', 'Li', 35, 'https://sites.google.com/a/njit.edu/mingjie', 1, 4, 3, 4, 3, 7, 4, 3, NULL, 4, 3, 7, 4, 3, NULL, 4, 3, 7, 3, 3, NULL, 3, 3, 6, 1, 4, 3, 4, 3, 7, 2, 3, NULL, 2, 3, 5, 3, 4, NULL, 3, 4, 7, NULL, NULL, NULL, NULL, NULL, NULL, NULL, NULL, NULL, NULL, NULL, NULL, NULL, NULL, NULL, NULL, NULL, NULL, NULL, NULL, NULL, NULL, NULL, NULL),
(1082, 31166492, 'LC7', 'Steve', 'Miranda', 35, 'https://sites.google.com/a/njit.edu/stevos-eportfolio/', 2, 3, NULL, 2, 3, 5, 4, 4, NULL, 4, 4, 8, 4, 3, NULL, 4, 3, 7, 4, 4, NULL, 4, 4, 8, 2, 4, 3, 4, 3, 7, 4, 3, NULL, 4, 3, 7, 4, 3, NULL, 4, 3, 7, NULL, NULL, NULL, NULL, NULL, NULL, NULL, NULL, NULL, NULL, NULL, NULL, NULL, NULL, NULL, NULL, NULL, NULL, NULL, NULL, NULL, NULL, NULL, NULL),
(949, 31071875, 'LCF', 'Auston', 'Moniez', 35, 'https://sites.google.com/a/njit.edu/hum102-lcf/', 1, 1, NULL, 1, 1, 2, 3, 1, NULL, 3, 1, 4, 1, 1, NULL, 1, 1, 2, 4, 1, NULL, 4, 1, 5, 1, 1, NULL, 1, 1, 2, 1, 1, NULL, 1, 1, 2, 2, 1, NULL, 2, 1, 3, NULL, NULL, NULL, NULL, NULL, NULL, NULL, NULL, NULL, NULL, NULL, NULL, NULL, NULL, NULL, NULL, NULL, NULL, NULL, NULL, NULL, NULL, NULL, NULL),
(1083, 31083084, 'LC9', 'Carlos', 'Morales', 35, 'https://sites.google.com/a/njit.edu/cmm4545portfolio', 1, 1, NULL, 1, 1, 2, 1, 1, NULL, 1, 1, 2, 1, 1, NULL, 1, 1, 2, 1, 1, NULL, 1, 1, 2, 1, 1, NULL, 1, 1, 2, 1, 1, NULL, 1, 1, 2, 1, 1, NULL, 1, 1, 2, NULL, NULL, NULL, NULL, NULL, NULL, NULL, NULL, NULL, NULL, NULL, NULL, NULL, NULL, NULL, NULL, NULL, NULL, NULL, NULL, NULL, NULL, NULL, NULL),
(1084, 31168898, 'LC7', 'Christopher', 'Moyer', 35, 'https://sites.google.com/a/njit.edu/cm242/', 3, 3, NULL, 3, 3, 6, 3, 4, NULL, 3, 4, 7, 3, 3, NULL, 3, 3, 6, 4, 4, NULL, 4, 4, 8, 3, 3, NULL, 3, 3, 6, 2, 3, NULL, 2, 3, 5, 2, 1, NULL, 2, 1, 3, NULL, NULL, NULL, NULL, NULL, NULL, NULL, NULL, NULL, NULL, NULL, NULL, NULL, NULL, NULL, NULL, NULL, NULL, NULL, NULL, NULL, NULL, NULL, NULL),
(1085, 31078694, 'LC7', 'Devlin', 'Murray', 35, 'https://sites.google.com/a/njit.edu/dmm53/', 4, 4, NULL, 4, 4, 8, 4, 4, NULL, 4, 4, 8, 3, 3, NULL, 3, 3, 6, 4, 5, NULL, 4, 5, 9, 4, 4, NULL, 4, 4, 8, 4, 4, NULL, 4, 4, 8, 3, 3, NULL, 3, 3, 6, NULL, NULL, NULL, NULL, NULL, NULL, NULL, NULL, NULL, NULL, NULL, NULL, NULL, NULL, NULL, NULL, NULL, NULL, NULL, NULL, NULL, NULL, NULL, NULL),
(1086, 31168844, 'LC7', 'Omar', 'Naser', 35, 'https://sites.google.com/a/njit.edu/omarn-hum101/', 4, 4, NULL, 4, 4, 8, 4, 4, NULL, 4, 4, 8, 4, 4, NULL, 4, 4, 8, 4, 4, NULL, 4, 4, 8, 4, 3, NULL, 4, 3, 7, 4, 4, NULL, 4, 4, 8, 4, 3, NULL, 4, 3, 7, NULL, NULL, NULL, NULL, NULL, NULL, NULL, NULL, NULL, NULL, NULL, NULL, NULL, NULL, NULL, NULL, NULL, NULL, NULL, NULL, NULL, NULL, NULL, NULL),
(1087, 31058702, 'LCB', 'Arsany ', 'Nazer', 35, 'https://sites.google.com/a/njit.edu/an247portfolio/', 3, 5, 2, 3, 2, 5, 4, 5, NULL, 4, 5, 9, 4, 5, NULL, 4, 5, 9, 4, 5, NULL, 4, 5, 9, 4, 5, NULL, 4, 5, 9, 4, 6, NULL, 4, 6, 10, 4, 4, 4, 4, 4, 8, NULL, NULL, NULL, NULL, NULL, NULL, NULL, NULL, NULL, NULL, NULL, NULL, NULL, NULL, NULL, NULL, NULL, NULL, NULL, NULL, NULL, NULL, NULL, NULL),
(952, 31058438, 'LC8 LCG', 'Korede', 'Otetubi', 35, 'https://sites.google.com/a/njit.edu/oao9portfolio/', 5, 4, NULL, 5, 4, 9, 5, 4, NULL, 5, 4, 9, 5, 3, NULL, 5, 3, 8, 5, 4, NULL, 5, 4, 9, 5, 4, NULL, 5, 4, 9, 6, 4, NULL, 6, 4, 10, 4, 1, NULL, 4, 1, 5, NULL, NULL, NULL, NULL, NULL, NULL, NULL, NULL, NULL, NULL, NULL, NULL, NULL, NULL, NULL, NULL, NULL, NULL, NULL, NULL, NULL, NULL, NULL, NULL),
(1088, 31170756, 'LC8', 'Michael', 'Padilla', 35, 'https://sites.google.com/a/njit.edu/hum-102---lc8/', 1, 1, NULL, 1, 1, 2, 1, 1, NULL, 1, 1, 2, 1, 1, NULL, 1, 1, 2, 1, 1, NULL, 1, 1, 2, 1, 1, NULL, 1, 1, 2, 1, 1, NULL, 1, 1, 2, 1, 1, NULL, 1, 1, 2, NULL, NULL, NULL, NULL, NULL, NULL, NULL, NULL, NULL, NULL, NULL, NULL, NULL, NULL, NULL, NULL, NULL, NULL, NULL, NULL, NULL, NULL, NULL, NULL),
(1089, 31246423, 'LCG', 'Anna ', 'Pasternak', 35, 'https://sites.google.com/a/njit.edu/Ajp59/', 4, 3, NULL, 4, 3, 7, 4, 2, 3, 4, 3, 7, 4, 3, NULL, 4, 3, 7, 4, 4, NULL, 4, 4, 8, 4, 3, NULL, 4, 3, 7, 5, 2, NULL, 5, 2, 7, 4, 2, 2, 2, 2, 4, NULL, NULL, NULL, NULL, NULL, NULL, NULL, NULL, NULL, NULL, NULL, NULL, NULL, NULL, NULL, NULL, NULL, NULL, NULL, NULL, NULL, NULL, NULL, NULL),
(1090, 31165487, 'LC1', 'Adit', 'Patel', 35, 'https://sites.google.com/site/aditpatelseportfolio/', 4, 4, NULL, 4, 4, 8, 4, 4, NULL, 4, 4, 8, 3, 5, 2, 3, 2, 5, 3, 4, NULL, 3, 4, 7, 4, 4, NULL, 4, 4, 8, 4, 4, NULL, 4, 4, 8, 5, 4, NULL, 5, 4, 9, NULL, NULL, NULL, NULL, NULL, NULL, NULL, NULL, NULL, NULL, NULL, NULL, NULL, NULL, NULL, NULL, NULL, NULL, NULL, NULL, NULL, NULL, NULL, NULL),
(954, 31157365, 'LC3', 'Akshar', 'Patel', 35, 'https://sites.google.com/a/njit.edu/ahp35portfolio', 4, 4, NULL, 4, 4, 8, 4, 4, NULL, 4, 4, 8, 3, 4, NULL, 3, 4, 7, 3, 4, NULL, 3, 4, 7, 3, 4, NULL, 3, 4, 7, 3, 4, NULL, 3, 4, 7, 3, 4, NULL, 3, 4, 7, NULL, NULL, NULL, NULL, NULL, NULL, NULL, NULL, NULL, NULL, NULL, NULL, NULL, NULL, NULL, NULL, NULL, NULL, NULL, NULL, NULL, NULL, NULL, NULL),
(1091, 31157390, 'LC1', 'Kishan', 'Patel', 35, 'https://sites.google.com/site/hum101portfolio/', 4, 3, NULL, 4, 3, 7, 4, 3, NULL, 4, 3, 7, 3, 3, NULL, 3, 3, 6, 5, 4, NULL, 5, 4, 9, 3, 3, NULL, 3, 3, 6, 4, 3, NULL, 4, 3, 7, 3, 2, NULL, 3, 2, 5, NULL, NULL, NULL, NULL, NULL, NULL, NULL, NULL, NULL, NULL, NULL, NULL, NULL, NULL, NULL, NULL, NULL, NULL, NULL, NULL, NULL, NULL, NULL, NULL),
(1092, 31166082, 'LCF', 'Kushal', 'Patel', 35, 'https://sites.google.com/site/kushalpatelkvp33njitedu/', 1, 1, NULL, 1, 1, 2, 1, 1, NULL, 1, 1, 2, 1, 1, NULL, 1, 1, 2, 1, 1, NULL, 1, 1, 2, 1, 1, NULL, 1, 1, 2, 1, 1, NULL, 1, 1, 2, 1, 1, NULL, 1, 1, 2, NULL, NULL, NULL, NULL, NULL, NULL, NULL, NULL, NULL, NULL, NULL, NULL, NULL, NULL, NULL, NULL, NULL, NULL, NULL, NULL, NULL, NULL, NULL, NULL),
(956, 31168067, 'LCA', 'Neer', 'Patel', 35, 'https://sites.google.com/a/njit.edu/Neerpatel/', 4, 4, NULL, 4, 4, 8, 4, 4, NULL, 4, 4, 8, 3, 4, NULL, 3, 4, 7, 5, 5, NULL, 5, 5, 10, 2, 5, NULL, 2, 5, 7, 3, 4, NULL, 3, 4, 7, 3, 5, NULL, 3, 5, 8, NULL, NULL, NULL, NULL, NULL, NULL, NULL, NULL, NULL, NULL, NULL, NULL, NULL, NULL, NULL, NULL, NULL, NULL, NULL, NULL, NULL, NULL, NULL, NULL),
(1093, 31169778, 'LCG', 'Matthew', 'Pereira ', 35, 'https://sites.google.com/a/njit.edu/humanities-101---lcg', 4, 2, 4, 4, 4, 8, 4, 3, NULL, 4, 3, 7, 4, 4, NULL, 4, 4, 8, 5, 3, 4, 5, 4, 9, 3, 2, NULL, 3, 2, 5, 4, 3, NULL, 4, 3, 7, 3, 3, NULL, 3, 3, 6, NULL, NULL, NULL, NULL, NULL, NULL, NULL, NULL, NULL, NULL, NULL, NULL, NULL, NULL, NULL, NULL, NULL, NULL, NULL, NULL, NULL, NULL, NULL, NULL),
(1094, 31166719, 'LC8', 'James', 'Petrou ', 35, 'https://sites.google.com/a/njit.edu/jap67hum102/', 0, 0, NULL, 0, 0, 0, 0, 0, NULL, 0, 0, 0, 0, 0, NULL, 0, 0, 0, 0, 0, NULL, 0, 0, 0, 0, 0, NULL, 0, 0, 0, NULL, NULL, NULL, NULL, NULL, 0, NULL, NULL, NULL, NULL, NULL, 0, NULL, NULL, NULL, NULL, NULL, NULL, NULL, NULL, NULL, NULL, NULL, NULL, NULL, NULL, NULL, NULL, NULL, NULL, NULL, NULL, NULL, NULL, NULL, NULL),
(1095, 31171853, 'LC8', 'Sean', 'Podolski', 35, 'https://sites.google.com/a/njit.edu/smp63portfolio/', 4, 5, NULL, 4, 5, 9, 4, 5, NULL, 4, 5, 9, 3, 3, NULL, 3, 3, 6, 4, 5, NULL, 4, 5, 9, 4, 4, NULL, 4, 4, 8, 4, 5, NULL, 4, 5, 9, 4, 5, NULL, 4, 5, 9, NULL, NULL, NULL, NULL, NULL, NULL, NULL, NULL, NULL, NULL, NULL, NULL, NULL, NULL, NULL, NULL, NULL, NULL, NULL, NULL, NULL, NULL, NULL, NULL),
(1096, 31118019, 'LCF', 'John', 'Procaccini', 35, 'https://sites.google.com/a/njit.edu/john-procaccini-hum-102-lcf/', 4, 4, NULL, 4, 4, 8, 4, 5, NULL, 4, 5, 9, 4, 4, NULL, 4, 4, 8, 4, 5, NULL, 4, 5, 9, 4, 4, NULL, 4, 4, 8, 4, 5, NULL, 4, 5, 9, 4, 5, NULL, 4, 5, 9, NULL, NULL, NULL, NULL, NULL, NULL, NULL, NULL, NULL, NULL, NULL, NULL, NULL, NULL, NULL, NULL, NULL, NULL, NULL, NULL, NULL, NULL, NULL, NULL),
(1097, 31073187, 'LCA', 'Rene', 'Rajaram', 35, 'https://sites.google.com/a/njit.edu/Rene/', 1, 1, NULL, 1, 1, 2, 1, 1, NULL, 1, 1, 2, 1, 1, NULL, 1, 1, 2, 1, 1, NULL, 1, 1, 2, 1, 1, NULL, 1, 1, 2, 1, 1, NULL, 1, 1, 2, 1, 1, NULL, 1, 1, 2, NULL, NULL, NULL, NULL, NULL, NULL, NULL, NULL, NULL, NULL, NULL, NULL, NULL, NULL, NULL, NULL, NULL, NULL, NULL, NULL, NULL, NULL, NULL, NULL),
(1098, 31167007, 'LC8', 'David', 'Ratajczak', 35, 'https://sites.google.com/a/njit.edu/der9portfolio/', 1, 1, NULL, 1, 1, 2, 1, 1, NULL, 1, 1, 2, 1, 1, NULL, 1, 1, 2, 1, 1, NULL, 1, 1, 2, 1, 1, NULL, 1, 1, 2, 1, 1, NULL, 1, 1, 2, 1, 1, NULL, 1, 1, 2, NULL, NULL, NULL, NULL, NULL, NULL, NULL, NULL, NULL, NULL, NULL, NULL, NULL, NULL, NULL, NULL, NULL, NULL, NULL, NULL, NULL, NULL, NULL, NULL),
(1099, 21750559, 'LC4', 'Christian ', 'Reyes', 35, 'https://sites.google.com/a/njit.edu/christianreyes28/', 0, 3, NULL, 0, 3, 3, 0, 4, NULL, 0, 4, 4, 0, 6, NULL, 0, 6, 6, 0, 4, NULL, 0, 4, 4, 0, 3, NULL, 0, 3, 3, NULL, 4, NULL, NULL, 4, 4, NULL, 1, NULL, NULL, 1, 1, NULL, NULL, NULL, NULL, NULL, NULL, NULL, NULL, NULL, NULL, NULL, NULL, NULL, NULL, NULL, NULL, NULL, NULL, NULL, NULL, NULL, NULL, NULL, NULL),
(963, 31118200, 'LC6', 'Sebastienne M', 'Rivada', 35, 'https://sites.google.com/site/srivadaportfolio/', 5, 3, NULL, 5, 3, 8, 5, 3, NULL, 5, 3, 8, 5, 2, NULL, 5, 2, 7, 5, 2, NULL, 5, 2, 7, 5, 2, NULL, 5, 2, 7, 6, 3, NULL, 6, 3, 9, 5, 2, NULL, 5, 2, 7, NULL, NULL, NULL, NULL, NULL, NULL, NULL, NULL, NULL, NULL, NULL, NULL, NULL, NULL, NULL, NULL, NULL, NULL, NULL, NULL, NULL, NULL, NULL, NULL),
(1100, 31080134, 'LC8', 'Kenneth', 'Robjohns', 35, 'https://sites.google.com/a/njit.edu/krr23/', 3, 4, NULL, 3, 4, 7, 3, 5, 4, 5, 4, 9, 4, 4, NULL, 4, 4, 8, 3, 4, NULL, 3, 4, 7, 2, 5, NULL, 2, 5, 7, 3, 6, NULL, 3, 6, 9, 2, 4, 4, 4, 4, 8, NULL, NULL, NULL, NULL, NULL, NULL, NULL, NULL, NULL, NULL, NULL, NULL, NULL, NULL, NULL, NULL, NULL, NULL, NULL, NULL, NULL, NULL, NULL, NULL),
(1101, 31168018, 'LCA', 'Sergio', 'Rohas-Aquilar', 35, 'https://sites.google.com/a/njit.edu/Eportfoliosra/', 4, 4, NULL, 4, 4, 8, 4, 4, NULL, 4, 4, 8, 4, 4, NULL, 4, 4, 8, 3, 3, NULL, 3, 3, 6, 4, 3, NULL, 4, 3, 7, 4, 4, NULL, 4, 4, 8, 4, 4, NULL, 4, 4, 8, NULL, NULL, NULL, NULL, NULL, NULL, NULL, NULL, NULL, NULL, NULL, NULL, NULL, NULL, NULL, NULL, NULL, NULL, NULL, NULL, NULL, NULL, NULL, NULL),
(1102, 31169783, 'LCG', 'Christie ', 'Saliba', 35, 'https://sites.google.com/a/njit.edu/hum102saliba', 4, 3, NULL, 4, 3, 7, 4, 2, 2, 2, 2, 4, 4, 3, NULL, 4, 3, 7, 4, 4, NULL, 4, 4, 8, 4, 2, 2, 2, 2, 4, 3, 2, 3, 3, 3, 6, 4, 2, NULL, 4, 2, 6, NULL, NULL, NULL, NULL, NULL, NULL, NULL, NULL, NULL, NULL, NULL, NULL, NULL, NULL, NULL, NULL, NULL, NULL, NULL, NULL, NULL, NULL, NULL, NULL),
(1103, 31233799, 'LCA', 'Michael', 'Sasso', 35, 'https://sites.google.com/a/njit.edu/Michael-sassonjit/hum-102-lca/', 4, 3, NULL, 4, 3, 7, 4, 3, NULL, 4, 3, 7, 3, 4, NULL, 3, 4, 7, 4, 3, NULL, 4, 3, 7, 3, 4, NULL, 3, 4, 7, 3, 3, NULL, 3, 3, 6, 2, 3, NULL, 2, 3, 5, NULL, NULL, NULL, NULL, NULL, NULL, NULL, NULL, NULL, NULL, NULL, NULL, NULL, NULL, NULL, NULL, NULL, NULL, NULL, NULL, NULL, NULL, NULL, NULL),
(1104, 31157568, 'LC9', 'Jatinderpal', 'Singh', 35, 'https://sites.google.com/a/njit.edu/jatinderpal-singh1', 4, 4, NULL, 4, 4, 8, 4, 3, NULL, 4, 3, 7, 5, 3, NULL, 5, 3, 8, 4, 4, NULL, 4, 4, 8, 4, 3, NULL, 4, 3, 7, 4, 4, NULL, 4, 4, 8, 4, 4, NULL, 4, 4, 8, NULL, NULL, NULL, NULL, NULL, NULL, NULL, NULL, NULL, NULL, NULL, NULL, NULL, NULL, NULL, NULL, NULL, NULL, NULL, NULL, NULL, NULL, NULL, NULL),
(970, 31236582, 'LC6', 'Darius O', 'Thurman', 35, 'https://sites.google.com/site/dariusthurmanseportfolio/home/humanities-folder', 3, 2, NULL, 3, 2, 5, 4, 3, NULL, 4, 3, 7, 3, 3, NULL, 3, 3, 6, 3, 3, NULL, 3, 3, 6, 3, 3, NULL, 3, 3, 6, 3, 3, NULL, 3, 3, 6, 3, 3, NULL, 3, 3, 6, NULL, NULL, NULL, NULL, NULL, NULL, NULL, NULL, NULL, NULL, NULL, NULL, NULL, NULL, NULL, NULL, NULL, NULL, NULL, NULL, NULL, NULL, NULL, NULL),
(1105, 31238535, 'LCA', 'Jose', 'Tobago', 35, 'https://sites.google.com/a/njit.edu/Jose-tobago-hum102-e-folio/', 1, 1, NULL, 1, 1, 2, 1, 1, NULL, 1, 1, 2, 1, 1, NULL, 1, 1, 2, 1, 1, NULL, 1, 1, 2, 1, 1, NULL, 1, 1, 2, 1, 1, NULL, 1, 1, 2, 1, 1, NULL, 1, 1, 2, NULL, NULL, NULL, NULL, NULL, NULL, NULL, NULL, NULL, NULL, NULL, NULL, NULL, NULL, NULL, NULL, NULL, NULL, NULL, NULL, NULL, NULL, NULL, NULL),
(1106, 31247973, 'LC6', 'Tina ', 'Trazaska', 35, 'https://sites.google.com/a/njit.edu/tina-trzaska-hum102lc6/artifact-6', 5, 5, NULL, 5, 5, 10, 4, 4, NULL, 4, 4, 8, 4, 4, NULL, 4, 4, 8, 4, 5, NULL, 4, 5, 9, 4, 3, NULL, 4, 3, 7, 5, 4, 3, 4, 3, 7, 5, 3, NULL, 5, 3, 8, NULL, NULL, NULL, NULL, NULL, NULL, NULL, NULL, NULL, NULL, NULL, NULL, NULL, NULL, NULL, NULL, NULL, NULL, NULL, NULL, NULL, NULL, NULL, NULL),
(1107, 31081330, 'LCA', 'Mark', 'Usigan', 35, 'https://sites.google.com/a/njit.edu/Mxusigan/', 1, 1, NULL, 1, 1, 2, 1, 1, NULL, 1, 1, 2, 1, 1, NULL, 1, 1, 2, 1, 1, NULL, 1, 1, 2, 1, 1, NULL, 1, 1, 2, 1, 1, NULL, 1, 1, 2, 1, 1, NULL, 1, 1, 2, NULL, NULL, NULL, NULL, NULL, NULL, NULL, NULL, NULL, NULL, NULL, NULL, NULL, NULL, NULL, NULL, NULL, NULL, NULL, NULL, NULL, NULL, NULL, NULL),
(1108, 31173779, 'LCG', 'Sarah ', 'Valente', 35, 'https://sites.google.com/a/njit.edu/sarah-valente-profolio', 4, 3, NULL, 4, 3, 7, 4, 3, NULL, 4, 3, 7, 5, 3, 5, 5, 5, 10, 5, 3, 5, 5, 5, 10, 4, 3, NULL, 4, 3, 7, 5, 3, NULL, 5, 3, 8, 4, 3, 4, 4, 4, 8, NULL, NULL, NULL, NULL, NULL, NULL, NULL, NULL, NULL, NULL, NULL, NULL, NULL, NULL, NULL, NULL, NULL, NULL, NULL, NULL, NULL, NULL, NULL, NULL),
(972, 31168479, 'LC8 LCG', 'Thomas', 'Vanwart', 35, 'https://sites.google.com/a/njit.edu/tomscite/ ', 1, 3, NULL, 1, 3, 4, 1, 4, NULL, 1, 4, 5, 1, 2, NULL, 1, 2, 3, 1, 4, NULL, 1, 4, 5, 1, 2, NULL, 1, 2, 3, 1, 3, NULL, 1, 3, 4, 1, 2, NULL, 1, 2, 3, NULL, NULL, NULL, NULL, NULL, NULL, NULL, NULL, NULL, NULL, NULL, NULL, NULL, NULL, NULL, NULL, NULL, NULL, NULL, NULL, NULL, NULL, NULL, NULL),
(973, 31119071, 'LCF', 'Alexander M', 'Vigna', 35, 'https://sites.google.com/site/alexandervignaport/', 3, 4, NULL, 3, 4, 7, 4, 4, NULL, 4, 4, 8, 3, 4, NULL, 3, 4, 7, 4, 4, NULL, 4, 4, 8, 2, 3, NULL, 2, 3, 5, 3, 4, NULL, 3, 4, 7, 3, 4, NULL, 3, 4, 7, NULL, NULL, NULL, NULL, NULL, NULL, NULL, NULL, NULL, NULL, NULL, NULL, NULL, NULL, NULL, NULL, NULL, NULL, NULL, NULL, NULL, NULL, NULL, NULL),
(1109, 31119132, 'LC1', 'Luke', 'Warnock', 35, 'https://sites.google.com/a/njit.edu/luke-warnock-portfolio/', 3, 4, NULL, 3, 4, 7, 4, 4, NULL, 4, 4, 8, 4, 4, NULL, 4, 4, 8, 3, 4, NULL, 3, 4, 7, 4, 4, NULL, 4, 4, 8, 3, 4, NULL, 3, 4, 7, 3, 4, NULL, 3, 4, 7, NULL, NULL, NULL, NULL, NULL, NULL, NULL, NULL, NULL, NULL, NULL, NULL, NULL, NULL, NULL, NULL, NULL, NULL, NULL, NULL, NULL, NULL, NULL, NULL),
(974, 31171429, 'LCF', 'Eric R', 'Washofer', 35, 'https://sites.google.com/a/njit.edu/eric-washofer-hum-102/', 3, 4, NULL, 3, 4, 7, 3, 3, NULL, 3, 3, 6, 3, 4, NULL, 3, 4, 7, 4, 3, NULL, 4, 3, 7, 2, 3, NULL, 2, 3, 5, 3, 4, NULL, 3, 4, 7, 4, 3, NULL, 4, 3, 7, NULL, NULL, NULL, NULL, NULL, NULL, NULL, NULL, NULL, NULL, NULL, NULL, NULL, NULL, NULL, NULL, NULL, NULL, NULL, NULL, NULL, NULL, NULL, NULL),
(1110, 31234247, 'LC8', 'Tyler', 'Zelisko', 35, 'https://sites.google.com/a/njit.edu/tjz2-portfolio/', 3, 3, NULL, 3, 3, 6, 4, 4, NULL, 4, 4, 8, 3, 3, NULL, 3, 3, 6, 3, 4, NULL, 3, 4, 7, 3, 2, NULL, 3, 2, 5, 3, 3, NULL, 3, 3, 6, 3, 3, NULL, 3, 3, 6, NULL, NULL, NULL, NULL, NULL, NULL, NULL, NULL, NULL, NULL, NULL, NULL, NULL, NULL, NULL, NULL, NULL, NULL, NULL, NULL, NULL, NULL, NULL, NULL);

-- --------------------------------------------------------

--
-- Table structure for table `rubric`
--

CREATE TABLE IF NOT EXISTS `rubric` (
  `RubricID` int(11) NOT NULL AUTO_INCREMENT,
  `RubricName` varchar(80) NOT NULL,
  PRIMARY KEY (`RubricID`)
) ENGINE=InnoDB  DEFAULT CHARSET=latin1 COMMENT='Identifies each rubric to be used for portfolio assessment.' AUTO_INCREMENT=6 ;

--
-- Dumping data for table `rubric`
--

INSERT INTO `rubric` (`RubricID`, `RubricName`) VALUES
(1, 'HUM 101-102 Writing, Speaking Thinking'),
(2, 'English 352 (Technical Communication)'),
(3, 'MSPTC Online Portfolio Assessment'),
(4, 'e-Portfolio Rubric for HUM'),
(5, 'Fall 2012 HUM 099 ePortfolio Rubric');

-- --------------------------------------------------------

--
-- Table structure for table `rubriccontent`
--

CREATE TABLE IF NOT EXISTS `rubriccontent` (
  `CompetencyID` int(11) NOT NULL DEFAULT '0',
  `RubricID` int(11) NOT NULL DEFAULT '0',
  `CmpOrder` int(11) NOT NULL,
  PRIMARY KEY (`CompetencyID`,`RubricID`)
) ENGINE=InnoDB DEFAULT CHARSET=latin1;

--
-- Dumping data for table `rubriccontent`
--

INSERT INTO `rubriccontent` (`CompetencyID`, `RubricID`, `CmpOrder`) VALUES
(1, 1, 1),
(1, 4, 1),
(1, 5, 1),
(2, 1, 2),
(2, 4, 2),
(2, 5, 2),
(3, 1, 3),
(3, 4, 3),
(3, 5, 3),
(4, 1, 4),
(4, 4, 4),
(4, 5, 4),
(5, 1, 5),
(5, 4, 6),
(5, 5, 7),
(6, 2, 1),
(7, 2, 2),
(8, 2, 3),
(9, 2, 4),
(10, 2, 5),
(11, 2, 6),
(12, 2, 7),
(13, 2, 8),
(14, 2, 9),
(15, 3, 1),
(16, 3, 2),
(17, 3, 3),
(18, 3, 4),
(19, 3, 5),
(20, 3, 6),
(21, 3, 7),
(22, 3, 8),
(23, 3, 9),
(24, 1, 6),
(24, 4, 7),
(25, 1, 7),
(25, 4, 8),
(26, 1, 8),
(26, 4, 9),
(27, 1, 9),
(27, 4, 10),
(28, 1, 10),
(28, 4, 11),
(29, 4, 5),
(29, 5, 5),
(30, 5, 6);

-- --------------------------------------------------------

--
-- Table structure for table `sessionscoring`
--

CREATE TABLE IF NOT EXISTS `sessionscoring` (
  `SessionScoringID` int(11) NOT NULL AUTO_INCREMENT,
  `CompetencyID` int(11) DEFAULT NULL,
  `PortfolioRatingID` int(11) DEFAULT NULL,
  `Score` int(11) DEFAULT NULL,
  PRIMARY KEY (`SessionScoringID`)
) ENGINE=InnoDB  DEFAULT CHARSET=latin1 AUTO_INCREMENT=9394 ;

--
-- Dumping data for table `sessionscoring`
--

INSERT INTO `sessionscoring` (`SessionScoringID`, `CompetencyID`, `PortfolioRatingID`, `Score`) VALUES
(1, 1, 2, 4),
(2, 2, 2, 4),
(3, 3, 2, 4),
(4, 4, 2, 4),
(5, 5, 2, 4),
(6, 24, 2, 4),
(7, 25, 2, 4),
(8, 26, 2, 4),
(9, 27, 2, 4),
(10, 28, 2, 4),
(11, 1, 13, 6),
(12, 2, 13, 5),
(13, 3, 13, 5),
(14, 4, 13, 5),
(15, 5, 13, 5),
(16, 24, 13, 5),
(17, 25, 13, 5),
(18, 26, 13, 5),
(19, 27, 13, 5),
(20, 28, 13, 5),
(21, 1, 1, 4),
(22, 2, 1, 3),
(23, 3, 1, 3),
(24, 4, 1, 4),
(25, 5, 1, 4),
(26, 24, 1, 4),
(27, 25, 1, 4),
(28, 26, 1, 3),
(29, 27, 1, 3),
(30, 28, 1, 3),
(31, 1, 16, 4),
(32, 2, 16, 4),
(33, 3, 16, 4),
(34, 4, 16, 4),
(35, 5, 16, 4),
(36, 24, 16, 3),
(37, 25, 16, 4),
(38, 26, 16, 4),
(39, 27, 16, 3),
(40, 28, 16, 4),
(41, 1, 12, 4),
(42, 2, 12, 3),
(43, 3, 12, 5),
(44, 4, 12, 4),
(45, 5, 12, 5),
(46, 24, 12, 4),
(47, 25, 12, 5),
(48, 26, 12, 6),
(49, 27, 12, 5),
(50, 28, 12, 5),
(51, 1, 14, 4),
(52, 2, 14, 4),
(53, 3, 14, 4),
(54, 4, 14, 4),
(55, 5, 14, 4),
(56, 24, 14, 4),
(57, 25, 14, 4),
(58, 26, 14, 4),
(59, 27, 14, 4),
(60, 28, 14, 4),
(61, 1, 17, 3),
(62, 2, 17, 2),
(63, 3, 17, 3),
(64, 4, 17, 3),
(65, 5, 17, 3),
(66, 24, 17, 5),
(67, 25, 17, 4),
(68, 26, 17, 3),
(69, 27, 17, 1),
(70, 28, 17, 3),
(71, 1, 18, 4),
(72, 2, 18, 4),
(73, 3, 18, 4),
(74, 4, 18, 4),
(75, 5, 18, 5),
(76, 24, 18, 4),
(77, 25, 18, 5),
(78, 26, 18, 5),
(79, 27, 18, 5),
(80, 28, 18, 5),
(81, 1, 10, 4),
(82, 2, 10, 1),
(83, 3, 10, 3),
(84, 4, 10, 3),
(85, 5, 10, 3),
(86, 24, 10, 4),
(87, 25, 10, 4),
(88, 26, 10, 4),
(89, 27, 10, 4),
(90, 28, 10, 4),
(91, 1, 19, 3),
(92, 2, 19, 3),
(93, 3, 19, 4),
(94, 4, 19, 4),
(95, 5, 19, 3),
(96, 24, 19, 2),
(97, 25, 19, 3),
(98, 26, 19, 2),
(99, 27, 19, 1),
(100, 28, 19, 3),
(101, 1, 9, 4),
(102, 2, 9, 4),
(103, 3, 9, 2),
(104, 4, 9, 4),
(105, 5, 9, 3),
(106, 24, 9, 5),
(107, 25, 9, 5),
(108, 26, 9, 5),
(109, 27, 9, 3),
(110, 28, 9, 4),
(111, 1, 21, 3),
(112, 2, 21, 2),
(113, 3, 21, 3),
(114, 4, 21, 3),
(115, 5, 21, 2),
(116, 24, 21, 1),
(117, 25, 21, 1),
(118, 26, 21, 1),
(119, 27, 21, 1),
(120, 28, 21, 1),
(121, 1, 20, 4),
(122, 2, 20, 5),
(123, 3, 20, 4),
(124, 4, 20, 4),
(125, 5, 20, 4),
(126, 24, 20, 5),
(127, 25, 20, 5),
(128, 26, 20, 5),
(129, 27, 20, 5),
(130, 28, 20, 5),
(131, 1, 11, 3),
(132, 2, 11, 4),
(133, 3, 11, 4),
(134, 4, 11, 5),
(135, 5, 11, 4),
(136, 24, 11, 1),
(137, 25, 11, 3),
(138, 26, 11, 4),
(139, 27, 11, 4),
(140, 28, 11, 3),
(141, 1, 23, 4),
(142, 2, 23, 4),
(143, 3, 23, 4),
(144, 4, 23, 4),
(145, 5, 23, 4),
(146, 24, 23, 4),
(147, 25, 23, 5),
(148, 26, 23, 5),
(149, 27, 23, 4),
(150, 28, 23, 5),
(151, 1, 22, 3),
(152, 2, 22, 1),
(153, 3, 22, 3),
(154, 4, 22, 4),
(155, 5, 22, 3),
(156, 24, 22, 6),
(157, 25, 22, 4),
(158, 26, 22, 1),
(159, 27, 22, 3),
(160, 28, 22, 2),
(161, 1, 15, 4),
(162, 2, 15, 6),
(163, 3, 15, 5),
(164, 4, 15, 5),
(165, 5, 15, 5),
(166, 24, 15, 4),
(167, 25, 15, 4),
(168, 26, 15, 3),
(169, 27, 15, 3),
(170, 28, 15, 3),
(171, 1, 24, 4),
(172, 2, 24, 4),
(173, 3, 24, 4),
(174, 4, 24, 5),
(175, 5, 24, 3),
(176, 24, 24, 2),
(177, 25, 24, 4),
(178, 26, 24, 3),
(179, 27, 24, 3),
(180, 28, 24, 3),
(181, 1, 30, 4),
(182, 2, 30, 4),
(183, 3, 30, 4),
(184, 4, 30, 3),
(185, 5, 30, 4),
(186, 24, 30, 5),
(187, 25, 30, 5),
(188, 26, 30, 5),
(189, 27, 30, 4),
(190, 28, 30, 4),
(191, 1, 28, 4),
(192, 2, 28, 3),
(193, 3, 28, 4),
(194, 4, 28, 4),
(195, 5, 28, 4),
(196, 24, 28, 5),
(197, 25, 28, 5),
(198, 26, 28, 5),
(199, 27, 28, 5),
(200, 28, 28, 5),
(201, 1, 25, 3),
(202, 2, 25, 3),
(203, 3, 25, 3),
(204, 4, 25, 3),
(205, 5, 25, 4),
(206, 24, 25, 4),
(207, 25, 25, 4),
(208, 26, 25, 4),
(209, 27, 25, 3),
(210, 28, 25, 4),
(211, 1, 35, 4),
(212, 2, 35, 4),
(213, 3, 35, 4),
(214, 4, 35, 4),
(215, 5, 35, 4),
(216, 24, 35, 4),
(217, 25, 35, 4),
(218, 26, 35, 4),
(219, 27, 35, 4),
(220, 28, 35, 4),
(221, 1, 38, 4),
(222, 2, 38, 4),
(223, 3, 38, 4),
(224, 4, 38, 4),
(225, 5, 38, 4),
(226, 24, 38, 4),
(227, 25, 38, 4),
(228, 26, 38, 4),
(229, 27, 38, 4),
(230, 28, 38, 4),
(231, 1, 36, 4),
(232, 2, 36, 4),
(233, 3, 36, 4),
(234, 4, 36, 2),
(235, 5, 36, 4),
(236, 24, 36, 5),
(237, 25, 36, 4),
(238, 26, 36, 4),
(239, 27, 36, 4),
(240, 28, 36, 5),
(241, 1, 29, 2),
(242, 2, 29, 3),
(243, 3, 29, 3),
(244, 4, 29, 3),
(245, 5, 29, 3),
(246, 24, 29, 1),
(247, 25, 29, 1),
(248, 26, 29, 1),
(249, 27, 29, 1),
(250, 28, 29, 1),
(251, 1, 8, 4),
(252, 2, 8, 3),
(253, 3, 8, 4),
(254, 4, 8, 4),
(255, 5, 8, 4),
(256, 24, 8, 5),
(257, 25, 8, 4),
(258, 26, 8, 4),
(259, 27, 8, 4),
(260, 28, 8, 4),
(261, 1, 32, 4),
(262, 2, 32, 3),
(263, 3, 32, 4),
(264, 4, 32, 4),
(265, 5, 32, 4),
(266, 24, 32, 4),
(267, 25, 32, 4),
(268, 26, 32, 4),
(269, 27, 32, 5),
(270, 28, 32, 4),
(271, 1, 42, 5),
(272, 2, 42, 4),
(273, 3, 42, 5),
(274, 4, 42, 5),
(275, 5, 42, 5),
(276, 24, 42, 5),
(277, 25, 42, 5),
(278, 26, 42, 5),
(279, 27, 42, 4),
(280, 28, 42, 5),
(281, 1, 48, 5),
(282, 2, 48, 4),
(283, 3, 48, 4),
(284, 4, 48, 3),
(285, 5, 48, 4),
(286, 24, 48, 5),
(287, 25, 48, 5),
(288, 26, 48, 4),
(289, 27, 48, 4),
(290, 28, 48, 4),
(291, 1, 31, 4),
(292, 2, 31, 3),
(293, 3, 31, 3),
(294, 4, 31, 4),
(295, 5, 31, 4),
(296, 24, 31, 3),
(297, 25, 31, 4),
(298, 26, 31, 2),
(299, 27, 31, 4),
(300, 28, 31, 3),
(301, 1, 46, 3),
(302, 2, 46, 2),
(303, 3, 46, 4),
(304, 4, 46, 4),
(305, 5, 46, 3),
(306, 24, 46, 3),
(307, 25, 46, 4),
(308, 26, 46, 4),
(309, 27, 46, 3),
(310, 28, 46, 3),
(311, 1, 34, 4),
(312, 2, 34, 4),
(313, 3, 34, 5),
(314, 4, 34, 5),
(315, 5, 34, 5),
(316, 24, 34, 4),
(317, 25, 34, 4),
(318, 26, 34, 3),
(319, 27, 34, 4),
(320, 28, 34, 4),
(321, 1, 6, 4),
(322, 2, 6, 1),
(323, 3, 6, 4),
(324, 4, 6, 4),
(325, 5, 6, 4),
(326, 24, 6, 3),
(327, 25, 6, 3),
(328, 26, 6, 2),
(329, 27, 6, 3),
(330, 28, 6, 3),
(331, 1, 47, 3),
(332, 2, 47, 1),
(333, 3, 47, 3),
(334, 4, 47, 4),
(335, 5, 47, 4),
(336, 24, 47, 4),
(337, 25, 47, 4),
(338, 26, 47, 5),
(339, 27, 47, 3),
(340, 28, 47, 4),
(341, 1, 44, 4),
(342, 2, 44, 2),
(343, 3, 44, 4),
(344, 4, 44, 4),
(345, 5, 44, 4),
(346, 24, 44, 6),
(347, 25, 44, 4),
(348, 26, 44, 3),
(349, 27, 44, 2),
(350, 28, 44, 2),
(351, 1, 39, 4),
(352, 2, 39, 2),
(353, 3, 39, 3),
(354, 4, 39, 4),
(355, 5, 39, 4),
(356, 24, 39, 4),
(357, 25, 39, 4),
(358, 26, 39, 5),
(359, 27, 39, 3),
(360, 28, 39, 4),
(361, 1, 49, 5),
(362, 2, 49, 4),
(363, 3, 49, 5),
(364, 4, 49, 5),
(365, 5, 49, 5),
(366, 24, 49, 5),
(367, 25, 49, 5),
(368, 26, 49, 4),
(369, 27, 49, 5),
(370, 28, 49, 5),
(371, 1, 51, 4),
(372, 2, 51, 4),
(373, 3, 51, 5),
(374, 4, 51, 5),
(375, 5, 51, 4),
(376, 24, 51, 5),
(377, 25, 51, 5),
(378, 26, 51, 5),
(379, 27, 51, 4),
(380, 28, 51, 4),
(381, 1, 57, 4),
(382, 2, 57, 4),
(383, 3, 57, 3),
(384, 4, 57, 4),
(385, 5, 57, 4),
(386, 24, 57, 4),
(387, 25, 57, 4),
(388, 26, 57, 4),
(389, 27, 57, 4),
(390, 28, 57, 4),
(391, 1, 43, 5),
(392, 2, 43, 3),
(393, 3, 43, 4),
(394, 4, 43, 5),
(395, 5, 43, 4),
(396, 24, 43, 3),
(397, 25, 43, 3),
(398, 26, 43, 3),
(399, 27, 43, 3),
(400, 28, 43, 3),
(401, 1, 59, 4),
(402, 2, 59, 3),
(403, 3, 59, 4),
(404, 4, 59, 5),
(405, 5, 59, 4),
(406, 24, 59, 4),
(407, 25, 59, 4),
(408, 26, 59, 4),
(409, 27, 59, 4),
(410, 28, 59, 4),
(411, 1, 54, 3),
(412, 2, 54, 2),
(413, 3, 54, 1),
(414, 4, 54, 1),
(415, 5, 54, 2),
(416, 24, 54, 3),
(417, 25, 54, 2),
(418, 26, 54, 2),
(419, 27, 54, 2),
(420, 28, 54, 2),
(421, 1, 53, 4),
(422, 2, 53, 4),
(423, 3, 53, 4),
(424, 4, 53, 4),
(425, 5, 53, 4),
(426, 24, 53, 2),
(427, 25, 53, 3),
(428, 26, 53, 3),
(429, 27, 53, 4),
(430, 28, 53, 3),
(431, 1, 61, 4),
(432, 2, 61, 2),
(433, 3, 61, 4),
(434, 4, 61, 5),
(435, 5, 61, 3),
(436, 24, 61, 4),
(437, 25, 61, 3),
(438, 26, 61, 3),
(439, 27, 61, 3),
(440, 28, 61, 3),
(441, 1, 50, 4),
(442, 2, 50, 4),
(443, 3, 50, 4),
(444, 4, 50, 3),
(445, 5, 50, 4),
(446, 24, 50, 2),
(447, 25, 50, 3),
(448, 26, 50, 4),
(449, 27, 50, 4),
(450, 28, 50, 3),
(451, 1, 45, 4),
(452, 2, 45, 4),
(453, 3, 45, 4),
(454, 4, 45, 4),
(455, 5, 45, 4),
(456, 24, 45, 4),
(457, 25, 45, 4),
(458, 26, 45, 3),
(459, 27, 45, 3),
(460, 28, 45, 4),
(461, 1, 64, 5),
(462, 2, 64, 5),
(463, 3, 64, 5),
(464, 4, 64, 5),
(465, 5, 64, 5),
(466, 24, 64, 6),
(467, 25, 64, 5),
(468, 26, 64, 4),
(469, 27, 64, 5),
(470, 28, 64, 5),
(471, 1, 55, 4),
(472, 2, 55, 5),
(473, 3, 55, 5),
(474, 4, 55, 4),
(475, 5, 55, 5),
(476, 24, 55, 5),
(477, 25, 55, 5),
(478, 26, 55, 5),
(479, 27, 55, 5),
(480, 28, 55, 5),
(481, 1, 60, 4),
(482, 2, 60, 4),
(483, 3, 60, 3),
(484, 4, 60, 3),
(485, 5, 60, 3),
(486, 24, 60, 4),
(487, 25, 60, 4),
(488, 26, 60, 4),
(489, 27, 60, 3),
(490, 28, 60, 4),
(491, 1, 52, 6),
(492, 2, 52, 6),
(493, 3, 52, 5),
(494, 4, 52, 6),
(495, 5, 52, 6),
(496, 24, 52, 6),
(497, 25, 52, 6),
(498, 26, 52, 6),
(499, 27, 52, 6),
(500, 28, 52, 6),
(501, 1, 58, 5),
(502, 2, 58, 3),
(503, 3, 58, 4),
(504, 4, 58, 5),
(505, 5, 58, 5),
(506, 24, 58, 4),
(507, 25, 58, 5),
(508, 26, 58, 3),
(509, 27, 58, 5),
(510, 28, 58, 4),
(511, 1, 67, 4),
(512, 2, 67, 1),
(513, 3, 67, 4),
(514, 4, 67, 5),
(515, 5, 67, 3),
(516, 24, 67, 4),
(517, 25, 67, 3),
(518, 26, 67, 3),
(519, 27, 67, 3),
(520, 28, 67, 3),
(521, 1, 63, 4),
(522, 2, 63, 1),
(523, 3, 63, 3),
(524, 4, 63, 5),
(525, 5, 63, 4),
(526, 24, 63, 3),
(527, 25, 63, 5),
(528, 26, 63, 4),
(529, 27, 63, 2),
(530, 28, 63, 4),
(531, 1, 66, 1),
(532, 2, 66, 1),
(533, 3, 66, 2),
(534, 4, 66, 3),
(535, 5, 66, 1),
(536, 24, 66, 2),
(537, 25, 66, 1),
(538, 26, 66, 2),
(539, 27, 66, 3),
(540, 28, 66, 1),
(541, 1, 73, 4),
(542, 2, 73, 1),
(543, 3, 73, 4),
(544, 4, 73, 3),
(545, 5, 73, 4),
(546, 24, 73, 4),
(547, 25, 73, 4),
(548, 26, 73, 4),
(549, 27, 73, 3),
(550, 28, 73, 4),
(551, 1, 72, 3),
(552, 2, 72, 3),
(553, 3, 72, 3),
(554, 4, 72, 3),
(555, 5, 72, 3),
(556, 24, 72, 3),
(557, 25, 72, 3),
(558, 26, 72, 3),
(559, 27, 72, 3),
(560, 28, 72, 3),
(561, 1, 70, 4),
(562, 2, 70, 3),
(563, 3, 70, 4),
(564, 4, 70, 4),
(565, 5, 70, 4),
(566, 24, 70, 2),
(567, 25, 70, 4),
(568, 26, 70, 4),
(569, 27, 70, 2),
(570, 28, 70, 3),
(571, 1, 68, 4),
(572, 2, 68, 4),
(573, 3, 68, 5),
(574, 4, 68, 4),
(575, 5, 68, 5),
(576, 24, 68, 5),
(577, 25, 68, 4),
(578, 26, 68, 4),
(579, 27, 68, 5),
(580, 28, 68, 5),
(581, 1, 62, 4),
(582, 2, 62, 3),
(583, 3, 62, 4),
(584, 4, 62, 4),
(585, 5, 62, 4),
(586, 24, 62, 4),
(587, 25, 62, 5),
(588, 26, 62, 5),
(589, 27, 62, 4),
(590, 28, 62, 4),
(591, 1, 75, 3),
(592, 2, 75, 2),
(593, 3, 75, 3),
(594, 4, 75, 3),
(595, 5, 75, 3),
(596, 24, 75, 3),
(597, 25, 75, 3),
(598, 26, 75, 3),
(599, 27, 75, 3),
(600, 28, 75, 3),
(601, 1, 65, 4),
(602, 2, 65, 1),
(603, 3, 65, 4),
(604, 4, 65, 4),
(605, 5, 65, 4),
(606, 24, 65, 4),
(607, 25, 65, 4),
(608, 26, 65, 4),
(609, 27, 65, 2),
(610, 28, 65, 3),
(611, 1, 77, 3),
(612, 2, 77, 4),
(613, 3, 77, 4),
(614, 4, 77, 4),
(615, 5, 77, 4),
(616, 24, 77, 3),
(617, 25, 77, 5),
(618, 26, 77, 4),
(619, 27, 77, 4),
(620, 28, 77, 4),
(621, 1, 71, 4),
(622, 2, 71, 3),
(623, 3, 71, 4),
(624, 4, 71, 4),
(625, 5, 71, 4),
(626, 24, 71, 5),
(627, 25, 71, 5),
(628, 26, 71, 2),
(629, 27, 71, 3),
(630, 28, 71, 3),
(631, 1, 74, 4),
(632, 2, 74, 4),
(633, 3, 74, 4),
(634, 4, 74, 4),
(635, 5, 74, 4),
(636, 24, 74, 2),
(637, 25, 74, 3),
(638, 26, 74, 2),
(639, 27, 74, 3),
(640, 28, 74, 3),
(641, 1, 79, 5),
(642, 2, 79, 4),
(643, 3, 79, 5),
(644, 4, 79, 5),
(645, 5, 79, 5),
(646, 24, 79, 5),
(647, 25, 79, 5),
(648, 26, 79, 4),
(649, 27, 79, 4),
(650, 28, 79, 4),
(651, 1, 78, 5),
(652, 2, 78, 4),
(653, 3, 78, 4),
(654, 4, 78, 5),
(655, 5, 78, 5),
(656, 24, 78, 5),
(657, 25, 78, 5),
(658, 26, 78, 3),
(659, 27, 78, 4),
(660, 28, 78, 4),
(661, 1, 76, 4),
(662, 2, 76, 4),
(663, 3, 76, 5),
(664, 4, 76, 4),
(665, 5, 76, 5),
(666, 24, 76, 4),
(667, 25, 76, 5),
(668, 26, 76, 5),
(669, 27, 76, 4),
(670, 28, 76, 4),
(671, 1, 69, 2),
(672, 2, 69, 1),
(673, 3, 69, 3),
(674, 4, 69, 2),
(675, 5, 69, 3),
(676, 24, 69, 1),
(677, 25, 69, 2),
(678, 26, 69, 2),
(679, 27, 69, 1),
(680, 28, 69, 2),
(681, 1, 84, 4),
(682, 2, 84, 1),
(683, 3, 84, 4),
(684, 4, 84, 4),
(685, 5, 84, 4),
(686, 24, 84, 2),
(687, 25, 84, 4),
(688, 26, 84, 3),
(689, 27, 84, 1),
(690, 28, 84, 2),
(691, 1, 86, 4),
(692, 2, 86, 4),
(693, 3, 86, 3),
(694, 4, 86, 3),
(695, 5, 86, 3),
(696, 24, 86, 3),
(697, 25, 86, 4),
(698, 26, 86, 4),
(699, 27, 86, 4),
(700, 28, 86, 4),
(701, 1, 83, 3),
(702, 2, 83, 1),
(703, 3, 83, 4),
(704, 4, 83, 3),
(705, 5, 83, 3),
(706, 24, 83, 3),
(707, 25, 83, 4),
(708, 26, 83, 3),
(709, 27, 83, 3),
(710, 28, 83, 3),
(711, 1, 87, 2),
(712, 2, 87, 1),
(713, 3, 87, 2),
(714, 4, 87, 3),
(715, 5, 87, 1),
(716, 24, 87, 3),
(717, 25, 87, 1),
(718, 26, 87, 2),
(719, 27, 87, 1),
(720, 28, 87, 1),
(721, 1, 88, 5),
(722, 2, 88, 6),
(723, 3, 88, 5),
(724, 4, 88, 6),
(725, 5, 88, 5),
(726, 24, 88, 6),
(727, 25, 88, 4),
(728, 26, 88, 4),
(729, 27, 88, 4),
(730, 28, 88, 5),
(731, 1, 89, 3),
(732, 2, 89, 1),
(733, 3, 89, 3),
(734, 4, 89, 4),
(735, 5, 89, 3),
(736, 24, 89, 4),
(737, 25, 89, 3),
(738, 26, 89, 3),
(739, 27, 89, 2),
(740, 28, 89, 3),
(741, 1, 85, 3),
(742, 2, 85, 4),
(743, 3, 85, 4),
(744, 4, 85, 3),
(745, 5, 85, 3),
(746, 24, 85, 2),
(747, 25, 85, 2),
(748, 26, 85, 3),
(749, 27, 85, 3),
(750, 28, 85, 2),
(751, 1, 81, 5),
(752, 2, 81, 5),
(753, 3, 81, 5),
(754, 4, 81, 5),
(755, 5, 81, 5),
(756, 24, 81, 5),
(757, 25, 81, 5),
(758, 26, 81, 5),
(759, 27, 81, 4),
(760, 28, 81, 4),
(761, 1, 94, 3),
(762, 2, 94, 3),
(763, 3, 94, 3),
(764, 4, 94, 3),
(765, 5, 94, 3),
(766, 24, 94, 4),
(767, 25, 94, 3),
(768, 26, 94, 3),
(769, 27, 94, 3),
(770, 28, 94, 3),
(771, 1, 102, 4),
(772, 2, 102, 4),
(773, 3, 102, 4),
(774, 4, 102, 4),
(775, 5, 102, 4),
(776, 24, 102, 4),
(777, 25, 102, 4),
(778, 26, 102, 4),
(779, 27, 102, 4),
(780, 28, 102, 4),
(781, 1, 97, 3),
(782, 2, 97, 2),
(783, 3, 97, 3),
(784, 4, 97, 3),
(785, 5, 97, 3),
(786, 24, 97, 4),
(787, 25, 97, 3),
(788, 26, 97, 3),
(789, 27, 97, 4),
(790, 28, 97, 4),
(791, 1, 103, 4),
(792, 2, 103, 5),
(793, 3, 103, 4),
(794, 4, 103, 4),
(795, 5, 103, 4),
(796, 24, 103, 3),
(797, 25, 103, 4),
(798, 26, 103, 4),
(799, 27, 103, 3),
(800, 28, 103, 4),
(801, 1, 100, 5),
(802, 2, 100, 4),
(803, 3, 100, 5),
(804, 4, 100, 4),
(805, 5, 100, 5),
(806, 24, 100, 5),
(807, 25, 100, 4),
(808, 26, 100, 5),
(809, 27, 100, 4),
(810, 28, 100, 5),
(811, 1, 91, 6),
(812, 2, 91, 5),
(813, 3, 91, 6),
(814, 4, 91, 6),
(815, 5, 91, 6),
(816, 24, 91, 6),
(817, 25, 91, 5),
(818, 26, 91, 5),
(819, 27, 91, 6),
(820, 28, 91, 6),
(821, 1, 105, 5),
(822, 2, 105, 4),
(823, 3, 105, 5),
(824, 4, 105, 5),
(825, 5, 105, 5),
(826, 24, 105, 4),
(827, 25, 105, 5),
(828, 26, 105, 5),
(829, 27, 105, 5),
(830, 28, 105, 5),
(831, 1, 104, 4),
(832, 2, 104, 3),
(833, 3, 104, 3),
(834, 4, 104, 3),
(835, 5, 104, 3),
(836, 24, 104, 3),
(837, 25, 104, 3),
(838, 26, 104, 3),
(839, 27, 104, 3),
(840, 28, 104, 3),
(841, 1, 112, 2),
(842, 2, 112, 2),
(843, 3, 112, 2),
(844, 4, 112, 2),
(845, 5, 112, 2),
(846, 24, 112, 2),
(847, 25, 112, 3),
(848, 26, 112, 3),
(849, 27, 112, 2),
(850, 28, 112, 3),
(851, 1, 108, 5),
(852, 2, 108, 4),
(853, 3, 108, 5),
(854, 4, 108, 5),
(855, 5, 108, 5),
(856, 24, 108, 5),
(857, 25, 108, 6),
(858, 26, 108, 5),
(859, 27, 108, 5),
(860, 28, 108, 5),
(861, 1, 110, 5),
(862, 2, 110, 1),
(863, 3, 110, 5),
(864, 4, 110, 5),
(865, 5, 110, 5),
(866, 24, 110, 4),
(867, 25, 110, 3),
(868, 26, 110, 4),
(869, 27, 110, 4),
(870, 28, 110, 5),
(871, 1, 107, 4),
(872, 2, 107, 4),
(873, 3, 107, 4),
(874, 4, 107, 5),
(875, 5, 107, 4),
(876, 24, 107, 3),
(877, 25, 107, 3),
(878, 26, 107, 4),
(879, 27, 107, 3),
(880, 28, 107, 3),
(881, 1, 106, 6),
(882, 2, 106, 1),
(883, 3, 106, 6),
(884, 4, 106, 6),
(885, 5, 106, 6),
(886, 24, 106, 1),
(887, 25, 106, 4),
(888, 26, 106, 3),
(889, 27, 106, 4),
(890, 28, 106, 4),
(891, 1, 109, 4),
(892, 2, 109, 2),
(893, 3, 109, 4),
(894, 4, 109, 5),
(895, 5, 109, 4),
(896, 24, 109, 2),
(897, 25, 109, 3),
(898, 26, 109, 3),
(899, 27, 109, 2),
(900, 28, 109, 2),
(901, 1, 98, 4),
(902, 2, 98, 4),
(903, 3, 98, 4),
(904, 4, 98, 4),
(905, 5, 98, 4),
(906, 24, 98, 5),
(907, 25, 98, 4),
(908, 26, 98, 4),
(909, 27, 98, 4),
(910, 28, 98, 4),
(911, 1, 113, 5),
(912, 2, 113, 3),
(913, 3, 113, 4),
(914, 4, 113, 4),
(915, 5, 113, 5),
(916, 24, 113, 3),
(917, 25, 113, 4),
(918, 26, 113, 4),
(919, 27, 113, 4),
(920, 28, 113, 4),
(921, 1, 114, 5),
(922, 2, 114, 4),
(923, 3, 114, 5),
(924, 4, 114, 4),
(925, 5, 114, 5),
(926, 24, 114, 5),
(927, 25, 114, 4),
(928, 26, 114, 4),
(929, 27, 114, 4),
(930, 28, 114, 5),
(931, 1, 120, 4),
(932, 2, 120, 4),
(933, 3, 120, 4),
(934, 4, 120, 3),
(935, 5, 120, 4),
(936, 24, 120, 4),
(937, 25, 120, 4),
(938, 26, 120, 4),
(939, 27, 120, 3),
(940, 28, 120, 4),
(941, 1, 119, 2),
(942, 2, 119, 2),
(943, 3, 119, 2),
(944, 4, 119, 3),
(945, 5, 119, 1),
(946, 24, 119, 2),
(947, 25, 119, 1),
(948, 26, 119, 1),
(949, 27, 119, 1),
(950, 28, 119, 1),
(951, 1, 101, 3),
(952, 2, 101, 4),
(953, 3, 101, 4),
(954, 4, 101, 4),
(955, 5, 101, 4),
(956, 24, 101, 3),
(957, 25, 101, 4),
(958, 26, 101, 4),
(959, 27, 101, 2),
(960, 28, 101, 3),
(961, 1, 117, 5),
(962, 2, 117, 6),
(963, 3, 117, 5),
(964, 4, 117, 5),
(965, 5, 117, 5),
(966, 24, 117, 5),
(967, 25, 117, 5),
(968, 26, 117, 5),
(969, 27, 117, 5),
(970, 28, 117, 5),
(971, 1, 116, 5),
(972, 2, 116, 4),
(973, 3, 116, 4),
(974, 4, 116, 5),
(975, 5, 116, 5),
(976, 24, 116, 5),
(977, 25, 116, 5),
(978, 26, 116, 5),
(979, 27, 116, 4),
(980, 28, 116, 5),
(981, 1, 122, 4),
(982, 2, 122, 1),
(983, 3, 122, 3),
(984, 4, 122, 3),
(985, 5, 122, 3),
(986, 24, 122, 3),
(987, 25, 122, 4),
(988, 26, 122, 4),
(989, 27, 122, 4),
(990, 28, 122, 4),
(991, 1, 118, 5),
(992, 2, 118, 3),
(993, 3, 118, 5),
(994, 4, 118, 5),
(995, 5, 118, 5),
(996, 24, 118, 5),
(997, 25, 118, 5),
(998, 26, 118, 5),
(999, 27, 118, 4),
(1000, 28, 118, 5),
(1011, 1, 125, 3),
(1012, 2, 125, 2),
(1013, 3, 125, 3),
(1014, 4, 125, 3),
(1015, 5, 125, 3),
(1016, 24, 125, 5),
(1017, 25, 125, 4),
(1018, 26, 125, 3),
(1019, 27, 125, 2),
(1020, 28, 125, 2),
(1021, 1, 131, 3),
(1022, 2, 131, 3),
(1023, 3, 131, 3),
(1024, 4, 131, 3),
(1025, 5, 131, 3),
(1026, 24, 131, 4),
(1027, 25, 131, 4),
(1028, 26, 131, 4),
(1029, 27, 131, 4),
(1030, 28, 131, 4),
(1031, 1, 123, 2),
(1032, 2, 123, 3),
(1033, 3, 123, 3),
(1034, 4, 123, 3),
(1035, 5, 123, 3),
(1036, 24, 123, 1),
(1037, 25, 123, 2),
(1038, 26, 123, 2),
(1039, 27, 123, 3),
(1040, 28, 123, 1),
(1041, 1, 124, 2),
(1042, 2, 124, 2),
(1043, 3, 124, 3),
(1044, 4, 124, 3),
(1045, 5, 124, 3),
(1046, 24, 124, 1),
(1047, 25, 124, 2),
(1048, 26, 124, 1),
(1049, 27, 124, 1),
(1050, 28, 124, 1),
(1051, 1, 129, 5),
(1052, 2, 129, 1),
(1053, 3, 129, 5),
(1054, 4, 129, 4),
(1055, 5, 129, 4),
(1056, 24, 129, 5),
(1057, 25, 129, 5),
(1058, 26, 129, 5),
(1059, 27, 129, 4),
(1060, 28, 129, 5),
(1061, 1, 132, 4),
(1062, 2, 132, 5),
(1063, 3, 132, 4),
(1064, 4, 132, 5),
(1065, 5, 132, 5),
(1066, 24, 132, 4),
(1067, 25, 132, 5),
(1068, 26, 132, 5),
(1069, 27, 132, 5),
(1070, 28, 132, 5),
(1071, 1, 121, 6),
(1072, 2, 121, 6),
(1073, 3, 121, 6),
(1074, 4, 121, 5),
(1075, 5, 121, 6),
(1076, 24, 121, 6),
(1077, 25, 121, 6),
(1078, 26, 121, 6),
(1079, 27, 121, 6),
(1080, 28, 121, 6),
(1081, 1, 134, 2),
(1082, 2, 134, 2),
(1083, 3, 134, 3),
(1084, 4, 134, 3),
(1085, 5, 134, 1),
(1086, 24, 134, 4),
(1087, 25, 134, 2),
(1088, 26, 134, 2),
(1089, 27, 134, 2),
(1090, 28, 134, 1),
(1091, 1, 137, 4),
(1092, 2, 137, 4),
(1093, 3, 137, 3),
(1094, 4, 137, 3),
(1095, 5, 137, 4),
(1096, 24, 137, 4),
(1097, 25, 137, 3),
(1098, 26, 137, 4),
(1099, 27, 137, 3),
(1100, 28, 137, 3),
(1101, 1, 126, 4),
(1102, 2, 126, 4),
(1103, 3, 126, 4),
(1104, 4, 126, 5),
(1105, 5, 126, 5),
(1106, 24, 126, 3),
(1107, 25, 126, 4),
(1108, 26, 126, 4),
(1109, 27, 126, 4),
(1110, 28, 126, 5),
(1111, 1, 138, 4),
(1112, 2, 138, 4),
(1113, 3, 138, 4),
(1114, 4, 138, 3),
(1115, 5, 138, 3),
(1116, 24, 138, 4),
(1117, 25, 138, 4),
(1118, 26, 138, 4),
(1119, 27, 138, 4),
(1120, 28, 138, 4),
(1121, 1, 130, 3),
(1122, 2, 130, 2),
(1123, 3, 130, 3),
(1124, 4, 130, 3),
(1125, 5, 130, 3),
(1126, 24, 130, 3),
(1127, 25, 130, 1),
(1128, 26, 130, 3),
(1129, 27, 130, 2),
(1130, 28, 130, 2),
(1131, 1, 167, 4),
(1132, 2, 167, 4),
(1133, 3, 167, 4),
(1134, 4, 167, 4),
(1135, 5, 167, 4),
(1136, 24, 167, 5),
(1137, 25, 167, 4),
(1138, 26, 167, 4),
(1139, 27, 167, 4),
(1140, 28, 167, 5),
(1141, 1, 135, 4),
(1142, 2, 135, 3),
(1143, 3, 135, 5),
(1144, 4, 135, 5),
(1145, 5, 135, 5),
(1146, 24, 135, 3),
(1147, 25, 135, 4),
(1148, 26, 135, 4),
(1149, 27, 135, 5),
(1150, 28, 135, 4),
(1151, 1, 136, 4),
(1152, 2, 136, 1),
(1153, 3, 136, 4),
(1154, 4, 136, 4),
(1155, 5, 136, 4),
(1156, 24, 136, 5),
(1157, 25, 136, 4),
(1158, 26, 136, 3),
(1159, 27, 136, 4),
(1160, 28, 136, 3),
(1161, 1, 141, 4),
(1162, 2, 141, 4),
(1163, 3, 141, 4),
(1164, 4, 141, 4),
(1165, 5, 141, 4),
(1166, 24, 141, 4),
(1167, 25, 141, 4),
(1168, 26, 141, 3),
(1169, 27, 141, 4),
(1170, 28, 141, 4),
(1171, 1, 169, 5),
(1172, 2, 169, 1),
(1173, 3, 169, 5),
(1174, 4, 169, 4),
(1175, 5, 169, 5),
(1176, 24, 169, 4),
(1177, 25, 169, 5),
(1178, 26, 169, 4),
(1179, 27, 169, 5),
(1180, 28, 169, 5),
(1181, 1, 139, 4),
(1182, 2, 139, 4),
(1183, 3, 139, 4),
(1184, 4, 139, 4),
(1185, 5, 139, 4),
(1186, 24, 139, 4),
(1187, 25, 139, 3),
(1188, 26, 139, 4),
(1189, 27, 139, 3),
(1190, 28, 139, 3),
(1191, 1, 201, 4),
(1192, 2, 201, 4),
(1193, 3, 201, 4),
(1194, 4, 201, 4),
(1195, 5, 201, 4),
(1196, 24, 201, 5),
(1197, 25, 201, 3),
(1198, 26, 201, 3),
(1199, 27, 201, 3),
(1200, 28, 201, 4),
(1201, 4, 143, 4),
(1202, 1, 140, 5),
(1203, 2, 140, 4),
(1204, 3, 140, 4),
(1205, 4, 140, 4),
(1206, 5, 140, 4),
(1207, 24, 140, 5),
(1208, 25, 140, 4),
(1209, 26, 140, 3),
(1210, 27, 140, 4),
(1211, 28, 140, 4),
(1212, 1, 133, 4),
(1213, 2, 133, 4),
(1214, 3, 133, 4),
(1215, 4, 133, 4),
(1216, 5, 133, 4),
(1217, 24, 133, 4),
(1218, 25, 133, 4),
(1219, 26, 133, 4),
(1220, 27, 133, 3),
(1221, 28, 133, 4),
(1222, 1, 155, 4),
(1223, 3, 155, 4),
(1224, 4, 155, 4),
(1225, 5, 155, 4),
(1226, 1, 168, 3),
(1227, 2, 168, 4),
(1228, 3, 168, 3),
(1229, 4, 168, 3),
(1230, 5, 168, 1),
(1231, 24, 168, 1),
(1232, 25, 168, 1),
(1233, 26, 168, 1),
(1234, 27, 168, 1),
(1235, 28, 168, 1),
(1236, 1, 203, 4),
(1237, 2, 203, 4),
(1238, 3, 203, 4),
(1239, 4, 203, 4),
(1240, 5, 203, 4),
(1241, 24, 203, 4),
(1242, 25, 203, 4),
(1243, 26, 203, 4),
(1244, 27, 203, 4),
(1245, 28, 203, 4),
(1246, 1, 142, 3),
(1247, 2, 142, 2),
(1248, 3, 142, 4),
(1249, 4, 142, 4),
(1250, 5, 142, 4),
(1251, 24, 142, 2),
(1252, 25, 142, 2),
(1253, 26, 142, 2),
(1254, 27, 142, 2),
(1255, 28, 142, 2),
(1256, 1, 237, 4),
(1257, 2, 237, 3),
(1258, 3, 237, 4),
(1259, 4, 237, 5),
(1260, 5, 237, 5),
(1261, 24, 237, 5),
(1262, 25, 237, 5),
(1263, 26, 237, 5),
(1264, 27, 237, 5),
(1265, 28, 237, 5),
(1266, 1, 202, 3),
(1267, 2, 202, 3),
(1268, 3, 202, 3),
(1269, 4, 202, 4),
(1270, 5, 202, 3),
(1271, 24, 202, 4),
(1272, 25, 202, 3),
(1273, 26, 202, 3),
(1274, 27, 202, 3),
(1275, 28, 202, 3),
(1276, 26, 152, 4),
(1277, 1, 204, 3),
(1278, 2, 204, 2),
(1279, 3, 204, 3),
(1280, 4, 204, 4),
(1281, 5, 204, 3),
(1282, 24, 204, 1),
(1283, 25, 204, 2),
(1284, 26, 204, 1),
(1285, 27, 204, 3),
(1286, 28, 204, 1),
(1287, 24, 162, 3),
(1288, 27, 162, 3),
(1289, 28, 162, 3),
(1290, 1, 242, 4),
(1291, 2, 242, 4),
(1292, 3, 242, 4),
(1293, 4, 242, 3),
(1294, 5, 242, 4),
(1295, 24, 242, 4),
(1296, 25, 242, 4),
(1297, 26, 242, 4),
(1298, 27, 242, 4),
(1299, 28, 242, 4),
(1300, 1, 240, 4),
(1301, 2, 240, 3),
(1302, 3, 240, 4),
(1303, 4, 240, 3),
(1304, 5, 240, 3),
(1305, 24, 240, 2),
(1306, 25, 240, 3),
(1307, 26, 240, 2),
(1308, 27, 240, 3),
(1309, 28, 240, 1),
(1310, 2, 153, 1),
(1311, 27, 153, 3),
(1312, 1, 246, 5),
(1313, 2, 246, 1),
(1314, 3, 246, 5),
(1315, 4, 246, 4),
(1316, 5, 246, 5),
(1317, 24, 246, 6),
(1318, 25, 246, 5),
(1319, 26, 246, 4),
(1320, 27, 246, 4),
(1321, 28, 246, 4),
(1322, 1, 247, 2),
(1323, 2, 247, 2),
(1324, 3, 247, 2),
(1325, 4, 247, 2),
(1326, 5, 247, 2),
(1327, 24, 247, 3),
(1328, 25, 247, 2),
(1329, 26, 247, 2),
(1330, 27, 247, 2),
(1331, 28, 247, 2),
(1332, 2, 164, 1),
(1333, 1, 244, 6),
(1334, 2, 244, 6),
(1335, 3, 244, 5),
(1336, 4, 244, 5),
(1337, 5, 244, 6),
(1338, 24, 244, 6),
(1339, 25, 244, 6),
(1340, 26, 244, 6),
(1341, 27, 244, 6),
(1342, 28, 244, 6),
(1343, 1, 245, 3),
(1344, 2, 245, 3),
(1345, 3, 245, 3),
(1346, 4, 245, 4),
(1347, 5, 245, 3),
(1348, 24, 245, 5),
(1349, 25, 245, 3),
(1350, 26, 245, 3),
(1351, 27, 245, 3),
(1352, 28, 245, 2),
(1353, 2, 171, 4),
(1354, 24, 173, 4),
(1355, 1, 144, 3),
(1356, 24, 144, 4),
(1357, 25, 144, 4),
(1358, 26, 144, 2),
(1359, 28, 144, 3),
(1361, 1, 285, 3),
(1362, 2, 285, 3),
(1363, 3, 285, 3),
(1364, 4, 285, 3),
(1365, 5, 285, 3),
(1366, 24, 285, 4),
(1367, 25, 285, 3),
(1368, 26, 285, 3),
(1369, 27, 285, 3),
(1370, 28, 285, 3),
(1371, 1, 243, 4),
(1372, 2, 243, 3),
(1373, 3, 243, 4),
(1374, 4, 243, 4),
(1375, 5, 243, 4),
(1376, 24, 243, 3),
(1377, 25, 243, 4),
(1378, 26, 243, 4),
(1379, 27, 243, 4),
(1380, 28, 243, 4),
(1381, 1, 241, 5),
(1382, 2, 241, 2),
(1383, 3, 241, 4),
(1384, 4, 241, 5),
(1385, 5, 241, 5),
(1386, 24, 241, 3),
(1387, 25, 241, 4),
(1388, 26, 241, 5),
(1389, 27, 241, 3),
(1390, 28, 241, 3),
(1391, 26, 177, 4),
(1392, 27, 209, 1),
(1393, 1, 154, 5),
(1394, 5, 154, 4),
(1395, 28, 154, 4),
(1396, 1, 284, 4),
(1397, 2, 284, 4),
(1398, 3, 284, 4),
(1399, 4, 284, 4),
(1400, 5, 284, 4),
(1401, 24, 284, 3),
(1402, 25, 284, 4),
(1403, 26, 284, 4),
(1404, 27, 284, 4),
(1405, 28, 284, 4),
(1406, 1, 286, 5),
(1407, 2, 286, 3),
(1408, 3, 286, 5),
(1409, 4, 286, 4),
(1410, 5, 286, 4),
(1411, 24, 286, 4),
(1412, 25, 286, 4),
(1413, 26, 286, 4),
(1414, 27, 286, 5),
(1415, 28, 286, 4),
(1416, 26, 146, 2),
(1417, 1, 288, 4),
(1418, 2, 288, 4),
(1419, 3, 288, 4),
(1420, 4, 288, 4),
(1421, 5, 288, 4),
(1422, 24, 288, 4),
(1423, 25, 288, 4),
(1424, 26, 288, 4),
(1425, 27, 288, 4),
(1426, 28, 288, 4),
(1427, 1, 127, 6),
(1428, 2, 127, 6),
(1429, 3, 127, 6),
(1430, 4, 127, 6),
(1431, 5, 127, 6),
(1432, 24, 127, 6),
(1433, 25, 127, 6),
(1434, 26, 127, 6),
(1435, 27, 127, 6),
(1436, 28, 127, 6),
(1437, 1, 289, 5),
(1438, 2, 289, 2),
(1439, 3, 289, 4),
(1440, 4, 289, 4),
(1441, 5, 289, 4),
(1442, 24, 289, 6),
(1443, 25, 289, 6),
(1444, 26, 289, 6),
(1445, 27, 289, 5),
(1446, 28, 289, 6),
(1447, 1, 283, 4),
(1448, 2, 283, 5),
(1449, 3, 283, 5),
(1450, 4, 283, 4),
(1451, 5, 283, 4),
(1452, 24, 283, 5),
(1453, 25, 283, 5),
(1454, 26, 283, 5),
(1455, 27, 283, 4),
(1456, 28, 283, 4),
(1457, 24, 182, 4),
(1458, 26, 182, 4),
(1459, 27, 182, 3),
(1460, 28, 182, 4),
(1461, 1, 127, 1),
(1462, 2, 127, 1),
(1463, 3, 127, 1),
(1464, 4, 127, 1),
(1465, 5, 127, 1),
(1466, 24, 127, 1),
(1467, 25, 127, 1),
(1468, 26, 127, 1),
(1469, 27, 127, 1),
(1470, 28, 127, 1),
(1471, 2, 213, 5),
(1472, 1, 238, 4),
(1473, 2, 238, 4),
(1474, 3, 238, 5),
(1475, 4, 238, 5),
(1476, 5, 238, 5),
(1477, 24, 238, 5),
(1478, 25, 238, 5),
(1479, 26, 238, 5),
(1480, 27, 238, 5),
(1481, 28, 238, 5),
(1482, 26, 183, 4),
(1483, 1, 293, 3),
(1484, 2, 293, 3),
(1485, 3, 293, 3),
(1486, 4, 293, 3),
(1487, 5, 293, 3),
(1488, 24, 293, 4),
(1489, 25, 293, 3),
(1490, 26, 293, 3),
(1491, 27, 293, 3),
(1492, 28, 293, 4),
(1493, 1, 287, 4),
(1494, 2, 287, 2),
(1495, 3, 287, 4),
(1496, 4, 287, 4),
(1497, 5, 287, 5),
(1498, 24, 287, 5),
(1499, 25, 287, 5),
(1500, 26, 287, 5),
(1501, 27, 287, 5),
(1502, 28, 287, 5),
(1503, 25, 219, 3),
(1504, 27, 219, 3),
(1505, 28, 219, 3),
(1506, 1, 290, 4),
(1507, 2, 290, 1),
(1508, 3, 290, 4),
(1509, 4, 290, 2),
(1510, 5, 290, 3),
(1511, 24, 290, 1),
(1512, 25, 290, 4),
(1513, 26, 290, 4),
(1514, 27, 290, 2),
(1515, 28, 290, 2),
(1516, 2, 156, 4),
(1517, 4, 156, 5),
(1518, 1, 194, 3),
(1519, 4, 194, 4),
(1520, 5, 194, 4),
(1521, 25, 194, 4),
(1522, 26, 194, 4),
(1523, 28, 194, 3),
(1524, 1, 298, 4),
(1525, 2, 298, 4),
(1526, 3, 298, 4),
(1527, 4, 298, 4),
(1528, 5, 298, 4),
(1529, 24, 298, 5),
(1530, 25, 298, 2),
(1531, 26, 298, 2),
(1532, 27, 298, 3),
(1533, 28, 298, 2),
(1534, 1, 300, 6),
(1535, 2, 300, 6),
(1536, 3, 300, 6),
(1537, 4, 300, 6),
(1538, 5, 300, 6),
(1539, 24, 300, 6),
(1540, 25, 300, 6),
(1541, 26, 300, 6),
(1542, 27, 300, 6),
(1543, 28, 300, 6),
(1544, 2, 225, 3),
(1545, 27, 225, 3),
(1546, 28, 225, 4),
(1547, 2, 157, 3),
(1548, 24, 157, 4),
(1549, 27, 157, 4),
(1550, 2, 147, 1),
(1551, 25, 147, 4),
(1552, 26, 147, 4),
(1553, 27, 147, 3),
(1554, 28, 147, 3),
(1555, 1, 301, 4),
(1556, 2, 301, 4),
(1557, 3, 301, 4),
(1558, 4, 301, 5),
(1559, 5, 301, 4),
(1560, 24, 301, 5),
(1561, 25, 301, 3),
(1562, 26, 301, 4),
(1563, 27, 301, 3),
(1564, 28, 301, 4),
(1565, 3, 227, 5),
(1566, 26, 227, 4),
(1567, 27, 227, 4),
(1568, 28, 227, 4),
(1569, 1, 297, 3),
(1570, 2, 297, 2),
(1571, 3, 297, 4),
(1572, 4, 297, 4),
(1573, 5, 297, 4),
(1574, 24, 297, 3),
(1575, 25, 297, 4),
(1576, 26, 297, 4),
(1577, 27, 297, 4),
(1578, 28, 297, 4),
(1579, 1, 295, 4),
(1580, 2, 295, 4),
(1581, 3, 295, 4),
(1582, 4, 295, 4),
(1583, 5, 295, 4),
(1584, 24, 295, 4),
(1585, 25, 295, 4),
(1586, 26, 295, 4),
(1587, 27, 295, 4),
(1588, 28, 295, 4),
(1589, 1, 299, 4),
(1590, 2, 299, 2),
(1591, 3, 299, 3),
(1592, 4, 299, 4),
(1593, 5, 299, 3),
(1594, 24, 299, 5),
(1595, 25, 299, 4),
(1596, 26, 299, 3),
(1597, 27, 299, 4),
(1598, 28, 299, 2),
(1599, 4, 230, 4),
(1600, 24, 230, 4),
(1601, 3, 159, 4),
(1602, 26, 159, 4),
(1603, 27, 159, 5),
(1604, 28, 159, 4),
(1605, 24, 233, 5),
(1606, 27, 233, 5),
(1607, 28, 233, 5),
(1608, 1, 302, 4),
(1609, 2, 302, 2),
(1610, 3, 302, 3),
(1611, 4, 302, 3),
(1612, 5, 302, 3),
(1613, 24, 302, 1),
(1614, 25, 302, 1),
(1615, 26, 302, 2),
(1616, 27, 302, 2),
(1617, 28, 302, 1),
(1618, 1, 296, 4),
(1619, 2, 296, 4),
(1620, 3, 296, 5),
(1621, 4, 296, 5),
(1622, 5, 296, 5),
(1623, 24, 296, 5),
(1624, 25, 296, 5),
(1625, 26, 296, 5),
(1626, 27, 296, 5),
(1627, 28, 296, 5),
(1628, 1, 150, 3),
(1629, 1, 303, 4),
(1630, 2, 303, 4),
(1631, 3, 303, 4),
(1632, 4, 303, 4),
(1633, 5, 303, 4),
(1634, 24, 303, 4),
(1635, 25, 303, 4),
(1636, 26, 303, 4),
(1637, 27, 303, 4),
(1638, 28, 303, 4),
(1639, 2, 160, 2),
(1640, 26, 160, 3),
(1641, 27, 160, 4),
(1642, 1, 318, 5),
(1643, 2, 318, 3),
(1644, 5, 318, 4),
(1645, 24, 318, 4),
(1646, 25, 318, 4),
(1647, 26, 318, 3),
(1648, 27, 318, 3),
(1649, 28, 318, 3),
(1650, 2, 151, 4),
(1651, 24, 151, 2),
(1652, 25, 151, 3),
(1653, 26, 151, 4),
(1654, 27, 151, 2),
(1655, 28, 151, 2),
(1656, 25, 309, 4),
(1657, 26, 309, 3),
(1658, 28, 309, 4),
(1659, 3, 311, 3),
(1660, 1, 338, 1),
(1661, 2, 338, 1),
(1662, 3, 338, 3),
(1663, 4, 338, 4),
(1664, 5, 338, 2),
(1665, 24, 338, 1),
(1666, 25, 338, 2),
(1667, 26, 338, 2),
(1668, 27, 338, 1),
(1669, 28, 338, 1),
(1670, 5, 248, 2),
(1671, 24, 248, 1),
(1672, 25, 248, 1),
(1673, 26, 248, 1),
(1674, 27, 248, 1),
(1675, 28, 248, 1),
(1676, 1, 315, 3),
(1677, 2, 315, 4),
(1678, 2, 302, 2),
(1679, 1, 323, 4),
(1680, 2, 323, 4),
(1681, 3, 323, 4),
(1682, 4, 323, 4),
(1683, 5, 323, 4),
(1684, 24, 323, 4),
(1685, 25, 323, 4),
(1686, 26, 323, 4),
(1687, 27, 323, 4),
(1688, 28, 323, 4),
(1689, 1, 313, 4),
(1690, 2, 313, 3),
(1691, 3, 313, 4),
(1692, 4, 313, 4),
(1693, 5, 313, 4),
(1694, 24, 313, 4),
(1695, 25, 313, 5),
(1696, 26, 313, 5),
(1697, 27, 313, 5),
(1698, 28, 313, 4),
(1699, 25, 314, 3),
(1700, 26, 314, 3),
(1701, 24, 319, 4),
(1702, 24, 328, 2),
(1703, 1, 342, 2),
(1704, 2, 342, 2),
(1708, 24, 342, 3),
(1711, 27, 342, 2),
(1712, 28, 342, 2),
(1713, 26, 321, 3),
(1714, 28, 321, 3),
(1715, 4, 320, 3),
(1716, 24, 320, 4),
(1717, 25, 320, 3),
(1718, 26, 320, 3),
(1719, 27, 320, 3),
(1720, 28, 320, 3),
(1721, 1, 341, 4),
(1722, 2, 341, 5),
(1723, 3, 341, 5),
(1724, 4, 341, 5),
(1725, 5, 341, 4),
(1726, 24, 341, 6),
(1727, 25, 341, 6),
(1728, 26, 341, 5),
(1729, 27, 341, 5),
(1730, 28, 341, 5),
(1731, 24, 322, 4),
(1732, 24, 334, 3),
(1733, 26, 334, 2),
(1734, 28, 334, 2),
(1735, 2, 180, 4),
(1736, 24, 180, 3),
(1737, 25, 180, 5),
(1738, 26, 180, 5),
(1739, 27, 180, 3),
(1740, 28, 180, 4),
(1741, 1, 304, 3),
(1742, 2, 304, 3),
(1743, 3, 304, 4),
(1744, 4, 304, 4),
(1745, 5, 304, 4),
(1746, 24, 304, 4),
(1747, 25, 304, 4),
(1748, 26, 304, 4),
(1749, 27, 304, 3),
(1750, 28, 304, 4),
(1751, 3, 325, 4),
(1752, 24, 329, 2),
(1753, 25, 329, 2),
(1754, 26, 329, 2),
(1755, 27, 329, 2),
(1756, 28, 329, 2),
(1757, 4, 360, 4),
(1758, 28, 360, 3),
(1759, 0, 327, 0),
(1760, 1, 198, 4),
(1761, 24, 198, 4),
(1762, 25, 198, 4),
(1763, 26, 198, 4),
(1764, 27, 198, 3),
(1765, 28, 198, 4),
(1766, 2, 326, 3),
(1767, 1, 317, 3),
(1768, 27, 317, 3),
(1769, 1, 396, 4),
(1770, 2, 396, 3),
(1771, 3, 396, 4),
(1772, 4, 396, 4),
(1773, 5, 396, 4),
(1774, 24, 396, 4),
(1775, 25, 396, 4),
(1776, 26, 396, 4),
(1777, 27, 396, 4),
(1778, 28, 396, 4),
(1779, 2, 392, 4),
(1780, 26, 392, 3),
(1781, 27, 392, 5),
(1782, 2, 335, 4),
(1783, 4, 335, 4),
(1784, 1, 395, 5),
(1785, 2, 395, 4),
(1786, 3, 395, 5),
(1787, 4, 395, 5),
(1788, 5, 395, 5),
(1789, 24, 395, 6),
(1790, 25, 395, 6),
(1791, 26, 395, 5),
(1792, 27, 395, 5),
(1793, 28, 395, 5),
(1794, 1, 386, 4),
(1795, 2, 386, 3),
(1796, 3, 386, 3),
(1797, 5, 386, 3),
(1798, 25, 386, 4),
(1799, 26, 386, 4),
(1800, 27, 386, 4),
(1801, 28, 386, 4),
(1802, 1, 308, 4),
(1803, 25, 308, 4),
(1804, 28, 308, 4),
(1805, 25, 331, 4),
(1806, 26, 331, 3),
(1807, 1, 389, 4),
(1808, 2, 389, 3),
(1809, 24, 389, 4),
(1810, 2, 270, 3),
(1811, 24, 270, 3),
(1812, 25, 270, 3),
(1813, 26, 270, 3),
(1814, 27, 270, 3),
(1815, 28, 270, 3),
(1816, 2, 330, 3),
(1817, 1, 407, 5),
(1818, 2, 407, 4),
(1819, 3, 407, 5),
(1820, 4, 407, 5),
(1821, 5, 407, 4),
(1822, 24, 407, 5),
(1823, 25, 407, 5),
(1824, 26, 407, 5),
(1825, 27, 407, 4),
(1826, 28, 407, 5),
(1827, 1, 408, 4),
(1828, 2, 408, 2),
(1829, 3, 408, 4),
(1830, 4, 408, 3),
(1831, 5, 408, 5),
(1832, 24, 408, 5),
(1833, 25, 408, 6),
(1834, 26, 408, 5),
(1835, 27, 408, 5),
(1836, 28, 408, 5),
(1837, 1, 408, 6),
(1838, 2, 408, 6),
(1839, 3, 408, 6),
(1840, 4, 408, 6),
(1841, 5, 408, 6),
(1842, 24, 408, 6),
(1843, 25, 408, 6),
(1844, 26, 408, 6),
(1845, 27, 408, 6),
(1846, 28, 408, 6),
(1847, 1, 411, 6),
(1848, 2, 411, 6),
(1849, 3, 411, 6),
(1850, 4, 411, 6),
(1851, 5, 411, 6),
(1852, 24, 411, 6),
(1853, 25, 411, 6),
(1854, 26, 411, 6),
(1855, 27, 411, 6),
(1856, 28, 411, 6),
(1857, 1, 412, 6),
(1858, 2, 412, 6),
(1859, 3, 412, 6),
(1860, 4, 412, 6),
(1861, 5, 412, 6),
(1862, 24, 412, 6),
(1863, 25, 412, 6),
(1864, 26, 412, 6),
(1865, 27, 412, 6),
(1866, 28, 412, 6),
(1867, 1, 413, 5),
(1868, 2, 413, 4),
(1869, 3, 413, 5),
(1870, 4, 413, 5),
(1871, 5, 413, 4),
(1872, 24, 413, 5),
(1873, 25, 413, 4),
(1874, 26, 413, 5),
(1875, 27, 413, 5),
(1876, 28, 413, 4),
(1877, 1, 414, 4),
(1878, 2, 414, 5),
(1879, 3, 414, 4),
(1880, 4, 414, 5),
(1881, 5, 414, 4),
(1882, 24, 414, 5),
(1883, 25, 414, 4),
(1884, 26, 414, 5),
(1885, 27, 414, 4),
(1886, 28, 414, 5),
(2151, 1, 446, 6),
(2152, 2, 446, 6),
(2153, 3, 446, 6),
(2154, 4, 446, 6),
(2155, 5, 446, 6),
(2156, 24, 446, 6),
(2157, 25, 446, 6),
(2158, 26, 446, 6),
(2159, 27, 446, 6),
(2160, 28, 446, 6),
(2161, 1, 447, 6),
(2162, 2, 447, 6),
(2163, 3, 447, 6),
(2164, 4, 447, 6),
(2165, 5, 447, 6),
(2166, 24, 447, 6),
(2167, 25, 447, 6),
(2168, 26, 447, 6),
(2169, 27, 447, 6),
(2170, 28, 447, 6),
(2171, 1, 448, 4),
(2172, 2, 448, 4),
(2173, 3, 448, 4),
(2174, 4, 448, 4),
(2175, 5, 448, 4),
(2176, 24, 448, 4),
(2177, 25, 448, 4),
(2178, 26, 448, 4),
(2179, 27, 448, 4),
(2180, 28, 448, 4),
(2181, 1, 449, 4),
(2182, 2, 449, 5),
(2183, 3, 449, 6),
(2184, 4, 449, 5),
(2185, 5, 449, 6),
(2186, 24, 449, 3),
(2187, 25, 449, 2),
(2188, 26, 449, 2),
(2189, 27, 449, 3),
(2190, 28, 449, 3),
(2191, 1, 450, 5),
(2192, 2, 450, 4),
(2193, 3, 450, 5),
(2194, 4, 450, 4),
(2195, 5, 450, 4),
(2196, 24, 450, 3),
(2197, 25, 450, 4),
(2198, 26, 450, 5),
(2199, 27, 450, 5),
(2200, 28, 450, 4),
(2201, 1, 451, 6),
(2202, 2, 451, 6),
(2203, 3, 451, 6),
(2204, 4, 451, 6),
(2205, 5, 451, 6),
(2206, 24, 451, 6),
(2207, 25, 451, 6),
(2208, 26, 451, 6),
(2209, 27, 451, 6),
(2210, 28, 451, 6),
(2211, 1, 453, 5),
(2212, 2, 453, 5),
(2213, 3, 453, 5),
(2214, 4, 453, 5),
(2215, 5, 453, 5),
(2216, 24, 453, 5),
(2217, 25, 453, 5),
(2218, 26, 453, 5),
(2219, 27, 453, 5),
(2220, 28, 453, 5),
(2221, 2, 452, 5),
(2222, 4, 452, 4),
(2223, 5, 452, 5),
(2224, 24, 452, 5),
(2225, 25, 452, 5),
(2226, 28, 452, 5),
(2227, 1, 454, 2),
(2228, 2, 454, 1),
(2229, 3, 454, 1),
(2230, 4, 454, 2),
(2231, 5, 454, 2),
(2232, 24, 454, 2),
(2233, 25, 454, 1),
(2234, 26, 454, 2),
(2235, 27, 454, 2),
(2236, 28, 454, 1),
(2237, 1, 456, 6),
(2238, 2, 456, 6),
(2239, 3, 456, 6),
(2240, 4, 456, 6),
(2241, 5, 456, 6),
(2242, 24, 456, 6),
(2243, 25, 456, 5),
(2244, 26, 456, 6),
(2245, 27, 456, 5),
(2246, 28, 456, 6),
(2247, 1, 457, 3),
(2248, 2, 457, 3),
(2249, 3, 457, 3),
(2250, 4, 457, 3),
(2251, 5, 457, 3),
(2252, 24, 457, 3),
(2253, 25, 457, 3),
(2254, 26, 457, 3),
(2255, 27, 457, 3),
(2256, 28, 457, 3),
(2257, 1, 458, 6),
(2258, 2, 458, 6),
(2259, 3, 458, 6),
(2260, 4, 458, 6),
(2261, 5, 458, 6),
(2262, 24, 458, 6),
(2263, 25, 458, 6),
(2264, 26, 458, 6),
(2265, 27, 458, 6),
(2266, 28, 458, 6),
(2267, 2, 459, 2),
(2268, 3, 459, 2),
(2269, 25, 459, 2),
(2270, 28, 459, 2),
(2271, 1, 460, 1),
(2272, 2, 460, 1),
(2273, 3, 460, 1),
(2274, 4, 460, 1),
(2275, 5, 460, 1),
(2276, 24, 460, 1),
(2277, 25, 460, 1),
(2278, 26, 460, 1),
(2279, 27, 460, 1),
(2280, 28, 460, 1),
(2281, 3, 455, 4),
(2282, 5, 455, 5),
(2283, 25, 455, 5),
(2284, 26, 455, 4),
(2285, 1, 461, 6),
(2286, 2, 461, 6),
(2287, 3, 461, 6),
(2288, 4, 461, 6),
(2289, 29, 461, 6),
(2290, 5, 461, 6),
(2291, 24, 461, 6),
(2292, 25, 461, 6),
(2293, 26, 461, 6),
(2294, 27, 461, 6),
(2295, 28, 461, 6),
(2296, 1, 462, 6),
(2297, 2, 462, 6),
(2298, 3, 462, 6),
(2299, 4, 462, 6),
(2300, 29, 462, 6),
(2301, 5, 462, 6),
(2302, 24, 462, 6),
(2303, 25, 462, 6),
(2304, 26, 462, 6),
(2305, 27, 462, 6),
(2306, 28, 462, 6),
(2307, 1, 463, 4),
(2308, 2, 463, 5),
(2309, 3, 463, 4),
(2310, 4, 463, 4),
(2311, 29, 463, 5),
(2312, 5, 463, 5),
(2313, 24, 463, 4),
(2314, 25, 463, 5),
(2315, 26, 463, 4),
(2316, 27, 463, 4),
(2317, 28, 463, 4),
(2318, 1, 464, 2),
(2319, 2, 464, 2),
(2320, 3, 464, 2),
(2321, 4, 464, 2),
(2322, 29, 464, 6),
(2323, 5, 464, 2),
(2324, 24, 464, 2),
(2325, 25, 464, 2),
(2326, 26, 464, 2),
(2327, 27, 464, 2),
(2328, 28, 464, 2),
(2329, 1, 465, 5),
(2330, 3, 465, 5),
(2331, 4, 465, 5),
(2332, 24, 465, 5),
(2333, 26, 465, 5),
(2334, 27, 465, 5),
(2335, 28, 465, 5),
(2336, 1, 466, 5),
(2337, 2, 466, 6),
(2338, 3, 466, 5),
(2339, 4, 466, 5),
(2340, 29, 466, 4),
(2341, 5, 466, 6),
(2342, 24, 466, 5),
(2343, 25, 466, 5),
(2344, 26, 466, 5),
(2345, 27, 466, 4),
(2346, 28, 466, 5),
(2347, 1, 467, 4),
(2348, 2, 467, 4),
(2349, 3, 467, 4),
(2350, 4, 467, 5),
(2351, 29, 467, 3),
(2352, 5, 467, 4),
(2353, 24, 467, 4),
(2354, 25, 467, 4),
(2355, 26, 467, 4),
(2356, 27, 467, 3),
(2357, 28, 467, 3),
(2358, 1, 468, 5),
(2359, 2, 468, 5),
(2360, 3, 468, 4),
(2361, 4, 468, 5),
(2362, 29, 468, 4),
(2363, 5, 468, 5),
(2364, 24, 468, 4),
(2365, 25, 468, 4),
(2366, 26, 468, 5),
(2367, 27, 468, 4),
(2368, 28, 468, 4),
(2369, 1, 469, 5),
(2370, 2, 469, 6),
(2371, 3, 469, 5),
(2372, 4, 469, 6),
(2373, 29, 469, 5),
(2374, 5, 469, 5),
(2375, 24, 469, 6),
(2376, 25, 469, 6),
(2377, 26, 469, 6),
(2378, 27, 469, 6),
(2379, 28, 469, 6),
(2380, 1, 489, 1),
(2381, 2, 489, 1),
(2382, 3, 489, 1),
(2383, 4, 489, 1),
(2384, 29, 489, 1),
(2385, 5, 489, 1),
(2386, 24, 489, 1),
(2387, 25, 489, 1),
(2388, 26, 489, 1),
(2389, 27, 489, 1),
(2390, 28, 489, 1),
(2391, 1, 476, 4),
(2392, 2, 476, 3),
(2393, 3, 476, 1),
(2394, 4, 476, 3),
(2395, 5, 476, 4),
(2396, 24, 476, 2),
(2397, 25, 476, 1),
(2398, 26, 476, 3),
(2399, 27, 476, 3),
(2400, 28, 476, 2),
(2401, 1, 482, 5),
(2402, 2, 482, 5),
(2403, 3, 482, 5),
(2404, 4, 482, 5),
(2405, 5, 482, 5),
(2406, 24, 482, 6),
(2407, 25, 482, 6),
(2408, 26, 482, 6),
(2409, 27, 482, 6),
(2410, 28, 482, 6),
(2411, 1, 487, 6),
(2412, 2, 487, 6),
(2413, 3, 487, 3),
(2414, 4, 487, 6),
(2415, 5, 487, 6),
(2416, 24, 487, 6),
(2417, 25, 487, 6),
(2418, 26, 487, 5),
(2419, 27, 487, 5),
(2420, 28, 487, 5),
(2421, 1, 492, 4),
(2422, 2, 492, 4),
(2423, 3, 492, 3),
(2424, 4, 492, 4),
(2425, 29, 492, 2),
(2426, 5, 492, 3),
(2427, 24, 492, 3),
(2428, 25, 492, 3),
(2429, 26, 492, 2),
(2430, 27, 492, 2),
(2431, 28, 492, 3),
(2432, 1, 491, 5),
(2433, 2, 491, 4),
(2434, 3, 491, 4),
(2435, 4, 491, 4),
(2436, 29, 491, 5),
(2437, 5, 491, 4),
(2438, 24, 491, 5),
(2439, 25, 491, 5),
(2440, 26, 491, 4),
(2441, 27, 491, 5),
(2442, 28, 491, 5),
(2443, 1, 480, 5),
(2444, 2, 480, 5),
(2445, 3, 480, 4),
(2446, 4, 480, 4),
(2447, 5, 480, 5),
(2448, 24, 480, 5),
(2449, 25, 480, 5),
(2450, 26, 480, 5),
(2451, 27, 480, 4),
(2452, 28, 480, 5),
(2453, 1, 497, 5),
(2454, 2, 497, 5),
(2455, 3, 497, 5),
(2456, 4, 497, 5),
(2457, 29, 497, 5),
(2458, 5, 497, 5),
(2459, 24, 497, 4),
(2460, 25, 497, 4),
(2461, 26, 497, 4),
(2462, 27, 497, 3),
(2463, 28, 497, 4),
(2464, 1, 493, 4),
(2465, 2, 493, 3),
(2466, 3, 493, 1),
(2467, 4, 493, 3),
(2468, 5, 493, 3),
(2469, 24, 493, 1),
(2470, 25, 493, 1),
(2471, 26, 493, 1),
(2472, 27, 493, 1),
(2473, 28, 493, 1),
(2474, 1, 481, 4),
(2475, 2, 481, 5),
(2476, 3, 481, 4),
(2477, 4, 481, 5),
(2478, 5, 481, 5),
(2479, 24, 481, 2),
(2480, 25, 481, 2),
(2481, 26, 481, 2),
(2482, 27, 481, 2),
(2483, 28, 481, 2),
(2484, 1, 484, 3),
(2485, 2, 484, 3),
(2486, 3, 484, 3),
(2487, 4, 484, 4),
(2488, 5, 484, 3),
(2489, 24, 484, 3),
(2490, 25, 484, 4),
(2491, 26, 484, 4),
(2492, 27, 484, 3),
(2493, 28, 484, 3),
(2494, 1, 488, 2),
(2495, 2, 488, 3),
(2496, 3, 488, 1),
(2497, 4, 488, 4),
(2498, 5, 488, 3),
(2499, 24, 488, 2),
(2500, 25, 488, 2),
(2501, 26, 488, 2),
(2502, 27, 488, 2),
(2503, 28, 488, 1),
(2504, 1, 496, 4),
(2505, 2, 496, 4),
(2506, 3, 496, 3),
(2507, 4, 496, 4),
(2508, 5, 496, 4),
(2509, 24, 496, 2),
(2510, 25, 496, 2),
(2511, 26, 496, 2),
(2512, 27, 496, 2),
(2513, 28, 496, 2),
(2514, 1, 495, 3),
(2515, 2, 495, 3),
(2516, 3, 495, 4),
(2517, 4, 495, 4),
(2518, 5, 495, 4),
(2519, 24, 495, 1),
(2520, 25, 495, 1),
(2521, 26, 495, 1),
(2522, 27, 495, 1),
(2523, 28, 495, 1),
(2524, 1, 500, 4),
(2525, 2, 500, 5),
(2526, 3, 500, 4),
(2527, 4, 500, 4),
(2528, 5, 500, 4),
(2529, 24, 500, 5),
(2530, 25, 500, 5),
(2531, 26, 500, 5),
(2532, 27, 500, 3),
(2533, 28, 500, 3),
(2534, 1, 504, 5),
(2535, 2, 504, 5),
(2536, 3, 504, 5),
(2537, 4, 504, 5),
(2538, 29, 504, 5),
(2539, 5, 504, 5),
(2540, 24, 504, 5),
(2541, 25, 504, 5),
(2542, 26, 504, 5),
(2543, 27, 504, 2),
(2544, 28, 504, 4),
(2545, 1, 501, 2),
(2546, 2, 501, 4),
(2547, 3, 501, 2),
(2548, 4, 501, 4),
(2549, 5, 501, 4),
(2550, 24, 501, 1),
(2551, 25, 501, 1),
(2552, 26, 501, 1),
(2553, 27, 501, 1),
(2554, 28, 501, 1),
(2555, 1, 483, 5),
(2556, 2, 483, 5),
(2557, 3, 483, 2),
(2558, 4, 483, 6),
(2559, 5, 483, 5),
(2560, 24, 483, 1),
(2561, 25, 483, 2),
(2562, 26, 483, 2),
(2563, 27, 483, 3),
(2564, 28, 483, 3),
(2565, 1, 502, 4),
(2566, 2, 502, 5),
(2567, 3, 502, 5),
(2568, 4, 502, 5),
(2569, 5, 502, 5),
(2570, 24, 502, 5),
(2571, 25, 502, 2),
(2572, 26, 502, 2),
(2573, 27, 502, 2),
(2574, 28, 502, 2),
(2575, 1, 498, 4),
(2576, 2, 498, 5),
(2577, 3, 498, 5),
(2578, 4, 498, 5),
(2579, 5, 498, 5),
(2580, 24, 498, 5),
(2581, 25, 498, 5),
(2582, 26, 498, 5),
(2583, 27, 498, 5),
(2584, 28, 498, 5),
(2585, 1, 506, 4),
(2586, 2, 506, 4),
(2587, 3, 506, 3),
(2588, 4, 506, 4),
(2589, 5, 506, 4),
(2590, 24, 506, 4),
(2591, 25, 506, 4),
(2592, 26, 506, 4),
(2593, 27, 506, 4),
(2594, 28, 506, 4),
(2595, 1, 499, 4),
(2596, 2, 499, 4),
(2597, 3, 499, 3),
(2598, 4, 499, 4),
(2599, 29, 499, 2),
(2600, 5, 499, 3),
(2601, 24, 499, 2),
(2602, 25, 499, 2),
(2603, 26, 499, 2),
(2604, 27, 499, 3),
(2605, 28, 499, 2),
(2606, 1, 513, 5),
(2607, 2, 513, 5),
(2608, 3, 513, 5),
(2609, 4, 513, 5),
(2610, 5, 513, 5),
(2611, 24, 513, 4),
(2612, 25, 513, 5),
(2613, 26, 513, 5),
(2614, 27, 513, 5),
(2615, 28, 513, 5),
(2616, 1, 505, 5),
(2617, 2, 505, 5),
(2618, 3, 505, 4),
(2619, 4, 505, 4),
(2620, 29, 505, 5),
(2621, 5, 505, 5),
(2622, 24, 505, 4),
(2623, 25, 505, 5),
(2624, 26, 505, 4),
(2625, 27, 505, 4),
(2626, 28, 505, 4),
(2627, 1, 514, 5),
(2628, 2, 514, 4),
(2629, 3, 514, 5),
(2630, 4, 514, 5),
(2631, 5, 514, 5),
(2632, 24, 514, 5),
(2633, 25, 514, 4),
(2634, 26, 514, 4),
(2635, 27, 514, 2),
(2636, 28, 514, 4),
(2637, 1, 512, 2),
(2638, 2, 512, 3),
(2639, 3, 512, 4),
(2640, 4, 512, 3),
(2641, 29, 512, 1),
(2642, 5, 512, 2),
(2643, 24, 512, 2),
(2644, 25, 512, 1),
(2645, 26, 512, 2),
(2646, 27, 512, 2),
(2647, 28, 512, 2),
(2648, 1, 507, 5),
(2649, 2, 507, 4),
(2650, 3, 507, 2),
(2651, 4, 507, 3),
(2652, 5, 507, 3),
(2653, 24, 507, 4),
(2654, 25, 507, 3),
(2655, 26, 507, 3),
(2656, 27, 507, 2),
(2657, 28, 507, 2),
(2658, 1, 511, 2),
(2659, 2, 511, 4),
(2660, 3, 511, 3),
(2661, 4, 511, 3),
(2662, 5, 511, 3),
(2663, 24, 511, 2),
(2664, 25, 511, 4),
(2665, 26, 511, 4),
(2666, 27, 511, 3),
(2667, 28, 511, 3),
(2668, 1, 518, 4),
(2669, 2, 518, 5),
(2670, 3, 518, 4),
(2671, 4, 518, 4),
(2672, 5, 518, 4),
(2673, 24, 518, 5),
(2674, 25, 518, 4),
(2675, 26, 518, 4),
(2676, 27, 518, 3),
(2677, 28, 518, 4),
(2678, 1, 517, 6),
(2679, 2, 517, 6),
(2680, 3, 517, 5),
(2681, 4, 517, 5),
(2682, 29, 517, 6),
(2683, 5, 517, 6),
(2684, 24, 517, 6),
(2685, 25, 517, 6),
(2686, 26, 517, 6),
(2687, 27, 517, 6),
(2688, 28, 517, 6),
(2689, 1, 520, 4),
(2690, 2, 520, 3),
(2691, 3, 520, 3),
(2692, 4, 520, 4),
(2693, 5, 520, 4),
(2694, 24, 520, 5),
(2695, 25, 520, 4),
(2696, 26, 520, 4),
(2697, 27, 520, 2),
(2698, 28, 520, 3),
(2699, 1, 508, 4),
(2700, 2, 508, 4),
(2701, 3, 508, 2),
(2702, 4, 508, 4),
(2703, 5, 508, 4),
(2704, 24, 508, 5),
(2705, 25, 508, 4),
(2706, 26, 508, 4),
(2707, 27, 508, 4),
(2708, 28, 508, 4),
(2709, 1, 510, 4),
(2710, 2, 510, 4),
(2711, 3, 510, 3),
(2712, 4, 510, 2),
(2713, 5, 510, 4),
(2714, 24, 510, 4),
(2715, 25, 510, 4),
(2716, 26, 510, 4),
(2717, 27, 510, 4),
(2718, 28, 510, 4),
(2719, 1, 515, 4),
(2720, 2, 515, 4),
(2721, 3, 515, 4),
(2722, 4, 515, 4),
(2723, 5, 515, 4),
(2724, 24, 515, 5),
(2725, 25, 515, 4),
(2726, 26, 515, 3),
(2727, 27, 515, 4),
(2728, 28, 515, 4),
(2729, 1, 516, 4),
(2730, 2, 516, 4),
(2731, 3, 516, 2),
(2732, 4, 516, 4),
(2733, 29, 516, 2),
(2734, 5, 516, 4),
(2735, 24, 516, 4),
(2736, 25, 516, 5),
(2737, 26, 516, 5),
(2738, 27, 516, 5),
(2739, 28, 516, 5),
(2740, 1, 524, 3),
(2741, 2, 524, 3),
(2742, 3, 524, 3),
(2743, 4, 524, 3),
(2744, 5, 524, 3),
(2745, 24, 524, 4),
(2746, 25, 524, 3),
(2747, 26, 524, 4),
(2748, 27, 524, 2),
(2749, 28, 524, 3),
(2750, 1, 519, 2),
(2751, 2, 519, 4),
(2752, 3, 519, 4),
(2753, 4, 519, 4),
(2754, 5, 519, 3),
(2755, 24, 519, 3),
(2756, 25, 519, 2),
(2757, 26, 519, 2),
(2758, 27, 519, 2),
(2759, 28, 519, 3),
(2760, 1, 525, 4),
(2761, 2, 525, 4),
(2762, 3, 525, 4),
(2763, 4, 525, 4),
(2764, 29, 525, 4),
(2765, 5, 525, 4),
(2766, 24, 525, 4),
(2767, 25, 525, 4),
(2768, 26, 525, 4),
(2769, 27, 525, 3),
(2770, 28, 525, 4),
(2771, 1, 527, 3),
(2772, 2, 527, 2),
(2773, 3, 527, 2),
(2774, 4, 527, 2),
(2775, 5, 527, 2),
(2776, 24, 527, 3),
(2777, 25, 527, 3),
(2778, 26, 527, 2),
(2779, 27, 527, 2),
(2780, 28, 527, 2),
(2781, 1, 536, 4),
(2782, 2, 536, 3),
(2783, 3, 536, 3),
(2784, 4, 536, 4),
(2785, 5, 536, 4),
(2786, 24, 536, 4),
(2787, 25, 536, 4),
(2788, 26, 536, 4),
(2789, 27, 536, 2),
(2790, 28, 536, 3),
(2791, 1, 503, 3),
(2792, 2, 503, 4),
(2793, 3, 503, 4),
(2794, 4, 503, 4),
(2795, 5, 503, 3),
(2796, 24, 503, 4),
(2797, 25, 503, 4),
(2798, 26, 503, 4),
(2799, 27, 503, 4),
(2800, 28, 503, 4),
(2801, 1, 535, 2),
(2802, 2, 535, 4),
(2803, 3, 535, 4),
(2804, 4, 535, 3),
(2805, 5, 535, 3),
(2806, 24, 535, 1),
(2807, 25, 535, 1),
(2808, 26, 535, 1),
(2809, 27, 535, 1),
(2810, 28, 535, 1),
(2811, 1, 530, 5),
(2812, 2, 530, 5),
(2813, 3, 530, 5),
(2814, 4, 530, 5),
(2815, 5, 530, 5),
(2816, 24, 530, 5),
(2817, 25, 530, 4),
(2818, 26, 530, 4),
(2819, 27, 530, 5),
(2820, 28, 530, 5),
(2821, 1, 528, 5),
(2822, 2, 528, 5),
(2823, 3, 528, 3),
(2824, 4, 528, 5),
(2825, 5, 528, 6),
(2826, 24, 528, 1),
(2827, 25, 528, 1),
(2828, 26, 528, 1),
(2829, 27, 528, 1),
(2830, 28, 528, 1),
(2831, 1, 526, 4),
(2832, 2, 526, 4),
(2833, 3, 526, 2),
(2834, 4, 526, 4),
(2835, 29, 526, 1),
(2836, 5, 526, 4),
(2837, 24, 526, 2),
(2838, 25, 526, 3),
(2839, 26, 526, 4),
(2840, 27, 526, 4),
(2841, 28, 526, 3),
(2842, 1, 532, 5),
(2843, 2, 532, 5),
(2844, 3, 532, 4),
(2845, 4, 532, 4),
(2846, 29, 532, 3),
(2847, 5, 532, 4),
(2848, 24, 532, 5),
(2849, 25, 532, 5),
(2850, 26, 532, 5),
(2851, 27, 532, 4),
(2852, 28, 532, 4),
(2853, 1, 534, 4),
(2854, 2, 534, 4),
(2855, 3, 534, 3),
(2856, 4, 534, 4),
(2857, 5, 534, 4),
(2858, 24, 534, 4),
(2859, 25, 534, 4),
(2860, 26, 534, 4),
(2861, 27, 534, 4),
(2862, 28, 534, 4),
(2863, 1, 537, 4),
(2864, 2, 537, 5),
(2865, 3, 537, 5),
(2866, 4, 537, 5),
(2867, 5, 537, 4),
(2868, 24, 537, 5),
(2869, 25, 537, 5),
(2870, 26, 537, 4),
(2871, 27, 537, 3),
(2872, 28, 537, 4),
(2873, 1, 538, 5),
(2874, 2, 538, 5),
(2875, 3, 538, 5),
(2876, 4, 538, 5),
(2877, 5, 538, 5),
(2878, 24, 538, 5),
(2879, 25, 538, 5),
(2880, 26, 538, 5),
(2881, 27, 538, 5),
(2882, 28, 538, 5),
(2883, 1, 533, 4),
(2884, 2, 533, 4),
(2885, 3, 533, 1),
(2886, 4, 533, 3),
(2887, 5, 533, 4),
(2888, 24, 533, 4),
(2889, 25, 533, 4),
(2890, 26, 533, 4),
(2891, 27, 533, 4),
(2892, 28, 533, 4),
(2893, 1, 540, 5),
(2894, 2, 540, 4),
(2895, 3, 540, 3),
(2896, 4, 540, 4),
(2897, 5, 540, 4),
(2898, 24, 540, 1),
(2899, 25, 540, 1),
(2900, 26, 540, 1),
(2901, 27, 540, 1),
(2902, 28, 540, 1),
(2903, 1, 539, 3),
(2904, 2, 539, 2),
(2905, 3, 539, 2),
(2906, 4, 539, 4),
(2907, 29, 539, 1),
(2908, 5, 539, 2),
(2909, 24, 539, 2),
(2910, 25, 539, 4),
(2911, 26, 539, 3),
(2912, 27, 539, 3),
(2913, 28, 539, 3),
(2914, 1, 543, 3),
(2915, 2, 543, 4),
(2916, 3, 543, 4),
(2917, 4, 543, 3),
(2918, 5, 543, 3),
(2919, 24, 543, 1),
(2920, 25, 543, 1),
(2921, 26, 543, 1),
(2922, 27, 543, 1),
(2923, 28, 543, 1),
(2924, 1, 542, 4),
(2925, 2, 542, 4),
(2926, 3, 542, 4),
(2927, 4, 542, 3),
(2928, 5, 542, 4),
(2929, 24, 542, 5),
(2930, 25, 542, 4),
(2931, 26, 542, 4),
(2932, 27, 542, 4),
(2933, 28, 542, 4),
(2934, 1, 545, 3),
(2935, 2, 545, 4),
(2936, 3, 545, 4),
(2937, 4, 545, 3),
(2938, 5, 545, 3),
(2939, 24, 545, 1),
(2940, 25, 545, 1),
(2941, 26, 545, 1),
(2942, 27, 545, 1),
(2943, 28, 545, 1),
(2944, 1, 546, 4),
(2945, 2, 546, 4),
(2946, 3, 546, 4),
(2947, 4, 546, 4),
(2948, 29, 546, 2),
(2949, 5, 546, 4),
(2950, 24, 546, 4),
(2951, 25, 546, 4),
(2952, 26, 546, 4),
(2953, 27, 546, 4),
(2954, 28, 546, 4),
(2955, 1, 547, 2),
(2956, 2, 547, 2),
(2957, 3, 547, 1),
(2958, 4, 547, 1),
(2959, 29, 547, 1),
(2960, 5, 547, 1),
(2961, 24, 547, 1),
(2962, 25, 547, 1),
(2963, 26, 547, 1),
(2964, 27, 547, 1),
(2965, 28, 547, 1),
(2966, 1, 544, 5),
(2967, 2, 544, 5),
(2968, 3, 544, 4),
(2969, 4, 544, 5),
(2970, 5, 544, 4),
(2971, 24, 544, 5),
(2972, 25, 544, 4),
(2973, 26, 544, 5),
(2974, 27, 544, 5),
(2975, 28, 544, 5),
(2976, 1, 548, 4),
(2977, 2, 548, 4),
(2978, 3, 548, 3),
(2979, 4, 548, 4),
(2980, 5, 548, 4),
(2981, 24, 548, 1),
(2982, 25, 548, 1),
(2983, 26, 548, 1),
(2984, 27, 548, 1),
(2985, 28, 548, 1),
(2986, 1, 550, 5),
(2987, 2, 550, 5),
(2988, 3, 550, 5),
(2989, 4, 550, 5),
(2990, 5, 550, 5),
(2991, 24, 550, 6),
(2992, 25, 550, 6),
(2993, 26, 550, 6),
(2994, 27, 550, 6),
(2995, 28, 550, 6),
(2996, 1, 549, 3),
(2997, 2, 549, 4),
(2998, 3, 549, 3),
(2999, 4, 549, 3),
(3000, 29, 549, 2),
(3001, 5, 549, 3),
(3002, 24, 549, 3),
(3003, 25, 549, 3),
(3004, 26, 549, 2),
(3005, 27, 549, 2),
(3006, 28, 549, 2),
(3007, 1, 551, 4),
(3008, 2, 551, 4),
(3009, 3, 551, 4),
(3010, 4, 551, 4),
(3011, 29, 551, 2),
(3012, 5, 551, 4),
(3013, 24, 551, 4),
(3014, 25, 551, 4),
(3015, 26, 551, 4),
(3016, 27, 551, 3),
(3017, 28, 551, 4),
(3018, 1, 552, 3),
(3019, 2, 552, 4),
(3020, 3, 552, 4),
(3021, 4, 552, 4),
(3022, 29, 552, 1),
(3023, 5, 552, 3),
(3024, 24, 552, 3),
(3025, 25, 552, 3),
(3026, 26, 552, 3),
(3027, 27, 552, 2),
(3028, 28, 552, 2),
(3029, 1, 553, 4),
(3030, 2, 553, 4),
(3031, 3, 553, 4),
(3032, 4, 553, 4),
(3033, 29, 553, 2),
(3034, 5, 553, 4),
(3035, 24, 553, 4),
(3036, 25, 553, 4),
(3037, 26, 553, 3),
(3038, 27, 553, 2),
(3039, 28, 553, 3),
(3040, 1, 554, 2),
(3041, 2, 554, 3),
(3042, 3, 554, 2),
(3043, 4, 554, 2),
(3044, 29, 554, 1),
(3045, 5, 554, 1),
(3046, 24, 554, 2),
(3047, 25, 554, 2),
(3048, 26, 554, 2),
(3049, 27, 554, 2),
(3050, 28, 554, 2),
(3051, 1, 555, 2),
(3052, 2, 555, 2),
(3053, 3, 555, 3),
(3054, 4, 555, 3),
(3055, 29, 555, 2),
(3056, 5, 555, 1),
(3057, 24, 555, 1),
(3058, 25, 555, 1),
(3059, 26, 555, 1),
(3060, 27, 555, 1),
(3061, 28, 555, 1),
(3062, 1, 556, 3),
(3063, 2, 556, 3),
(3064, 3, 556, 4),
(3065, 4, 556, 4),
(3066, 29, 556, 2),
(3067, 5, 556, 3),
(3068, 24, 556, 1),
(3069, 25, 556, 1),
(3070, 26, 556, 1),
(3071, 27, 556, 1),
(3072, 28, 556, 1),
(3073, 1, 558, 3),
(3074, 2, 558, 2),
(3075, 3, 558, 2),
(3076, 4, 558, 2),
(3077, 29, 558, 1),
(3078, 5, 558, 2),
(3079, 24, 558, 3),
(3080, 25, 558, 2),
(3081, 26, 558, 3),
(3082, 27, 558, 1),
(3083, 28, 558, 2),
(3084, 1, 557, 5),
(3085, 2, 557, 5),
(3086, 3, 557, 5),
(3087, 4, 557, 4),
(3088, 5, 557, 5),
(3089, 24, 557, 5),
(3090, 25, 557, 5),
(3091, 26, 557, 5),
(3092, 27, 557, 5),
(3093, 28, 557, 5),
(3094, 1, 559, 2),
(3095, 2, 559, 2),
(3096, 3, 559, 3),
(3097, 4, 559, 2),
(3098, 5, 559, 2),
(3099, 24, 559, 1),
(3100, 25, 559, 1),
(3101, 26, 559, 1),
(3102, 27, 559, 1),
(3103, 28, 559, 1),
(3104, 1, 560, 3),
(3105, 2, 560, 4),
(3106, 3, 560, 4),
(3107, 4, 560, 3),
(3108, 5, 560, 3),
(3109, 24, 560, 1),
(3110, 25, 560, 1),
(3111, 26, 560, 1),
(3112, 27, 560, 1),
(3113, 28, 560, 1),
(3114, 1, 563, 3),
(3115, 2, 563, 4),
(3116, 3, 563, 3),
(3117, 4, 563, 3),
(3118, 5, 563, 3),
(3119, 24, 563, 4),
(3120, 25, 563, 3),
(3121, 26, 563, 3),
(3122, 27, 563, 3),
(3123, 28, 563, 3),
(3124, 1, 541, 3),
(3125, 2, 541, 4),
(3126, 3, 541, 3),
(3127, 4, 541, 4),
(3128, 5, 541, 4),
(3129, 24, 541, 4),
(3130, 25, 541, 4),
(3131, 26, 541, 3),
(3132, 27, 541, 3),
(3133, 28, 541, 3),
(3134, 1, 564, 3),
(3135, 2, 564, 4),
(3136, 3, 564, 4),
(3137, 4, 564, 3),
(3138, 5, 564, 3),
(3139, 24, 564, 2),
(3140, 25, 564, 2),
(3141, 26, 564, 2),
(3142, 27, 564, 2),
(3143, 28, 564, 2),
(3144, 1, 565, 4),
(3145, 2, 565, 4),
(3146, 3, 565, 4),
(3147, 4, 565, 4),
(3148, 5, 565, 4),
(3149, 24, 565, 4),
(3150, 25, 565, 3),
(3151, 26, 565, 3),
(3152, 27, 565, 3),
(3153, 28, 565, 3),
(3154, 1, 562, 5),
(3155, 2, 562, 5),
(3156, 3, 562, 3),
(3157, 4, 562, 4),
(3158, 5, 562, 5),
(3159, 24, 562, 5),
(3160, 25, 562, 4),
(3161, 26, 562, 3),
(3162, 27, 562, 2),
(3163, 28, 562, 4),
(3164, 1, 566, 5),
(3165, 2, 566, 6),
(3166, 3, 566, 5),
(3167, 4, 566, 5),
(3168, 5, 566, 6),
(3169, 24, 566, 6),
(3170, 25, 566, 6),
(3171, 26, 566, 6),
(3172, 27, 566, 6),
(3173, 28, 566, 6),
(3174, 1, 574, 4),
(3175, 2, 574, 4),
(3176, 3, 574, 4),
(3177, 4, 574, 4),
(3178, 5, 574, 4),
(3179, 24, 574, 3),
(3180, 25, 574, 3),
(3181, 26, 574, 3),
(3182, 27, 574, 3),
(3183, 28, 574, 3),
(3184, 1, 569, 3),
(3185, 2, 569, 4),
(3186, 3, 569, 3),
(3187, 4, 569, 3),
(3188, 5, 569, 3),
(3189, 24, 569, 5),
(3190, 25, 569, 4),
(3191, 26, 569, 4),
(3192, 27, 569, 3),
(3193, 28, 569, 3),
(3194, 1, 575, 2),
(3195, 2, 575, 2),
(3196, 3, 575, 3),
(3197, 4, 575, 2),
(3198, 5, 575, 3),
(3199, 24, 575, 1),
(3200, 25, 575, 1),
(3201, 26, 575, 1),
(3202, 27, 575, 1),
(3203, 28, 575, 1),
(3204, 1, 578, 4),
(3205, 2, 578, 4),
(3206, 3, 578, 4),
(3207, 4, 578, 4),
(3208, 5, 578, 4),
(3209, 24, 578, 1),
(3210, 25, 578, 1),
(3211, 26, 578, 1),
(3212, 27, 578, 1),
(3213, 28, 578, 1),
(3214, 1, 572, 4),
(3215, 2, 572, 4),
(3216, 3, 572, 5),
(3217, 4, 572, 5),
(3218, 5, 572, 5),
(3219, 24, 572, 4),
(3220, 25, 572, 4),
(3221, 26, 572, 4),
(3222, 27, 572, 4),
(3223, 28, 572, 4),
(3224, 1, 570, 4),
(3225, 2, 570, 4),
(3226, 3, 570, 3),
(3227, 4, 570, 4),
(3228, 5, 570, 4),
(3229, 24, 570, 4),
(3230, 25, 570, 5),
(3231, 26, 570, 5),
(3232, 27, 570, 4),
(3233, 28, 570, 4),
(3234, 1, 580, 5),
(3235, 2, 580, 5),
(3236, 3, 580, 4),
(3237, 4, 580, 4),
(3238, 5, 580, 4),
(3239, 24, 580, 5),
(3240, 25, 580, 5);
INSERT INTO `sessionscoring` (`SessionScoringID`, `CompetencyID`, `PortfolioRatingID`, `Score`) VALUES
(3241, 26, 580, 5),
(3242, 27, 580, 5),
(3243, 28, 580, 5),
(3244, 1, 583, 3),
(3245, 2, 583, 3),
(3246, 3, 583, 3),
(3247, 4, 583, 3),
(3248, 5, 583, 3),
(3249, 24, 583, 1),
(3250, 25, 583, 1),
(3251, 26, 583, 1),
(3252, 27, 583, 1),
(3253, 28, 583, 1),
(3254, 1, 577, 4),
(3255, 2, 577, 3),
(3256, 3, 577, 2),
(3257, 4, 577, 4),
(3258, 5, 577, 4),
(3259, 24, 577, 5),
(3260, 25, 577, 4),
(3261, 26, 577, 4),
(3262, 27, 577, 3),
(3263, 28, 577, 4),
(3264, 1, 571, 5),
(3265, 2, 571, 4),
(3266, 3, 571, 4),
(3267, 4, 571, 4),
(3268, 29, 571, 5),
(3269, 5, 571, 5),
(3270, 24, 571, 5),
(3271, 25, 571, 5),
(3272, 26, 571, 5),
(3273, 27, 571, 5),
(3274, 28, 571, 5),
(3275, 1, 587, 4),
(3276, 2, 587, 4),
(3277, 3, 587, 4),
(3278, 4, 587, 4),
(3279, 5, 587, 4),
(3280, 24, 587, 4),
(3281, 25, 587, 3),
(3282, 26, 587, 3),
(3283, 27, 587, 3),
(3284, 28, 587, 3),
(3285, 1, 582, 4),
(3286, 2, 582, 4),
(3287, 3, 582, 2),
(3288, 4, 582, 4),
(3289, 5, 582, 3),
(3290, 24, 582, 4),
(3291, 25, 582, 4),
(3292, 26, 582, 4),
(3293, 27, 582, 2),
(3294, 28, 582, 4),
(3295, 1, 576, 4),
(3296, 2, 576, 5),
(3297, 3, 576, 5),
(3298, 4, 576, 5),
(3299, 5, 576, 5),
(3300, 24, 576, 5),
(3301, 25, 576, 5),
(3302, 26, 576, 5),
(3303, 27, 576, 4),
(3304, 28, 576, 5),
(3305, 1, 589, 4),
(3306, 2, 589, 4),
(3307, 3, 589, 4),
(3308, 4, 589, 4),
(3309, 5, 589, 4),
(3310, 24, 589, 4),
(3311, 25, 589, 4),
(3312, 26, 589, 4),
(3313, 27, 589, 4),
(3314, 28, 589, 4),
(3315, 1, 585, 6),
(3316, 2, 585, 5),
(3317, 3, 585, 5),
(3318, 4, 585, 6),
(3319, 29, 585, 5),
(3320, 5, 585, 6),
(3321, 24, 585, 5),
(3322, 25, 585, 5),
(3323, 26, 585, 5),
(3324, 27, 585, 5),
(3325, 28, 585, 5),
(3326, 1, 586, 4),
(3327, 2, 586, 4),
(3328, 3, 586, 5),
(3329, 4, 586, 4),
(3330, 5, 586, 4),
(3331, 24, 586, 1),
(3332, 25, 586, 3),
(3333, 26, 586, 4),
(3334, 27, 586, 3),
(3335, 28, 586, 2),
(3336, 1, 590, 3),
(3337, 2, 590, 4),
(3338, 3, 590, 4),
(3339, 4, 590, 3),
(3340, 5, 590, 3),
(3341, 24, 590, 3),
(3342, 25, 590, 3),
(3343, 26, 590, 3),
(3344, 27, 590, 3),
(3345, 28, 590, 3),
(3346, 1, 584, 4),
(3347, 2, 584, 5),
(3348, 3, 584, 4),
(3349, 4, 584, 3),
(3350, 5, 584, 4),
(3351, 24, 584, 4),
(3352, 25, 584, 4),
(3353, 26, 584, 4),
(3354, 27, 584, 4),
(3355, 28, 584, 4),
(3356, 1, 588, 4),
(3357, 2, 588, 4),
(3358, 3, 588, 4),
(3359, 4, 588, 4),
(3360, 5, 588, 4),
(3361, 24, 588, 4),
(3362, 25, 588, 4),
(3363, 26, 588, 4),
(3364, 27, 588, 4),
(3365, 28, 588, 4),
(3366, 1, 592, 4),
(3367, 2, 592, 4),
(3368, 3, 592, 2),
(3369, 4, 592, 4),
(3370, 5, 592, 3),
(3371, 24, 592, 2),
(3372, 25, 592, 3),
(3373, 26, 592, 3),
(3374, 27, 592, 3),
(3375, 28, 592, 2),
(3376, 1, 596, 3),
(3377, 2, 596, 4),
(3378, 3, 596, 4),
(3379, 4, 596, 2),
(3380, 5, 596, 3),
(3381, 24, 596, 1),
(3382, 25, 596, 1),
(3383, 26, 596, 1),
(3384, 27, 596, 1),
(3385, 28, 596, 1),
(3386, 1, 591, 4),
(3387, 2, 591, 4),
(3388, 3, 591, 4),
(3389, 4, 591, 4),
(3390, 29, 591, 2),
(3391, 5, 591, 4),
(3392, 24, 591, 3),
(3393, 25, 591, 3),
(3394, 26, 591, 4),
(3395, 27, 591, 4),
(3396, 28, 591, 3),
(3397, 1, 594, 4),
(3398, 2, 594, 4),
(3399, 3, 594, 5),
(3400, 4, 594, 4),
(3401, 5, 594, 5),
(3402, 24, 594, 6),
(3403, 25, 594, 6),
(3404, 26, 594, 6),
(3405, 27, 594, 5),
(3406, 28, 594, 5),
(3407, 1, 595, 3),
(3408, 2, 595, 4),
(3409, 3, 595, 2),
(3410, 4, 595, 5),
(3411, 5, 595, 4),
(3412, 24, 595, 1),
(3413, 25, 595, 1),
(3414, 26, 595, 1),
(3415, 27, 595, 1),
(3416, 28, 595, 1),
(3417, 1, 593, 5),
(3418, 2, 593, 5),
(3419, 3, 593, 2),
(3420, 4, 593, 6),
(3421, 5, 593, 5),
(3422, 24, 593, 5),
(3423, 25, 593, 4),
(3424, 26, 593, 5),
(3425, 27, 593, 4),
(3426, 28, 593, 4),
(3427, 1, 597, 2),
(3428, 2, 597, 4),
(3429, 3, 597, 4),
(3430, 4, 597, 3),
(3431, 5, 597, 6),
(3432, 24, 597, 4),
(3433, 25, 597, 4),
(3434, 26, 597, 3),
(3435, 27, 597, 1),
(3436, 28, 597, 2),
(3437, 1, 599, 5),
(3438, 2, 599, 5),
(3439, 3, 599, 4),
(3440, 4, 599, 5),
(3441, 5, 599, 5),
(3442, 24, 599, 5),
(3443, 25, 599, 4),
(3444, 26, 599, 4),
(3445, 27, 599, 4),
(3446, 28, 599, 5),
(3447, 1, 605, 4),
(3448, 2, 605, 5),
(3449, 3, 605, 5),
(3450, 4, 605, 4),
(3451, 5, 605, 5),
(3452, 24, 605, 5),
(3453, 25, 605, 3),
(3454, 26, 605, 4),
(3455, 27, 605, 4),
(3456, 28, 605, 4),
(3457, 1, 604, 4),
(3458, 2, 604, 4),
(3459, 3, 604, 2),
(3460, 4, 604, 4),
(3461, 5, 604, 3),
(3462, 24, 604, 1),
(3463, 25, 604, 1),
(3464, 26, 604, 1),
(3465, 27, 604, 1),
(3466, 28, 604, 1),
(3467, 1, 601, 4),
(3468, 2, 601, 4),
(3469, 3, 601, 5),
(3470, 4, 601, 5),
(3471, 5, 601, 5),
(3472, 24, 601, 4),
(3473, 25, 601, 4),
(3474, 26, 601, 4),
(3475, 27, 601, 4),
(3476, 28, 601, 4),
(3477, 1, 598, 1),
(3478, 2, 598, 1),
(3479, 3, 598, 1),
(3480, 4, 598, 1),
(3481, 29, 598, 3),
(3482, 5, 598, 1),
(3483, 24, 598, 1),
(3484, 25, 598, 1),
(3485, 26, 598, 1),
(3486, 27, 598, 1),
(3487, 28, 598, 1),
(3488, 1, 600, 3),
(3489, 2, 600, 4),
(3490, 3, 600, 2),
(3491, 4, 600, 5),
(3492, 5, 600, 3),
(3493, 24, 600, 2),
(3494, 25, 600, 3),
(3495, 26, 600, 2),
(3496, 27, 600, 4),
(3497, 28, 600, 2),
(3498, 1, 606, 4),
(3499, 2, 606, 4),
(3500, 3, 606, 4),
(3501, 4, 606, 4),
(3502, 5, 606, 3),
(3503, 24, 606, 2),
(3504, 25, 606, 2),
(3505, 26, 606, 3),
(3506, 27, 606, 3),
(3507, 28, 606, 3),
(3508, 1, 602, 4),
(3509, 2, 602, 4),
(3510, 3, 602, 2),
(3511, 4, 602, 4),
(3512, 5, 602, 4),
(3513, 24, 602, 3),
(3514, 25, 602, 3),
(3515, 26, 602, 3),
(3516, 27, 602, 3),
(3517, 28, 602, 3),
(3518, 1, 608, 4),
(3519, 2, 608, 4),
(3520, 3, 608, 4),
(3521, 4, 608, 4),
(3522, 5, 608, 4),
(3523, 24, 608, 4),
(3524, 25, 608, 4),
(3525, 26, 608, 4),
(3526, 27, 608, 4),
(3527, 28, 608, 4),
(3528, 1, 608, 4),
(3529, 2, 608, 4),
(3530, 3, 608, 4),
(3531, 4, 608, 4),
(3532, 5, 608, 4),
(3533, 24, 608, 4),
(3534, 25, 608, 4),
(3535, 26, 608, 4),
(3536, 27, 608, 4),
(3537, 28, 608, 4),
(3538, 1, 612, 4),
(3539, 2, 612, 4),
(3540, 3, 612, 2),
(3541, 4, 612, 3),
(3542, 5, 612, 3),
(3543, 24, 612, 1),
(3544, 25, 612, 1),
(3545, 26, 612, 1),
(3546, 27, 612, 1),
(3547, 28, 612, 1),
(3548, 1, 607, 6),
(3549, 2, 607, 6),
(3550, 3, 607, 6),
(3551, 4, 607, 6),
(3552, 5, 607, 6),
(3553, 24, 607, 6),
(3554, 25, 607, 6),
(3555, 26, 607, 6),
(3556, 27, 607, 6),
(3557, 28, 607, 6),
(3558, 1, 613, 5),
(3559, 2, 613, 5),
(3560, 3, 613, 5),
(3561, 4, 613, 5),
(3562, 5, 613, 5),
(3563, 24, 613, 5),
(3564, 25, 613, 5),
(3565, 26, 613, 5),
(3566, 27, 613, 5),
(3567, 28, 613, 5),
(3568, 1, 610, 5),
(3569, 2, 610, 5),
(3570, 3, 610, 4),
(3571, 4, 610, 5),
(3572, 29, 610, 3),
(3573, 5, 610, 5),
(3574, 24, 610, 2),
(3575, 25, 610, 4),
(3576, 26, 610, 4),
(3577, 27, 610, 2),
(3578, 28, 610, 3),
(3579, 1, 617, 4),
(3580, 2, 617, 5),
(3581, 3, 617, 3),
(3582, 4, 617, 4),
(3583, 5, 617, 4),
(3584, 24, 617, 3),
(3585, 25, 617, 2),
(3586, 26, 617, 4),
(3587, 27, 617, 3),
(3588, 28, 617, 3),
(3589, 1, 616, 4),
(3590, 2, 616, 4),
(3591, 3, 616, 5),
(3592, 4, 616, 4),
(3593, 5, 616, 4),
(3594, 24, 616, 4),
(3595, 25, 616, 4),
(3596, 26, 616, 4),
(3597, 27, 616, 4),
(3598, 28, 616, 4),
(3599, 1, 621, 4),
(3600, 2, 621, 5),
(3601, 3, 621, 4),
(3602, 4, 621, 4),
(3603, 5, 621, 4),
(3604, 24, 621, 5),
(3605, 25, 621, 5),
(3606, 26, 621, 5),
(3607, 27, 621, 3),
(3608, 28, 621, 4),
(3609, 1, 623, 5),
(3610, 2, 623, 5),
(3611, 3, 623, 4),
(3612, 4, 623, 4),
(3613, 5, 623, 5),
(3614, 24, 623, 4),
(3615, 25, 623, 4),
(3616, 26, 623, 4),
(3617, 27, 623, 4),
(3618, 28, 623, 4),
(3619, 1, 622, 4),
(3620, 2, 622, 5),
(3621, 3, 622, 3),
(3622, 4, 622, 4),
(3623, 5, 622, 4),
(3624, 24, 622, 4),
(3625, 25, 622, 2),
(3626, 26, 622, 3),
(3627, 27, 622, 2),
(3628, 28, 622, 3),
(3629, 1, 615, 4),
(3630, 2, 615, 4),
(3631, 3, 615, 3),
(3632, 4, 615, 4),
(3633, 5, 615, 4),
(3634, 24, 615, 1),
(3635, 25, 615, 4),
(3636, 26, 615, 3),
(3637, 27, 615, 4),
(3638, 28, 615, 2),
(3639, 1, 624, 4),
(3640, 2, 624, 4),
(3641, 3, 624, 2),
(3642, 4, 624, 4),
(3643, 5, 624, 3),
(3644, 24, 624, 2),
(3645, 25, 624, 2),
(3646, 26, 624, 2),
(3647, 27, 624, 3),
(3648, 28, 624, 2),
(3649, 1, 628, 4),
(3650, 2, 628, 4),
(3651, 3, 628, 4),
(3652, 4, 628, 4),
(3653, 5, 628, 4),
(3654, 24, 628, 4),
(3655, 25, 628, 3),
(3656, 26, 628, 2),
(3657, 27, 628, 2),
(3658, 28, 628, 3),
(3659, 1, 626, 4),
(3660, 2, 626, 3),
(3661, 3, 626, 4),
(3662, 4, 626, 4),
(3663, 29, 626, 2),
(3664, 5, 626, 4),
(3665, 24, 626, 2),
(3666, 25, 626, 3),
(3667, 26, 626, 3),
(3668, 27, 626, 2),
(3669, 28, 626, 3),
(3670, 1, 625, 4),
(3671, 2, 625, 5),
(3672, 3, 625, 5),
(3673, 4, 625, 5),
(3674, 5, 625, 5),
(3675, 24, 625, 5),
(3676, 25, 625, 5),
(3677, 26, 625, 6),
(3678, 27, 625, 5),
(3679, 28, 625, 5),
(3680, 1, 627, 4),
(3681, 2, 627, 4),
(3682, 3, 627, 2),
(3683, 4, 627, 5),
(3684, 5, 627, 4),
(3685, 24, 627, 1),
(3686, 25, 627, 2),
(3687, 26, 627, 2),
(3688, 27, 627, 4),
(3689, 28, 627, 1),
(3690, 1, 629, 4),
(3691, 2, 629, 4),
(3692, 3, 629, 4),
(3693, 4, 629, 4),
(3694, 5, 629, 4),
(3695, 24, 629, 4),
(3696, 25, 629, 3),
(3697, 26, 629, 3),
(3698, 27, 629, 3),
(3699, 28, 629, 3),
(3700, 1, 632, 4),
(3701, 2, 632, 4),
(3702, 3, 632, 5),
(3703, 4, 632, 5),
(3704, 5, 632, 5),
(3705, 24, 632, 4),
(3706, 25, 632, 4),
(3707, 26, 632, 4),
(3708, 27, 632, 4),
(3709, 28, 632, 4),
(3710, 1, 631, 4),
(3711, 2, 631, 4),
(3712, 3, 631, 3),
(3713, 4, 631, 5),
(3714, 5, 631, 4),
(3715, 24, 631, 3),
(3716, 25, 631, 3),
(3717, 26, 631, 3),
(3718, 27, 631, 3),
(3719, 28, 631, 3),
(3720, 1, 630, 5),
(3721, 2, 630, 4),
(3722, 3, 630, 4),
(3723, 4, 630, 5),
(3724, 29, 630, 4),
(3725, 5, 630, 5),
(3726, 24, 630, 4),
(3727, 25, 630, 2),
(3728, 26, 630, 4),
(3729, 27, 630, 3),
(3730, 28, 630, 3),
(3731, 1, 633, 4),
(3732, 2, 633, 4),
(3733, 3, 633, 3),
(3734, 4, 633, 4),
(3735, 5, 633, 4),
(3736, 24, 633, 4),
(3737, 25, 633, 2),
(3738, 26, 633, 3),
(3739, 27, 633, 3),
(3740, 28, 633, 3),
(3741, 1, 635, 3),
(3742, 2, 635, 1),
(3743, 3, 635, 2),
(3744, 4, 635, 4),
(3745, 29, 635, 1),
(3746, 5, 635, 2),
(3747, 24, 635, 1),
(3748, 25, 635, 1),
(3749, 26, 635, 1),
(3750, 27, 635, 1),
(3751, 28, 635, 1),
(3752, 1, 634, 4),
(3753, 2, 634, 5),
(3754, 3, 634, 4),
(3755, 4, 634, 5),
(3756, 5, 634, 5),
(3757, 24, 634, 1),
(3758, 25, 634, 1),
(3759, 26, 634, 1),
(3760, 27, 634, 1),
(3761, 28, 634, 1),
(3762, 1, 637, 4),
(3763, 2, 637, 3),
(3764, 3, 637, 3),
(3765, 4, 637, 4),
(3766, 5, 637, 2),
(3767, 24, 637, 1),
(3768, 25, 637, 1),
(3769, 26, 637, 1),
(3770, 27, 637, 1),
(3771, 28, 637, 1),
(3772, 1, 639, 5),
(3773, 2, 639, 5),
(3774, 3, 639, 4),
(3775, 4, 639, 6),
(3776, 29, 639, 2),
(3777, 5, 639, 5),
(3778, 24, 639, 2),
(3779, 25, 639, 2),
(3780, 26, 639, 5),
(3781, 27, 639, 4),
(3782, 28, 639, 3),
(3783, 1, 640, 2),
(3784, 2, 640, 2),
(3785, 3, 640, 2),
(3786, 4, 640, 2),
(3787, 29, 640, 1),
(3788, 5, 640, 2),
(3789, 24, 640, 2),
(3790, 25, 640, 2),
(3791, 26, 640, 2),
(3792, 27, 640, 1),
(3793, 28, 640, 2),
(3794, 1, 644, 5),
(3795, 2, 644, 4),
(3796, 3, 644, 5),
(3797, 4, 644, 5),
(3798, 29, 644, 3),
(3799, 5, 644, 5),
(3800, 24, 644, 3),
(3801, 25, 644, 4),
(3802, 26, 644, 4),
(3803, 27, 644, 4),
(3804, 28, 644, 4),
(3805, 1, 638, 4),
(3806, 2, 638, 3),
(3807, 3, 638, 3),
(3808, 4, 638, 5),
(3809, 5, 638, 4),
(3810, 24, 638, 3),
(3811, 25, 638, 3),
(3812, 26, 638, 4),
(3813, 27, 638, 3),
(3814, 28, 638, 3),
(3815, 1, 641, 4),
(3816, 2, 641, 5),
(3817, 3, 641, 3),
(3818, 4, 641, 4),
(3819, 5, 641, 5),
(3820, 24, 641, 5),
(3821, 25, 641, 5),
(3822, 26, 641, 5),
(3823, 27, 641, 5),
(3824, 28, 641, 5),
(3825, 1, 642, 5),
(3826, 2, 642, 6),
(3827, 3, 642, 6),
(3828, 4, 642, 6),
(3829, 5, 642, 6),
(3830, 24, 642, 6),
(3831, 25, 642, 6),
(3832, 26, 642, 6),
(3833, 27, 642, 6),
(3834, 28, 642, 6),
(3835, 1, 643, 3),
(3836, 2, 643, 4),
(3837, 3, 643, 3),
(3838, 4, 643, 2),
(3839, 29, 643, 1),
(3840, 5, 643, 2),
(3841, 24, 643, 3),
(3842, 25, 643, 3),
(3843, 26, 643, 3),
(3844, 27, 643, 2),
(3845, 28, 643, 2),
(3846, 1, 645, 5),
(3847, 2, 645, 4),
(3848, 3, 645, 2),
(3849, 4, 645, 5),
(3850, 29, 645, 2),
(3851, 5, 645, 4),
(3852, 24, 645, 2),
(3853, 25, 645, 2),
(3854, 26, 645, 2),
(3855, 27, 645, 2),
(3856, 28, 645, 2),
(3857, 1, 646, 4),
(3858, 2, 646, 4),
(3859, 3, 646, 4),
(3860, 4, 646, 4),
(3861, 5, 646, 4),
(3862, 24, 646, 4),
(3863, 25, 646, 4),
(3864, 26, 646, 4),
(3865, 27, 646, 4),
(3866, 28, 646, 4),
(3867, 1, 648, 3),
(3868, 2, 648, 4),
(3869, 3, 648, 4),
(3870, 4, 648, 3),
(3871, 5, 648, 3),
(3872, 24, 648, 1),
(3873, 25, 648, 1),
(3874, 26, 648, 1),
(3875, 27, 648, 1),
(3876, 28, 648, 1),
(3877, 1, 651, 3),
(3878, 2, 651, 4),
(3879, 3, 651, 4),
(3880, 4, 651, 3),
(3881, 5, 651, 3),
(3882, 24, 651, 1),
(3883, 25, 651, 1),
(3884, 26, 651, 1),
(3885, 27, 651, 1),
(3886, 28, 651, 1),
(3887, 1, 650, 5),
(3888, 2, 650, 6),
(3889, 3, 650, 5),
(3890, 4, 650, 5),
(3891, 29, 650, 5),
(3892, 5, 650, 6),
(3893, 24, 650, 4),
(3894, 25, 650, 4),
(3895, 26, 650, 5),
(3896, 27, 650, 5),
(3897, 28, 650, 4),
(3898, 1, 652, 3),
(3899, 2, 652, 4),
(3900, 3, 652, 4),
(3901, 4, 652, 3),
(3902, 5, 652, 3),
(3903, 24, 652, 1),
(3904, 25, 652, 1),
(3905, 26, 652, 1),
(3906, 27, 652, 1),
(3907, 28, 652, 1),
(3908, 1, 647, 5),
(3909, 2, 647, 6),
(3910, 3, 647, 4),
(3911, 4, 647, 6),
(3912, 5, 647, 6),
(3913, 24, 647, 1),
(3914, 25, 647, 1),
(3915, 26, 647, 1),
(3916, 27, 647, 1),
(3917, 28, 647, 1),
(3918, 1, 649, 3),
(3919, 2, 649, 3),
(3920, 3, 649, 4),
(3921, 4, 649, 4),
(3922, 29, 649, 2),
(3923, 5, 649, 2),
(3924, 24, 649, 1),
(3925, 25, 649, 1),
(3926, 26, 649, 1),
(3927, 27, 649, 1),
(3928, 28, 649, 1),
(3929, 1, 653, 3),
(3930, 2, 653, 4),
(3931, 3, 653, 4),
(3932, 4, 653, 3),
(3933, 5, 653, 3),
(3934, 24, 653, 1),
(3935, 25, 653, 1),
(3936, 26, 653, 1),
(3937, 27, 653, 1),
(3938, 28, 653, 1),
(3939, 1, 655, 5),
(3940, 2, 655, 5),
(3941, 3, 655, 4),
(3942, 4, 655, 5),
(3943, 5, 655, 4),
(3944, 24, 655, 1),
(3945, 25, 655, 1),
(3946, 26, 655, 1),
(3947, 27, 655, 1),
(3948, 28, 655, 1),
(3949, 1, 654, 4),
(3950, 2, 654, 4),
(3951, 3, 654, 3),
(3952, 4, 654, 4),
(3953, 5, 654, 4),
(3954, 24, 654, 2),
(3955, 25, 654, 3),
(3956, 26, 654, 3),
(3957, 27, 654, 2),
(3958, 28, 654, 2),
(3959, 1, 658, 3),
(3960, 2, 658, 3),
(3961, 3, 658, 3),
(3962, 4, 658, 3),
(3963, 29, 658, 2),
(3964, 5, 658, 3),
(3965, 24, 658, 3),
(3966, 25, 658, 3),
(3967, 26, 658, 2),
(3968, 27, 658, 2),
(3969, 28, 658, 2),
(3970, 1, 656, 4),
(3971, 2, 656, 5),
(3972, 3, 656, 4),
(3973, 4, 656, 4),
(3974, 5, 656, 4),
(3975, 24, 656, 1),
(3976, 25, 656, 1),
(3977, 26, 656, 1),
(3978, 27, 656, 1),
(3979, 28, 656, 1),
(3980, 1, 657, 4),
(3981, 2, 657, 4),
(3982, 3, 657, 2),
(3983, 4, 657, 3),
(3984, 5, 657, 3),
(3985, 24, 657, 2),
(3986, 25, 657, 2),
(3987, 26, 657, 1),
(3988, 27, 657, 1),
(3989, 28, 657, 1),
(3990, 1, 659, 4),
(3991, 2, 659, 4),
(3992, 3, 659, 4),
(3993, 4, 659, 3),
(3994, 5, 659, 3),
(3995, 24, 659, 3),
(3996, 25, 659, 3),
(3997, 26, 659, 3),
(3998, 27, 659, 2),
(3999, 28, 659, 3),
(4000, 1, 660, 2),
(4001, 2, 660, 2),
(4002, 3, 660, 2),
(4003, 4, 660, 2),
(4004, 29, 660, 1),
(4005, 5, 660, 1),
(4006, 24, 660, 1),
(4007, 25, 660, 1),
(4008, 26, 660, 1),
(4009, 27, 660, 1),
(4010, 28, 660, 1),
(4011, 1, 661, 5),
(4012, 2, 661, 5),
(4013, 3, 661, 4),
(4014, 4, 661, 5),
(4015, 5, 661, 4),
(4016, 24, 661, 6),
(4017, 25, 661, 5),
(4018, 26, 661, 5),
(4019, 27, 661, 5),
(4020, 28, 661, 5),
(4021, 1, 662, 4),
(4022, 2, 662, 3),
(4023, 3, 662, 4),
(4024, 4, 662, 3),
(4025, 5, 662, 3),
(4026, 24, 662, 1),
(4027, 25, 662, 1),
(4028, 26, 662, 1),
(4029, 27, 662, 1),
(4030, 28, 662, 1),
(4031, 1, 663, 3),
(4032, 2, 663, 4),
(4033, 3, 663, 3),
(4034, 4, 663, 4),
(4035, 5, 663, 4),
(4036, 24, 663, 1),
(4037, 25, 663, 1),
(4038, 26, 663, 1),
(4039, 27, 663, 1),
(4040, 28, 663, 1),
(4041, 1, 665, 4),
(4042, 2, 665, 5),
(4043, 3, 665, 4),
(4044, 4, 665, 5),
(4045, 5, 665, 4),
(4046, 24, 665, 4),
(4047, 25, 665, 4),
(4048, 26, 665, 4),
(4049, 27, 665, 3),
(4050, 28, 665, 4),
(4051, 1, 666, 1),
(4052, 2, 666, 1),
(4053, 3, 666, 1),
(4054, 4, 666, 1),
(4055, 29, 666, 1),
(4056, 5, 666, 1),
(4057, 24, 666, 1),
(4058, 25, 666, 1),
(4059, 26, 666, 1),
(4060, 27, 666, 1),
(4061, 28, 666, 1),
(4062, 1, 664, 5),
(4063, 2, 664, 5),
(4064, 3, 664, 4),
(4065, 4, 664, 5),
(4066, 5, 664, 6),
(4067, 24, 664, 6),
(4068, 25, 664, 5),
(4069, 26, 664, 5),
(4070, 27, 664, 5),
(4071, 28, 664, 6),
(4072, 1, 667, 4),
(4073, 2, 667, 4),
(4074, 3, 667, 4),
(4075, 4, 667, 5),
(4076, 5, 667, 5),
(4077, 24, 667, 1),
(4078, 25, 667, 2),
(4079, 26, 667, 2),
(4080, 27, 667, 2),
(4081, 28, 667, 1),
(4082, 1, 669, 2),
(4083, 2, 669, 2),
(4084, 3, 669, 2),
(4085, 4, 669, 3),
(4086, 29, 669, 1),
(4087, 5, 669, 2),
(4088, 24, 669, 3),
(4089, 25, 669, 3),
(4090, 26, 669, 3),
(4091, 27, 669, 1),
(4092, 28, 669, 2),
(4093, 1, 670, 4),
(4094, 2, 670, 4),
(4095, 3, 670, 5),
(4096, 4, 670, 4),
(4097, 29, 670, 5),
(4098, 5, 670, 5),
(4099, 24, 670, 5),
(4100, 25, 670, 5),
(4101, 26, 670, 5),
(4102, 27, 670, 4),
(4103, 28, 670, 5),
(4104, 1, 672, 4),
(4105, 2, 672, 3),
(4106, 3, 672, 3),
(4107, 4, 672, 4),
(4108, 29, 672, 3),
(4109, 5, 672, 3),
(4110, 24, 672, 2),
(4111, 25, 672, 2),
(4112, 26, 672, 4),
(4113, 27, 672, 3),
(4114, 28, 672, 2),
(4115, 1, 673, 6),
(4116, 2, 673, 5),
(4117, 3, 673, 6),
(4118, 4, 673, 6),
(4119, 29, 673, 5),
(4120, 5, 673, 6),
(4121, 24, 673, 4),
(4122, 25, 673, 5),
(4123, 26, 673, 5),
(4124, 27, 673, 4),
(4125, 28, 673, 5),
(4126, 1, 671, 2),
(4127, 2, 671, 2),
(4128, 3, 671, 3),
(4129, 4, 671, 3),
(4130, 29, 671, 1),
(4131, 5, 671, 2),
(4132, 24, 671, 1),
(4133, 25, 671, 1),
(4134, 26, 671, 1),
(4135, 27, 671, 1),
(4136, 28, 671, 1),
(4137, 1, 674, 3),
(4138, 2, 674, 2),
(4139, 3, 674, 3),
(4140, 4, 674, 2),
(4141, 29, 674, 4),
(4142, 5, 674, 3),
(4143, 24, 674, 1),
(4144, 25, 674, 1),
(4145, 26, 674, 1),
(4146, 27, 674, 1),
(4147, 28, 674, 1),
(4148, 1, 675, 3),
(4149, 2, 675, 3),
(4150, 3, 675, 3),
(4151, 4, 675, 4),
(4152, 29, 675, 1),
(4153, 5, 675, 3),
(4154, 24, 675, 4),
(4155, 25, 675, 4),
(4156, 26, 675, 2),
(4157, 27, 675, 2),
(4158, 28, 675, 3),
(4159, 1, 676, 4),
(4160, 2, 676, 3),
(4161, 3, 676, 3),
(4162, 4, 676, 4),
(4163, 29, 676, 3),
(4164, 5, 676, 3),
(4165, 24, 676, 2),
(4166, 25, 676, 3),
(4167, 26, 676, 2),
(4168, 27, 676, 1),
(4169, 28, 676, 2),
(4170, 1, 677, 2),
(4171, 2, 677, 2),
(4172, 3, 677, 2),
(4173, 4, 677, 3),
(4174, 29, 677, 1),
(4175, 5, 677, 2),
(4176, 24, 677, 1),
(4177, 25, 677, 1),
(4178, 26, 677, 1),
(4179, 27, 677, 1),
(4180, 28, 677, 1),
(4181, 1, 679, 2),
(4182, 2, 679, 2),
(4183, 3, 679, 4),
(4184, 4, 679, 4),
(4185, 29, 679, 1),
(4186, 5, 679, 3),
(4187, 24, 679, 1),
(4188, 25, 679, 1),
(4189, 26, 679, 1),
(4190, 27, 679, 1),
(4191, 28, 679, 1),
(4192, 1, 678, 5),
(4193, 2, 678, 4),
(4194, 3, 678, 5),
(4195, 4, 678, 5),
(4196, 29, 678, 5),
(4197, 5, 678, 5),
(4198, 24, 678, 2),
(4199, 25, 678, 2),
(4200, 26, 678, 2),
(4201, 27, 678, 2),
(4202, 28, 678, 2),
(4203, 1, 680, 2),
(4204, 2, 680, 2),
(4205, 3, 680, 3),
(4206, 4, 680, 3),
(4207, 29, 680, 1),
(4208, 5, 680, 1),
(4209, 24, 680, 1),
(4210, 25, 680, 1),
(4211, 26, 680, 1),
(4212, 27, 680, 1),
(4213, 28, 680, 1),
(4214, 1, 682, 5),
(4215, 2, 682, 4),
(4216, 3, 682, 4),
(4217, 4, 682, 5),
(4218, 29, 682, 4),
(4219, 5, 682, 4),
(4220, 24, 682, 2),
(4221, 25, 682, 2),
(4222, 26, 682, 2),
(4223, 27, 682, 2),
(4224, 28, 682, 2),
(4225, 1, 681, 3),
(4226, 2, 681, 3),
(4227, 3, 681, 4),
(4228, 4, 681, 4),
(4229, 29, 681, 2),
(4230, 5, 681, 3),
(4231, 24, 681, 2),
(4232, 25, 681, 1),
(4233, 26, 681, 2),
(4234, 27, 681, 1),
(4235, 28, 681, 2),
(4236, 1, 683, 3),
(4237, 2, 683, 3),
(4238, 3, 683, 2),
(4239, 4, 683, 4),
(4240, 29, 683, 3),
(4241, 5, 683, 3),
(4242, 24, 683, 4),
(4243, 25, 683, 3),
(4244, 26, 683, 2),
(4245, 27, 683, 2),
(4246, 28, 683, 3),
(4247, 1, 684, 3),
(4248, 2, 684, 3),
(4249, 3, 684, 4),
(4250, 4, 684, 4),
(4251, 29, 684, 1),
(4252, 5, 684, 3),
(4253, 24, 684, 4),
(4254, 25, 684, 3),
(4255, 26, 684, 2),
(4256, 27, 684, 3),
(4257, 28, 684, 3),
(4258, 1, 685, 6),
(4259, 2, 685, 6),
(4260, 3, 685, 5),
(4261, 4, 685, 5),
(4262, 29, 685, 6),
(4263, 5, 685, 6),
(4264, 24, 685, 6),
(4265, 25, 685, 6),
(4266, 26, 685, 6),
(4267, 27, 685, 6),
(4268, 28, 685, 6),
(4269, 1, 686, 4),
(4270, 2, 686, 3),
(4271, 3, 686, 3),
(4272, 4, 686, 4),
(4273, 29, 686, 3),
(4274, 5, 686, 4),
(4275, 24, 686, 3),
(4276, 25, 686, 4),
(4277, 26, 686, 3),
(4278, 27, 686, 3),
(4279, 28, 686, 3),
(4280, 1, 688, 4),
(4281, 2, 688, 4),
(4282, 3, 688, 5),
(4283, 4, 688, 5),
(4284, 29, 688, 4),
(4285, 5, 688, 5),
(4286, 24, 688, 5),
(4287, 25, 688, 5),
(4288, 26, 688, 6),
(4289, 27, 688, 6),
(4290, 28, 688, 6),
(4291, 1, 690, 4),
(4292, 2, 690, 3),
(4293, 3, 690, 3),
(4294, 4, 690, 4),
(4295, 29, 690, 3),
(4296, 5, 690, 3),
(4297, 24, 690, 2),
(4298, 25, 690, 2),
(4299, 26, 690, 2),
(4300, 27, 690, 1),
(4301, 28, 690, 2),
(4302, 1, 691, 5),
(4303, 2, 691, 3),
(4304, 3, 691, 4),
(4305, 4, 691, 5),
(4306, 29, 691, 3),
(4307, 5, 691, 4),
(4308, 24, 691, 3),
(4309, 25, 691, 3),
(4310, 26, 691, 3),
(4311, 27, 691, 3),
(4312, 28, 691, 3),
(4313, 1, 692, 5),
(4314, 2, 692, 3),
(4315, 3, 692, 4),
(4316, 4, 692, 4),
(4317, 29, 692, 3),
(4318, 5, 692, 4),
(4319, 24, 692, 2),
(4320, 25, 692, 2),
(4321, 26, 692, 2),
(4322, 27, 692, 2),
(4323, 28, 692, 2),
(4324, 1, 693, 5),
(4325, 2, 693, 5),
(4326, 3, 693, 6),
(4327, 4, 693, 5),
(4328, 29, 693, 5),
(4329, 5, 693, 5),
(4330, 24, 693, 5),
(4331, 25, 693, 5),
(4332, 26, 693, 6),
(4333, 27, 693, 5),
(4334, 28, 693, 5),
(4335, 1, 694, 5),
(4336, 2, 694, 4),
(4337, 3, 694, 5),
(4338, 4, 694, 5),
(4339, 5, 694, 5),
(4340, 24, 694, 4),
(4341, 25, 694, 4),
(4342, 26, 694, 4),
(4343, 27, 694, 4),
(4344, 28, 694, 4),
(4345, 1, 695, 5),
(4346, 2, 695, 4),
(4347, 3, 695, 4),
(4348, 4, 695, 5),
(4349, 5, 695, 5),
(4350, 24, 695, 5),
(4351, 25, 695, 5),
(4352, 26, 695, 5),
(4353, 27, 695, 5),
(4354, 28, 695, 5),
(4355, 1, 696, 4),
(4356, 2, 696, 3),
(4357, 3, 696, 4),
(4358, 4, 696, 4),
(4359, 5, 696, 4),
(4360, 24, 696, 2),
(4361, 25, 696, 3),
(4362, 26, 696, 4),
(4363, 27, 696, 3),
(4364, 28, 696, 3),
(4365, 1, 697, 4),
(4366, 2, 697, 4),
(4367, 3, 697, 3),
(4368, 4, 697, 3),
(4369, 5, 697, 4),
(4370, 24, 697, 3),
(4371, 25, 697, 3),
(4372, 26, 697, 2),
(4373, 27, 697, 3),
(4374, 28, 697, 3),
(4375, 1, 698, 4),
(4376, 2, 698, 3),
(4377, 3, 698, 3),
(4378, 4, 698, 4),
(4379, 29, 698, 2),
(4380, 5, 698, 3),
(4381, 24, 698, 2),
(4382, 25, 698, 3),
(4383, 26, 698, 3),
(4384, 27, 698, 2),
(4385, 28, 698, 2),
(4386, 1, 699, 4),
(4387, 2, 699, 4),
(4388, 3, 699, 3),
(4389, 4, 699, 4),
(4390, 29, 699, 4),
(4391, 5, 699, 4),
(4392, 24, 699, 3),
(4393, 25, 699, 4),
(4394, 26, 699, 3),
(4395, 27, 699, 3),
(4396, 28, 699, 3),
(4397, 1, 700, 5),
(4398, 2, 700, 5),
(4399, 3, 700, 3),
(4400, 4, 700, 5),
(4401, 29, 700, 5),
(4402, 5, 700, 5),
(4403, 24, 700, 5),
(4404, 25, 700, 4),
(4405, 26, 700, 4),
(4406, 27, 700, 4),
(4407, 28, 700, 5),
(4408, 1, 701, 5),
(4409, 2, 701, 4),
(4410, 3, 701, 5),
(4411, 4, 701, 4),
(4412, 29, 701, 4),
(4413, 5, 701, 5),
(4414, 24, 701, 3),
(4415, 25, 701, 4),
(4416, 26, 701, 4),
(4417, 27, 701, 3),
(4418, 28, 701, 4),
(4419, 1, 702, 5),
(4420, 2, 702, 4),
(4421, 3, 702, 5),
(4422, 4, 702, 5),
(4423, 29, 702, 5),
(4424, 5, 702, 5),
(4425, 24, 702, 4),
(4426, 25, 702, 4),
(4427, 26, 702, 4),
(4428, 27, 702, 5),
(4429, 28, 702, 5),
(4430, 1, 703, 5),
(4431, 2, 703, 5),
(4432, 3, 703, 5),
(4433, 4, 703, 5),
(4434, 29, 703, 6),
(4435, 5, 703, 5),
(4436, 24, 703, 3),
(4437, 25, 703, 3),
(4438, 26, 703, 4),
(4439, 27, 703, 3),
(4440, 28, 703, 3),
(4441, 1, 704, 5),
(4442, 2, 704, 4),
(4443, 3, 704, 4),
(4444, 4, 704, 4),
(4445, 29, 704, 3),
(4446, 5, 704, 4),
(4447, 24, 704, 4),
(4448, 25, 704, 2),
(4449, 26, 704, 3),
(4450, 27, 704, 3),
(4451, 28, 704, 3),
(4452, 1, 705, 5),
(4453, 2, 705, 4),
(4454, 3, 705, 3),
(4455, 4, 705, 4),
(4456, 29, 705, 4),
(4457, 5, 705, 4),
(4458, 24, 705, 3),
(4459, 25, 705, 4),
(4460, 26, 705, 4),
(4461, 27, 705, 4),
(4462, 28, 705, 4),
(4463, 27, 706, 5),
(4464, 2, 707, 3),
(4465, 29, 707, 4),
(4466, 24, 707, 2),
(4467, 26, 707, 2),
(4468, 27, 707, 2),
(4469, 26, 708, 4),
(4470, 27, 708, 4),
(4471, 27, 709, 3),
(4472, 24, 710, 3),
(4473, 25, 710, 3),
(4474, 26, 710, 3),
(4475, 28, 710, 3),
(4476, 27, 711, 3),
(4477, 29, 712, 4),
(4478, 24, 712, 4),
(4479, 27, 712, 4),
(4480, 24, 713, 4),
(4481, 25, 713, 4),
(4482, 28, 713, 4),
(4483, 1, 734, 4),
(4484, 2, 734, 4),
(4485, 3, 734, 3),
(4486, 4, 734, 3),
(4487, 5, 734, 3),
(4488, 24, 734, 1),
(4489, 25, 734, 1),
(4490, 26, 734, 1),
(4491, 27, 734, 1),
(4492, 28, 734, 1),
(4493, 1, 737, 4),
(4494, 2, 737, 3),
(4495, 3, 737, 2),
(4496, 4, 737, 2),
(4497, 5, 737, 3),
(4498, 24, 737, 1),
(4499, 25, 737, 1),
(4500, 26, 737, 1),
(4501, 27, 737, 1),
(4502, 28, 737, 1),
(4503, 1, 738, 4),
(4504, 2, 738, 4),
(4505, 3, 738, 5),
(4506, 4, 738, 3),
(4507, 5, 738, 4),
(4508, 24, 738, 1),
(4509, 25, 738, 1),
(4510, 26, 738, 1),
(4511, 27, 738, 1),
(4512, 28, 738, 1),
(4513, 24, 716, 3),
(4514, 25, 716, 5),
(4515, 1, 743, 4),
(4516, 2, 743, 4),
(4517, 3, 743, 4),
(4518, 4, 743, 2),
(4519, 5, 743, 3),
(4520, 24, 743, 2),
(4521, 25, 743, 4),
(4522, 26, 743, 3),
(4523, 27, 743, 2),
(4524, 28, 743, 3),
(4525, 25, 717, 4),
(4526, 1, 744, 5),
(4527, 2, 744, 4),
(4528, 3, 744, 3),
(4529, 4, 744, 5),
(4530, 5, 744, 5),
(4531, 24, 744, 4),
(4532, 25, 744, 3),
(4533, 26, 744, 4),
(4534, 27, 744, 3),
(4535, 28, 744, 3),
(4536, 1, 745, 5),
(4537, 2, 745, 4),
(4538, 3, 745, 3),
(4539, 4, 745, 5),
(4540, 5, 745, 4),
(4541, 24, 745, 4),
(4542, 25, 745, 4),
(4543, 26, 745, 3),
(4544, 27, 745, 2),
(4545, 28, 745, 3),
(4546, 1, 746, 4),
(4547, 2, 746, 3),
(4548, 3, 746, 3),
(4549, 4, 746, 2),
(4550, 5, 746, 3),
(4551, 24, 746, 1),
(4552, 25, 746, 1),
(4553, 26, 746, 1),
(4554, 27, 746, 1),
(4555, 28, 746, 1),
(4556, 3, 718, 4),
(4557, 27, 718, 5),
(4558, 1, 747, 4),
(4559, 2, 747, 3),
(4560, 3, 747, 2),
(4561, 4, 747, 4),
(4562, 5, 747, 3),
(4563, 24, 747, 3),
(4564, 25, 747, 2),
(4565, 26, 747, 2),
(4566, 27, 747, 2),
(4567, 28, 747, 2),
(4568, 1, 719, 1),
(4569, 2, 719, 1),
(4570, 4, 719, 3),
(4571, 5, 719, 1),
(4572, 25, 719, 2),
(4573, 26, 719, 1),
(4574, 27, 719, 1),
(4575, 28, 719, 2),
(4576, 1, 720, 3),
(4577, 3, 720, 3),
(4578, 4, 720, 4),
(4579, 29, 720, 6),
(4580, 5, 720, 4),
(4581, 25, 720, 4),
(4582, 26, 720, 4),
(4583, 27, 720, 4),
(4584, 28, 720, 4),
(4585, 1, 748, 4),
(4586, 2, 748, 4),
(4587, 3, 748, 5),
(4588, 4, 748, 3),
(4589, 5, 748, 4),
(4590, 24, 748, 3),
(4591, 25, 748, 2),
(4592, 26, 748, 3),
(4593, 27, 748, 3),
(4594, 28, 748, 3),
(4595, 1, 721, 4),
(4596, 2, 721, 3),
(4597, 4, 721, 5),
(4598, 5, 721, 4),
(4599, 26, 721, 5),
(4600, 27, 721, 4),
(4601, 28, 721, 3),
(4602, 1, 722, 4),
(4603, 2, 722, 4),
(4604, 3, 722, 3),
(4605, 4, 722, 4),
(4606, 29, 722, 4),
(4607, 5, 722, 4),
(4608, 25, 722, 5),
(4609, 27, 722, 4),
(4610, 28, 722, 5),
(4611, 29, 723, 2),
(4612, 1, 724, 3),
(4613, 2, 724, 3),
(4614, 3, 724, 3),
(4615, 4, 724, 4),
(4616, 29, 724, 4),
(4617, 5, 724, 4),
(4618, 4, 725, 5),
(4619, 29, 725, 3),
(4620, 5, 725, 4),
(4621, 1, 726, 3),
(4622, 29, 726, 3),
(4623, 26, 726, 2),
(4624, 27, 726, 2),
(4625, 28, 726, 3),
(4626, 3, 736, 3),
(4627, 24, 736, 4),
(4628, 25, 736, 4),
(4629, 26, 736, 4),
(4630, 27, 736, 4),
(4631, 28, 736, 4),
(4632, 2, 714, 4),
(4633, 3, 714, 4),
(4634, 1, 751, 4),
(4635, 2, 751, 4),
(4636, 3, 751, 2),
(4637, 4, 751, 5),
(4638, 5, 751, 4),
(4639, 24, 751, 4),
(4640, 25, 751, 4),
(4641, 26, 751, 4),
(4642, 27, 751, 3),
(4643, 28, 751, 5),
(4644, 1, 752, 5),
(4645, 2, 752, 6),
(4646, 3, 752, 4),
(4647, 4, 752, 5),
(4648, 5, 752, 5),
(4649, 24, 752, 5),
(4650, 25, 752, 5),
(4651, 26, 752, 5),
(4652, 27, 752, 5),
(4653, 28, 752, 5),
(4654, 1, 753, 4),
(4655, 2, 753, 4),
(4656, 3, 753, 5),
(4657, 4, 753, 4),
(4658, 5, 753, 4),
(4659, 24, 753, 4),
(4660, 25, 753, 4),
(4661, 26, 753, 4),
(4662, 27, 753, 3),
(4663, 28, 753, 3),
(4664, 1, 754, 5),
(4665, 2, 754, 4),
(4666, 3, 754, 4),
(4667, 4, 754, 5),
(4668, 5, 754, 4),
(4669, 24, 754, 2),
(4670, 25, 754, 2),
(4671, 26, 754, 3),
(4672, 27, 754, 3),
(4673, 28, 754, 2),
(4674, 1, 755, 5),
(4675, 2, 755, 5),
(4676, 3, 755, 5),
(4677, 4, 755, 5),
(4678, 5, 755, 5),
(4679, 24, 755, 4),
(4680, 25, 755, 5),
(4681, 26, 755, 5),
(4682, 27, 755, 4),
(4683, 28, 755, 5),
(4684, 1, 757, 3),
(4685, 2, 757, 3),
(4686, 3, 757, 3),
(4687, 4, 757, 3),
(4688, 5, 757, 3),
(4689, 24, 757, 1),
(4690, 25, 757, 1),
(4691, 26, 757, 1),
(4692, 27, 757, 1),
(4693, 28, 757, 1),
(4694, 1, 756, 4),
(4695, 2, 756, 3),
(4696, 3, 756, 4),
(4697, 4, 756, 4),
(4698, 5, 756, 4),
(4699, 24, 756, 4),
(4700, 25, 756, 2),
(4701, 26, 756, 3),
(4702, 27, 756, 3),
(4703, 28, 756, 3),
(4704, 1, 758, 4),
(4705, 2, 758, 4),
(4706, 3, 758, 3),
(4707, 4, 758, 4),
(4708, 5, 758, 4),
(4709, 24, 758, 4),
(4710, 25, 758, 4),
(4711, 26, 758, 4),
(4712, 27, 758, 4),
(4713, 28, 758, 4),
(4714, 1, 759, 3),
(4715, 2, 759, 3),
(4716, 3, 759, 1),
(4717, 4, 759, 4),
(4718, 5, 759, 3),
(4719, 24, 759, 2),
(4720, 25, 759, 2),
(4721, 26, 759, 3),
(4722, 27, 759, 2),
(4723, 28, 759, 2),
(4724, 1, 760, 4),
(4725, 2, 760, 4),
(4726, 3, 760, 4),
(4727, 4, 760, 4),
(4728, 5, 760, 4),
(4729, 24, 760, 4),
(4730, 25, 760, 2),
(4731, 26, 760, 3),
(4732, 27, 760, 3),
(4733, 28, 760, 3),
(4734, 1, 762, 5),
(4735, 2, 762, 5),
(4736, 3, 762, 4),
(4737, 4, 762, 5),
(4738, 5, 762, 5),
(4739, 24, 762, 5),
(4740, 25, 762, 5),
(4741, 26, 762, 3),
(4742, 27, 762, 4),
(4743, 28, 762, 4),
(4744, 1, 761, 5),
(4745, 2, 761, 4),
(4746, 3, 761, 3),
(4747, 4, 761, 4),
(4748, 5, 761, 4),
(4749, 24, 761, 4),
(4750, 25, 761, 3),
(4751, 26, 761, 3),
(4752, 27, 761, 3),
(4753, 28, 761, 3),
(4754, 1, 763, 3),
(4755, 2, 763, 3),
(4756, 3, 763, 3),
(4757, 4, 763, 3),
(4758, 5, 763, 3),
(4759, 24, 763, 4),
(4760, 25, 763, 4),
(4761, 26, 763, 4),
(4762, 27, 763, 3),
(4763, 28, 763, 3),
(4764, 1, 764, 5),
(4765, 2, 764, 5),
(4766, 3, 764, 5),
(4767, 4, 764, 5),
(4768, 5, 764, 5),
(4769, 24, 764, 3),
(4770, 25, 764, 2),
(4771, 26, 764, 3),
(4772, 27, 764, 4),
(4773, 28, 764, 3),
(4774, 1, 765, 4),
(4775, 2, 765, 4),
(4776, 3, 765, 4),
(4777, 4, 765, 4),
(4778, 5, 765, 4),
(4779, 24, 765, 4),
(4780, 25, 765, 4),
(4781, 26, 765, 4),
(4782, 27, 765, 4),
(4783, 28, 765, 4),
(4784, 1, 766, 3),
(4785, 2, 766, 3),
(4786, 3, 766, 3),
(4787, 4, 766, 3),
(4788, 5, 766, 2),
(4789, 24, 766, 1),
(4790, 25, 766, 1),
(4791, 26, 766, 1),
(4792, 27, 766, 1),
(4793, 28, 766, 1),
(4794, 1, 767, 4),
(4795, 2, 767, 4),
(4796, 3, 767, 5),
(4797, 4, 767, 4),
(4798, 5, 767, 4),
(4799, 24, 767, 4),
(4800, 25, 767, 3),
(4801, 26, 767, 3),
(4802, 27, 767, 4),
(4803, 28, 767, 3),
(4804, 1, 768, 3),
(4805, 2, 768, 4),
(4806, 3, 768, 4),
(4807, 4, 768, 4),
(4808, 5, 768, 4),
(4809, 24, 768, 4),
(4810, 25, 768, 3),
(4811, 26, 768, 4),
(4812, 27, 768, 3),
(4813, 28, 768, 3),
(4814, 1, 769, 4),
(4815, 2, 769, 3),
(4816, 3, 769, 4),
(4817, 4, 769, 4),
(4818, 5, 769, 4),
(4819, 24, 769, 4),
(4820, 25, 769, 2),
(4821, 26, 769, 3),
(4822, 27, 769, 3),
(4823, 28, 769, 3),
(4824, 1, 770, 4),
(4825, 2, 770, 4),
(4826, 3, 770, 4),
(4827, 4, 770, 3),
(4828, 5, 770, 4),
(4829, 24, 770, 4),
(4830, 25, 770, 4),
(4831, 26, 770, 3),
(4832, 27, 770, 3),
(4833, 28, 770, 3),
(4834, 1, 772, 5),
(4835, 2, 772, 5),
(4836, 3, 772, 4),
(4837, 4, 772, 4),
(4838, 5, 772, 5),
(4839, 24, 772, 3),
(4840, 25, 772, 3),
(4841, 26, 772, 3),
(4842, 27, 772, 3),
(4843, 28, 772, 3),
(4844, 1, 773, 5),
(4845, 2, 773, 5),
(4846, 3, 773, 5),
(4847, 4, 773, 5),
(4848, 5, 773, 5),
(4849, 24, 773, 6),
(4850, 25, 773, 5),
(4851, 26, 773, 5),
(4852, 27, 773, 5),
(4853, 28, 773, 5),
(4854, 1, 774, 4),
(4855, 2, 774, 4),
(4856, 3, 774, 4),
(4857, 4, 774, 4),
(4858, 5, 774, 4),
(4859, 24, 774, 3),
(4860, 25, 774, 3),
(4861, 26, 774, 4),
(4862, 27, 774, 3),
(4863, 28, 774, 3),
(4864, 1, 775, 4),
(4865, 2, 775, 4),
(4866, 3, 775, 4),
(4867, 4, 775, 4),
(4868, 5, 775, 4),
(4869, 24, 775, 4),
(4870, 25, 775, 4),
(4871, 26, 775, 4),
(4872, 27, 775, 3),
(4873, 28, 775, 4),
(4874, 1, 776, 5),
(4875, 2, 776, 4),
(4876, 3, 776, 3),
(4877, 4, 776, 4),
(4878, 5, 776, 4),
(4879, 24, 776, 4),
(4880, 25, 776, 3),
(4881, 26, 776, 3),
(4882, 27, 776, 3),
(4883, 28, 776, 3),
(4884, 1, 777, 4),
(4885, 2, 777, 4),
(4886, 3, 777, 3),
(4887, 4, 777, 3),
(4888, 5, 777, 3),
(4889, 24, 777, 1),
(4890, 25, 777, 1),
(4891, 26, 777, 1),
(4892, 27, 777, 1),
(4893, 28, 777, 1),
(4894, 1, 778, 3),
(4895, 2, 778, 3),
(4896, 3, 778, 3),
(4897, 4, 778, 3),
(4898, 5, 778, 3),
(4899, 24, 778, 1),
(4900, 25, 778, 1),
(4901, 26, 778, 1),
(4902, 27, 778, 1),
(4903, 28, 778, 1),
(4904, 1, 780, 5),
(4905, 2, 780, 5),
(4906, 3, 780, 5),
(4907, 4, 780, 5),
(4908, 5, 780, 5),
(4909, 24, 780, 5),
(4910, 25, 780, 4),
(4911, 26, 780, 4),
(4912, 27, 780, 2),
(4913, 28, 780, 3),
(4914, 1, 779, 4),
(4915, 2, 779, 4),
(4916, 3, 779, 4),
(4917, 4, 779, 4),
(4918, 5, 779, 4),
(4919, 24, 779, 2),
(4920, 25, 779, 2),
(4921, 26, 779, 2),
(4922, 27, 779, 2),
(4923, 28, 779, 2),
(4924, 1, 781, 4),
(4925, 2, 781, 4),
(4926, 3, 781, 4),
(4927, 4, 781, 4),
(4928, 5, 781, 4),
(4929, 24, 781, 1),
(4930, 25, 781, 1),
(4931, 26, 781, 1),
(4932, 27, 781, 1),
(4933, 28, 781, 1),
(4934, 1, 782, 4),
(4935, 2, 782, 3),
(4936, 3, 782, 4),
(4937, 4, 782, 4),
(4938, 5, 782, 3),
(4939, 24, 782, 4),
(4940, 25, 782, 3),
(4941, 26, 782, 3),
(4942, 27, 782, 4),
(4943, 28, 782, 3),
(4944, 1, 783, 6),
(4945, 2, 783, 6),
(4946, 3, 783, 5),
(4947, 4, 783, 5),
(4948, 5, 783, 5),
(4949, 24, 783, 6),
(4950, 25, 783, 6),
(4951, 26, 783, 6),
(4952, 27, 783, 6),
(4953, 28, 783, 6),
(4954, 1, 785, 4),
(4955, 2, 785, 4),
(4956, 3, 785, 4),
(4957, 4, 785, 4),
(4958, 5, 785, 4),
(4959, 24, 785, 4),
(4960, 25, 785, 4),
(4961, 26, 785, 4),
(4962, 27, 785, 3),
(4963, 28, 785, 3),
(4964, 1, 784, 4),
(4965, 2, 784, 5),
(4966, 3, 784, 4),
(4967, 4, 784, 4),
(4968, 5, 784, 5),
(4969, 24, 784, 2),
(4970, 25, 784, 3),
(4971, 26, 784, 3),
(4972, 27, 784, 3),
(4973, 28, 784, 2),
(4974, 1, 786, 5),
(4975, 2, 786, 5),
(4976, 3, 786, 4),
(4977, 4, 786, 4),
(4978, 5, 786, 5),
(4979, 24, 786, 5),
(4980, 25, 786, 5),
(4981, 26, 786, 5),
(4982, 27, 786, 5),
(4983, 28, 786, 5),
(4984, 1, 787, 5),
(4985, 2, 787, 5),
(4986, 3, 787, 4),
(4987, 4, 787, 6),
(4988, 5, 787, 5),
(4989, 24, 787, 2),
(4990, 25, 787, 3),
(4991, 26, 787, 3),
(4992, 27, 787, 3),
(4993, 28, 787, 3),
(4994, 1, 788, 5),
(4995, 2, 788, 5),
(4996, 3, 788, 5),
(4997, 4, 788, 4),
(4998, 5, 788, 5),
(4999, 24, 788, 5),
(5000, 25, 788, 5),
(5001, 26, 788, 5),
(5002, 27, 788, 4),
(5003, 28, 788, 5),
(5004, 1, 789, 6),
(5005, 2, 789, 5),
(5006, 3, 789, 4),
(5007, 4, 789, 5),
(5008, 5, 789, 5),
(5009, 24, 789, 2),
(5010, 25, 789, 2),
(5011, 26, 789, 3),
(5012, 27, 789, 3),
(5013, 28, 789, 3),
(5014, 1, 790, 5),
(5015, 2, 790, 5),
(5016, 3, 790, 4),
(5017, 4, 790, 5),
(5018, 5, 790, 5),
(5019, 24, 790, 4),
(5020, 25, 790, 3),
(5021, 26, 790, 3),
(5022, 27, 790, 4),
(5023, 28, 790, 3),
(5024, 1, 797, 4),
(5025, 2, 797, 4),
(5026, 3, 797, 4),
(5027, 25, 797, 4),
(5028, 26, 797, 4),
(5029, 27, 797, 4),
(5030, 28, 797, 4),
(5031, 3, 800, 2),
(5032, 24, 800, 4),
(5033, 25, 800, 3),
(5034, 26, 800, 3),
(5035, 28, 800, 3),
(5036, 3, 795, 2),
(5037, 26, 795, 3),
(5038, 27, 795, 3),
(5039, 24, 798, 4),
(5040, 25, 798, 4),
(5041, 26, 798, 3),
(5042, 27, 798, 3),
(5043, 28, 798, 3),
(5044, 3, 796, 3),
(5045, 24, 799, 4),
(5046, 25, 799, 2),
(5047, 26, 799, 2),
(5048, 28, 799, 2),
(5049, 1, 822, 5),
(5050, 2, 822, 5),
(5051, 3, 822, 5),
(5052, 4, 822, 5),
(5053, 5, 822, 5),
(5054, 24, 822, 5),
(5055, 25, 822, 5),
(5056, 26, 822, 4),
(5057, 27, 822, 4),
(5058, 28, 822, 5),
(5059, 24, 792, 4),
(5060, 25, 792, 3),
(5061, 28, 792, 3),
(5062, 1, 823, 5),
(5063, 2, 823, 5),
(5064, 3, 823, 5),
(5065, 4, 823, 5),
(5066, 5, 823, 5),
(5067, 24, 823, 4),
(5068, 25, 823, 5),
(5069, 26, 823, 5),
(5070, 27, 823, 4),
(5071, 28, 823, 4),
(5072, 1, 791, 4),
(5073, 2, 791, 4),
(5074, 4, 791, 4),
(5075, 27, 791, 3),
(5076, 28, 791, 3),
(5077, 3, 793, 3),
(5078, 24, 793, 4),
(5079, 28, 793, 4),
(5080, 1, 824, 4),
(5081, 2, 824, 4),
(5082, 3, 824, 4),
(5083, 4, 824, 4),
(5084, 5, 824, 4),
(5085, 24, 824, 4),
(5086, 25, 824, 4),
(5087, 26, 824, 4),
(5088, 27, 824, 3),
(5089, 28, 824, 4),
(5090, 24, 794, 3),
(5091, 25, 794, 3),
(5092, 26, 794, 3),
(5093, 27, 794, 2),
(5094, 28, 794, 3),
(5095, 1, 825, 3),
(5096, 2, 825, 3),
(5097, 3, 825, 3),
(5098, 4, 825, 3),
(5099, 5, 825, 3),
(5100, 24, 825, 1),
(5101, 25, 825, 1),
(5102, 26, 825, 1),
(5103, 27, 825, 1),
(5104, 28, 825, 1),
(5105, 1, 826, 4),
(5106, 2, 826, 4),
(5107, 3, 826, 4),
(5108, 4, 826, 4),
(5109, 5, 826, 4),
(5110, 24, 826, 4),
(5111, 25, 826, 4),
(5112, 26, 826, 4),
(5113, 27, 826, 3),
(5114, 28, 826, 3),
(5115, 1, 827, 5),
(5116, 2, 827, 5),
(5117, 3, 827, 5),
(5118, 4, 827, 5),
(5119, 5, 827, 5),
(5120, 24, 827, 5),
(5121, 25, 827, 5),
(5122, 26, 827, 5),
(5123, 27, 827, 5),
(5124, 28, 827, 5),
(5125, 1, 828, 4),
(5126, 2, 828, 4),
(5127, 3, 828, 4),
(5128, 4, 828, 4),
(5129, 5, 828, 4),
(5130, 24, 828, 5),
(5131, 25, 828, 4),
(5132, 26, 828, 4),
(5133, 27, 828, 4),
(5134, 28, 828, 4),
(5135, 1, 829, 4),
(5136, 2, 829, 4),
(5137, 3, 829, 4),
(5138, 4, 829, 4),
(5139, 5, 829, 4),
(5140, 24, 829, 5),
(5141, 25, 829, 4),
(5142, 26, 829, 4),
(5143, 27, 829, 3),
(5144, 28, 829, 4),
(5145, 1, 830, 4),
(5146, 2, 830, 4),
(5147, 3, 830, 5),
(5148, 4, 830, 5),
(5149, 5, 830, 5),
(5150, 24, 830, 5),
(5151, 25, 830, 4),
(5152, 26, 830, 4),
(5153, 27, 830, 3),
(5154, 28, 830, 4),
(5155, 1, 831, 4),
(5156, 2, 831, 4),
(5157, 3, 831, 4),
(5158, 4, 831, 4),
(5159, 5, 831, 4),
(5160, 24, 831, 4),
(5161, 25, 831, 4),
(5162, 26, 831, 4),
(5163, 27, 831, 3),
(5164, 28, 831, 3),
(5165, 1, 832, 4),
(5166, 2, 832, 4),
(5167, 3, 832, 4),
(5168, 4, 832, 4),
(5169, 5, 832, 4),
(5170, 24, 832, 1),
(5171, 25, 832, 1),
(5172, 26, 832, 1),
(5173, 27, 832, 1),
(5174, 28, 832, 1),
(5175, 1, 833, 4),
(5176, 2, 833, 4),
(5177, 3, 833, 4),
(5178, 4, 833, 4),
(5179, 5, 833, 4),
(5180, 24, 833, 4),
(5181, 25, 833, 4),
(5182, 26, 833, 4),
(5183, 27, 833, 3),
(5184, 28, 833, 3),
(5185, 1, 834, 3),
(5186, 2, 834, 3),
(5187, 3, 834, 3),
(5188, 4, 834, 3),
(5189, 5, 834, 1),
(5190, 24, 834, 1),
(5191, 25, 834, 1),
(5192, 26, 834, 1),
(5193, 27, 834, 1),
(5194, 28, 834, 1),
(5195, 3, 821, 4),
(5196, 24, 811, 3),
(5197, 25, 811, 3),
(5198, 26, 811, 3),
(5199, 27, 811, 3),
(5200, 28, 811, 3),
(5201, 4, 808, 4),
(5202, 24, 808, 4),
(5203, 27, 808, 4),
(5204, 24, 805, 4),
(5205, 25, 805, 3),
(5206, 26, 805, 3),
(5207, 27, 805, 3),
(5208, 28, 805, 3),
(5209, 1, 810, 3),
(5210, 1, 807, 4),
(5211, 2, 807, 4),
(5212, 3, 807, 4),
(5213, 5, 807, 4),
(5214, 25, 806, 4),
(5215, 28, 806, 4),
(5216, 3, 809, 2),
(5217, 26, 809, 3),
(5218, 27, 809, 3),
(5219, 28, 809, 3),
(5220, 24, 813, 4),
(5221, 25, 813, 4),
(5222, 28, 813, 4),
(5223, 4, 812, 2),
(5224, 26, 812, 3),
(5225, 26, 814, 4),
(5226, 24, 816, 4),
(5227, 24, 817, 4),
(5228, 27, 817, 3),
(5229, 1, 818, 4),
(5230, 4, 818, 3),
(5231, 26, 818, 3),
(5232, 27, 818, 3),
(5233, 27, 820, 3),
(5234, 24, 815, 4),
(5235, 28, 819, 4),
(5236, 24, 803, 4),
(5237, 24, 801, 2),
(5238, 26, 802, 4),
(5239, 1, 841, 6),
(5240, 2, 841, 6),
(5241, 3, 841, 6),
(5242, 4, 841, 6),
(5243, 5, 841, 6),
(5244, 24, 841, 6),
(5245, 25, 841, 6),
(5246, 26, 841, 6),
(5247, 27, 841, 6),
(5248, 28, 841, 6),
(5249, 1, 842, 2),
(5250, 2, 842, 2),
(5251, 3, 842, 2),
(5252, 4, 842, 2),
(5253, 5, 842, 2),
(5254, 24, 842, 2),
(5255, 25, 842, 2),
(5256, 26, 842, 2),
(5257, 27, 842, 2),
(5258, 28, 842, 2),
(5259, 1, 843, 1),
(5260, 2, 843, 4),
(5261, 3, 843, 3),
(5262, 4, 843, 4),
(5263, 5, 843, 2),
(5264, 24, 843, 3),
(5265, 25, 843, 4),
(5266, 26, 843, 2),
(5267, 27, 843, 4),
(5268, 28, 843, 3),
(5269, 0, 844, 0),
(5270, 1, 845, 5),
(5271, 2, 845, 5),
(5272, 3, 845, 5),
(5273, 4, 845, 5),
(5274, 5, 845, 5),
(5275, 24, 845, 5),
(5276, 25, 845, 5),
(5277, 26, 845, 5),
(5278, 27, 845, 5),
(5279, 28, 845, 5),
(5280, 0, 844, 0),
(5281, 0, 846, 0),
(5282, 1, 847, 6),
(5283, 2, 847, 6),
(5284, 3, 847, 6),
(5285, 4, 847, 6),
(5286, 5, 847, 6),
(5287, 24, 847, 6),
(5288, 25, 847, 6),
(5289, 26, 847, 6),
(5290, 27, 847, 6),
(5291, 28, 847, 6),
(5292, 1, 848, 4),
(5293, 2, 848, 5),
(5294, 3, 848, 4),
(5295, 4, 848, 5),
(5296, 5, 848, 4),
(5297, 24, 848, 5),
(5298, 25, 848, 4),
(5299, 26, 848, 5),
(5300, 27, 848, 4),
(5301, 28, 848, 5),
(5302, 0, 846, 0),
(5303, 0, 849, 0),
(5304, 0, 844, 0),
(5305, 1, 850, 6),
(5306, 3, 850, 5),
(5307, 5, 850, 5),
(5308, 25, 850, 5),
(5309, 27, 850, 5),
(5310, 2, 851, 5),
(5311, 4, 851, 5),
(5312, 25, 851, 3),
(5313, 27, 851, 3),
(5314, 1, 853, 6),
(5315, 2, 853, 6),
(5316, 3, 853, 6),
(5317, 4, 853, 6),
(5318, 5, 853, 6),
(5319, 24, 853, 6),
(5320, 25, 853, 6),
(5321, 26, 853, 6),
(5322, 27, 853, 6),
(5323, 28, 853, 6),
(5324, 1, 856, 6),
(5325, 2, 856, 5),
(5326, 3, 856, 6),
(5327, 4, 856, 5),
(5328, 29, 856, 6),
(5329, 5, 856, 5),
(5330, 24, 856, 6),
(5331, 25, 856, 5),
(5332, 26, 856, 6),
(5333, 27, 856, 6),
(5334, 28, 856, 6),
(5335, 1, 857, 6),
(5336, 2, 857, 6),
(5337, 3, 857, 6),
(5338, 4, 857, 6),
(5339, 29, 857, 6),
(5340, 5, 857, 6),
(5341, 24, 857, 6),
(5342, 25, 857, 6),
(5343, 26, 857, 6),
(5344, 27, 857, 6),
(5345, 28, 857, 6),
(5346, 1, 858, 6),
(5347, 2, 858, 6),
(5348, 3, 858, 6),
(5349, 4, 858, 6),
(5350, 29, 858, 6),
(5351, 5, 858, 6),
(5352, 24, 858, 6),
(5353, 25, 858, 6),
(5354, 26, 858, 6),
(5355, 27, 858, 6),
(5356, 28, 858, 6),
(5357, 1, 859, 6),
(5358, 2, 859, 6),
(5359, 3, 859, 6),
(5360, 4, 859, 6),
(5361, 29, 859, 6),
(5362, 5, 859, 6),
(5363, 24, 859, 6),
(5364, 25, 859, 6),
(5365, 26, 859, 6),
(5366, 27, 859, 6),
(5367, 28, 859, 6),
(5368, 1, 860, 6),
(5369, 2, 860, 6),
(5370, 3, 860, 6),
(5371, 4, 860, 5),
(5372, 29, 860, 5),
(5373, 5, 860, 5),
(5374, 24, 860, 5),
(5375, 25, 860, 5),
(5376, 26, 860, 5),
(5377, 27, 860, 5),
(5378, 28, 860, 5),
(5379, 1, 861, 6),
(5380, 2, 861, 6),
(5381, 3, 861, 6),
(5382, 4, 861, 6),
(5383, 29, 861, 6),
(5384, 5, 861, 6),
(5385, 24, 861, 6),
(5386, 25, 861, 6),
(5387, 26, 861, 6),
(5388, 27, 861, 6),
(5389, 28, 861, 6),
(5390, 1, 863, 5),
(5391, 2, 863, 5),
(5392, 3, 863, 5),
(5393, 4, 863, 5),
(5394, 29, 863, 5),
(5395, 5, 863, 5),
(5396, 24, 863, 5),
(5397, 25, 863, 5),
(5398, 26, 863, 5),
(5399, 27, 863, 5),
(5400, 28, 863, 5),
(5401, 0, 864, 0),
(5402, 1, 867, 5),
(5403, 2, 867, 6),
(5404, 3, 867, 5),
(5405, 4, 867, 6),
(5406, 29, 867, 5),
(5407, 5, 867, 6),
(5408, 24, 867, 5),
(5409, 25, 867, 6),
(5410, 26, 867, 5),
(5411, 27, 867, 6),
(5412, 28, 867, 5),
(5413, 1, 869, 6),
(5414, 2, 869, 6),
(5415, 3, 869, 6),
(5416, 4, 869, 6),
(5417, 29, 869, 6),
(5418, 5, 869, 6),
(5419, 24, 869, 6),
(5420, 25, 869, 6),
(5421, 26, 869, 6),
(5422, 27, 869, 6),
(5423, 28, 869, 6),
(5424, 1, 870, 1),
(5425, 2, 870, 1),
(5426, 3, 870, 1),
(5427, 4, 870, 1),
(5428, 29, 870, 1),
(5429, 5, 870, 1),
(5430, 24, 870, 1),
(5431, 25, 870, 1),
(5432, 26, 870, 1),
(5433, 27, 870, 2),
(5434, 28, 870, 1),
(5435, 1, 871, 5),
(5436, 2, 871, 5),
(5437, 3, 871, 5),
(5438, 4, 871, 5),
(5439, 29, 871, 5),
(5440, 5, 871, 5),
(5441, 24, 871, 5),
(5442, 25, 871, 5),
(5443, 26, 871, 5),
(5444, 27, 871, 5),
(5445, 28, 871, 5),
(5446, 1, 872, 4),
(5447, 2, 872, 5),
(5448, 3, 872, 6),
(5449, 4, 872, 5),
(5450, 29, 872, 4),
(5451, 5, 872, 3),
(5452, 24, 872, 4),
(5453, 25, 872, 5),
(5454, 26, 872, 4),
(5455, 27, 872, 3),
(5456, 28, 872, 4),
(5457, 1, 873, 5),
(5458, 2, 873, 4),
(5459, 3, 873, 5),
(5460, 4, 873, 4),
(5461, 29, 873, 5),
(5462, 5, 873, 4),
(5463, 24, 873, 5),
(5464, 25, 873, 4),
(5465, 26, 873, 5),
(5466, 27, 873, 4),
(5467, 28, 873, 5),
(5468, 5, 874, 4),
(5469, 27, 874, 4),
(5470, 2, 875, 5),
(5471, 4, 875, 5),
(5472, 5, 875, 5),
(5473, 25, 875, 5),
(5474, 27, 875, 5),
(5475, 1, 880, 4),
(5476, 2, 880, 5),
(5477, 3, 880, 6),
(5478, 4, 880, 5),
(5479, 5, 880, 4),
(5480, 24, 880, 5),
(5481, 25, 880, 6),
(5482, 26, 880, 5),
(5483, 27, 880, 4),
(5484, 28, 880, 6),
(5485, 1, 881, 6),
(5486, 2, 881, 6),
(5487, 3, 881, 6),
(5488, 4, 881, 6),
(5489, 5, 881, 6),
(5490, 24, 881, 6),
(5491, 25, 881, 6),
(5492, 26, 881, 6),
(5493, 27, 881, 6),
(5494, 28, 881, 6),
(5495, 1, 882, 6),
(5496, 2, 882, 6),
(5497, 3, 882, 6),
(5498, 4, 882, 6),
(5499, 5, 882, 6),
(5500, 24, 882, 6),
(5501, 25, 882, 6),
(5502, 26, 882, 6),
(5503, 27, 882, 6),
(5504, 28, 882, 6),
(5505, 1, 883, 6),
(5506, 2, 883, 6),
(5507, 3, 883, 6),
(5508, 4, 883, 6),
(5509, 5, 883, 6),
(5510, 24, 883, 6),
(5511, 25, 883, 6),
(5512, 26, 883, 6),
(5513, 27, 883, 6),
(5514, 28, 883, 6),
(5515, 1, 884, 6),
(5516, 2, 884, 6),
(5517, 3, 884, 6),
(5518, 4, 884, 6),
(5519, 5, 884, 6),
(5520, 24, 884, 6),
(5521, 25, 884, 6),
(5522, 26, 884, 6),
(5523, 27, 884, 6),
(5524, 28, 884, 6),
(5525, 1, 885, 6),
(5526, 2, 885, 6),
(5527, 3, 885, 6),
(5528, 4, 885, 6),
(5529, 5, 885, 6),
(5530, 24, 885, 6),
(5531, 25, 885, 6),
(5532, 26, 885, 6),
(5533, 27, 885, 6),
(5534, 28, 885, 6),
(5535, 1, 886, 6),
(5536, 2, 886, 6),
(5537, 3, 886, 6),
(5538, 4, 886, 6),
(5539, 5, 886, 6),
(5540, 24, 886, 6),
(5541, 25, 886, 6),
(5542, 26, 886, 6),
(5543, 27, 886, 6),
(5544, 28, 886, 6),
(5545, 1, 887, 6),
(5546, 2, 887, 6),
(5547, 3, 887, 6),
(5548, 4, 887, 6),
(5549, 5, 887, 6),
(5550, 24, 887, 6),
(5551, 25, 887, 6),
(5552, 26, 887, 6),
(5553, 27, 887, 6),
(5554, 28, 887, 6),
(5555, 1, 888, 6),
(5556, 2, 888, 6),
(5557, 3, 888, 6),
(5558, 4, 888, 6),
(5559, 5, 888, 6),
(5560, 24, 888, 6),
(5561, 25, 888, 6),
(5562, 26, 888, 6),
(5563, 27, 888, 6),
(5564, 28, 888, 6),
(5565, 1, 889, 1),
(5566, 2, 889, 1),
(5567, 3, 889, 1),
(5568, 4, 889, 1),
(5569, 5, 889, 1),
(5570, 24, 889, 1),
(5571, 25, 889, 1),
(5572, 26, 889, 1),
(5573, 27, 889, 1),
(5574, 28, 889, 1),
(5575, 1, 890, 6),
(5576, 2, 890, 6),
(5577, 3, 890, 6),
(5578, 4, 890, 6),
(5579, 5, 890, 6),
(5580, 24, 890, 6),
(5581, 25, 890, 6),
(5582, 26, 890, 6),
(5583, 27, 890, 6),
(5584, 28, 890, 6),
(5585, 1, 891, 6),
(5586, 2, 891, 6),
(5587, 3, 891, 6),
(5588, 4, 891, 6),
(5589, 5, 891, 6),
(5590, 24, 891, 6),
(5591, 25, 891, 6),
(5592, 26, 891, 6),
(5593, 27, 891, 6),
(5594, 28, 891, 6),
(5595, 1, 892, 6),
(5596, 2, 892, 6),
(5597, 3, 892, 6),
(5598, 4, 892, 6),
(5599, 5, 892, 6),
(5600, 24, 892, 6),
(5601, 25, 892, 6),
(5602, 26, 892, 6),
(5603, 27, 892, 6),
(5604, 28, 892, 6),
(5605, 1, 893, 6),
(5606, 2, 893, 6),
(5607, 3, 893, 6),
(5608, 4, 893, 6),
(5609, 5, 893, 6),
(5610, 24, 893, 6),
(5611, 25, 893, 6),
(5612, 26, 893, 6),
(5613, 27, 893, 6),
(5614, 28, 893, 6),
(5615, 1, 894, 6),
(5616, 2, 894, 6),
(5617, 3, 894, 6),
(5618, 4, 894, 6),
(5619, 5, 894, 6),
(5620, 24, 894, 6),
(5621, 25, 894, 6),
(5622, 26, 894, 6),
(5623, 27, 894, 6),
(5624, 28, 894, 6),
(5625, 1, 895, 6),
(5626, 2, 895, 6),
(5627, 3, 895, 6),
(5628, 4, 895, 6),
(5629, 5, 895, 6),
(5630, 24, 895, 6),
(5631, 25, 895, 6),
(5632, 26, 895, 6),
(5633, 27, 895, 6),
(5634, 28, 895, 6),
(5635, 1, 896, 6),
(5636, 2, 896, 6),
(5637, 3, 896, 6),
(5638, 4, 896, 6),
(5639, 5, 896, 6),
(5640, 24, 896, 6),
(5641, 25, 896, 6),
(5642, 26, 896, 6),
(5643, 27, 896, 6),
(5644, 28, 896, 6),
(5645, 1, 897, 6),
(5646, 2, 897, 6),
(5647, 3, 897, 6),
(5648, 4, 897, 6),
(5649, 5, 897, 6),
(5650, 24, 897, 6),
(5651, 25, 897, 6),
(5652, 26, 897, 6),
(5653, 27, 897, 6),
(5654, 28, 897, 6),
(5655, 1, 898, 6),
(5656, 2, 898, 6),
(5657, 3, 898, 6),
(5658, 4, 898, 6),
(5659, 5, 898, 6),
(5660, 24, 898, 6),
(5661, 25, 898, 6),
(5662, 26, 898, 6),
(5663, 27, 898, 6),
(5664, 28, 898, 6),
(5665, 1, 899, 5),
(5666, 2, 899, 4),
(5667, 3, 899, 5),
(5668, 4, 899, 4),
(5669, 5, 899, 5),
(5670, 24, 899, 4),
(5671, 25, 899, 5),
(5672, 26, 899, 4),
(5673, 27, 899, 5),
(5674, 28, 899, 4),
(5675, 1, 900, 6),
(5676, 2, 900, 6),
(5677, 3, 900, 6),
(5678, 4, 900, 6),
(5679, 5, 900, 6),
(5680, 24, 900, 6),
(5681, 25, 900, 6),
(5682, 26, 900, 6),
(5683, 27, 900, 6),
(5684, 28, 900, 6),
(5685, 1, 901, 6),
(5686, 2, 901, 6),
(5687, 3, 901, 6),
(5688, 4, 901, 6),
(5689, 5, 901, 6),
(5690, 24, 901, 6),
(5691, 25, 901, 6),
(5692, 26, 901, 6),
(5693, 27, 901, 6),
(5694, 28, 901, 6),
(5695, 1, 902, 4),
(5696, 2, 902, 5),
(5697, 3, 902, 4),
(5698, 4, 902, 5),
(5699, 5, 902, 5),
(5700, 24, 902, 5),
(5701, 25, 902, 4),
(5702, 26, 902, 5),
(5703, 27, 902, 5),
(5704, 28, 902, 4),
(5705, 1, 903, 6),
(5706, 2, 903, 6),
(5707, 3, 903, 6),
(5708, 4, 903, 6),
(5709, 5, 903, 6),
(5710, 24, 903, 6),
(5711, 25, 903, 6),
(5712, 26, 903, 6),
(5713, 27, 903, 6),
(5714, 28, 903, 6),
(5715, 1, 904, 6),
(5716, 2, 904, 6),
(5717, 3, 904, 6),
(5718, 4, 904, 6),
(5719, 5, 904, 6),
(5720, 24, 904, 6),
(5721, 25, 904, 6),
(5722, 26, 904, 6),
(5723, 27, 904, 6),
(5724, 28, 904, 6),
(5725, 1, 905, 5),
(5726, 2, 905, 5),
(5727, 3, 905, 5),
(5728, 4, 905, 5),
(5729, 5, 905, 5),
(5730, 24, 905, 5),
(5731, 25, 905, 5),
(5732, 26, 905, 5),
(5733, 27, 905, 5),
(5734, 28, 905, 5),
(5735, 1, 908, 5),
(5736, 2, 908, 6),
(5737, 3, 908, 5),
(5738, 4, 908, 6),
(5739, 5, 908, 5),
(5740, 24, 908, 6),
(5741, 25, 908, 5),
(5742, 26, 908, 6),
(5743, 27, 908, 5),
(5744, 28, 908, 6),
(5745, 1, 906, 6),
(5746, 2, 906, 6),
(5747, 3, 906, 5),
(5748, 4, 906, 6),
(5749, 5, 906, 6),
(5750, 24, 906, 5),
(5751, 25, 906, 6),
(5752, 26, 906, 6),
(5753, 27, 906, 6),
(5754, 28, 906, 6),
(5755, 1, 909, 6),
(5756, 2, 909, 5),
(5757, 3, 909, 6),
(5758, 4, 909, 5),
(5759, 5, 909, 5),
(5760, 24, 909, 6),
(5761, 25, 909, 5),
(5762, 26, 909, 6),
(5763, 27, 909, 5),
(5764, 28, 909, 6),
(5765, 1, 910, 5),
(5766, 2, 910, 4),
(5767, 3, 910, 5),
(5768, 4, 910, 5),
(5769, 5, 910, 5),
(5770, 24, 910, 4),
(5771, 25, 910, 5),
(5772, 26, 910, 5),
(5773, 27, 910, 5),
(5774, 28, 910, 4),
(5775, 1, 911, 6),
(5776, 2, 911, 6),
(5777, 3, 911, 6),
(5778, 4, 911, 6),
(5779, 5, 911, 6),
(5780, 24, 911, 6),
(5781, 25, 911, 6),
(5782, 26, 911, 6),
(5783, 27, 911, 6),
(5784, 28, 911, 6),
(5785, 1, 912, 6),
(5786, 2, 912, 6),
(5787, 3, 912, 6),
(5788, 4, 912, 6),
(5789, 5, 912, 6),
(5790, 24, 912, 6),
(5791, 25, 912, 6),
(5792, 26, 912, 6),
(5793, 27, 912, 6),
(5794, 28, 912, 6),
(5795, 1, 913, 6),
(5796, 2, 913, 6),
(5797, 3, 913, 6),
(5798, 4, 913, 6),
(5799, 5, 913, 6),
(5800, 24, 913, 6),
(5801, 25, 913, 6),
(5802, 26, 913, 6),
(5803, 27, 913, 6),
(5804, 28, 913, 6),
(5805, 1, 914, 3),
(5806, 2, 914, 2),
(5807, 3, 914, 3),
(5808, 4, 914, 4),
(5809, 5, 914, 3),
(5810, 24, 914, 2),
(5811, 25, 914, 3),
(5812, 26, 914, 4),
(5813, 27, 914, 3),
(5814, 28, 914, 3),
(5815, 1, 915, 6),
(5816, 2, 915, 6),
(5817, 3, 915, 6),
(5818, 4, 915, 6),
(5819, 5, 915, 6),
(5820, 24, 915, 6),
(5821, 25, 915, 6),
(5822, 26, 915, 6),
(5823, 27, 915, 6),
(5824, 28, 915, 6),
(5825, 1, 916, 5),
(5826, 2, 916, 5),
(5827, 3, 916, 4),
(5828, 4, 916, 5),
(5829, 5, 916, 5),
(5830, 24, 916, 5),
(5831, 25, 916, 5),
(5832, 26, 916, 5),
(5833, 27, 916, 4),
(5834, 28, 916, 5),
(5835, 1, 917, 5),
(5836, 2, 917, 5),
(5837, 3, 917, 5),
(5838, 4, 917, 5),
(5839, 5, 917, 5),
(5840, 24, 917, 5),
(5841, 25, 917, 5),
(5842, 26, 917, 5),
(5843, 27, 917, 5),
(5844, 28, 917, 5),
(5845, 1, 918, 5),
(5846, 2, 918, 5),
(5847, 3, 918, 5),
(5848, 4, 918, 5),
(5849, 5, 918, 5),
(5850, 24, 918, 5),
(5851, 25, 918, 5),
(5852, 26, 918, 5),
(5853, 27, 918, 5),
(5854, 28, 918, 5),
(5855, 1, 920, 5),
(5856, 5, 920, 4),
(5857, 27, 920, 5),
(5858, 1, 919, 5),
(5859, 2, 919, 4),
(5860, 3, 919, 5),
(5861, 4, 919, 5),
(5862, 5, 919, 5),
(5863, 24, 919, 5),
(5864, 25, 919, 4),
(5865, 26, 919, 5),
(5866, 27, 919, 5),
(5867, 28, 919, 5),
(5868, 1, 921, 6),
(5869, 2, 921, 6),
(5870, 3, 921, 6),
(5871, 4, 921, 6),
(5872, 5, 921, 6),
(5873, 24, 921, 6),
(5874, 25, 921, 6),
(5875, 26, 921, 6),
(5876, 27, 921, 6),
(5877, 28, 921, 6),
(5878, 2, 923, 4),
(5879, 24, 923, 4),
(5880, 28, 923, 5),
(5881, 1, 922, 6),
(5882, 2, 922, 6),
(5883, 3, 922, 6),
(5884, 4, 922, 6),
(5885, 5, 922, 6),
(5886, 24, 922, 6),
(5887, 25, 922, 6),
(5888, 26, 922, 6),
(5889, 27, 922, 6),
(5890, 28, 922, 6),
(5891, 1, 924, 6),
(5892, 2, 924, 6),
(5893, 3, 924, 6),
(5894, 4, 924, 6),
(5895, 5, 924, 6),
(5896, 24, 924, 6),
(5897, 25, 924, 6),
(5898, 26, 924, 6),
(5899, 27, 924, 6),
(5900, 28, 924, 6),
(5901, 1, 925, 5),
(5902, 2, 925, 5),
(5903, 3, 925, 4),
(5904, 4, 925, 5),
(5905, 5, 925, 5),
(5906, 24, 925, 4),
(5907, 25, 925, 5),
(5908, 26, 925, 6),
(5909, 27, 925, 5),
(5910, 28, 925, 5),
(5911, 1, 926, 4),
(5912, 2, 926, 5),
(5913, 3, 926, 5),
(5914, 4, 926, 5),
(5915, 5, 926, 5),
(5916, 24, 926, 5),
(5917, 25, 926, 5),
(5918, 26, 926, 5),
(5919, 27, 926, 5),
(5920, 28, 926, 5),
(5921, 1, 927, 2),
(5922, 3, 927, 3),
(5923, 4, 927, 2),
(5924, 5, 927, 2),
(5925, 25, 927, 2),
(5926, 26, 927, 2),
(5927, 27, 927, 2),
(5928, 28, 927, 2),
(5929, 2, 929, 5),
(5930, 25, 929, 5),
(5931, 3, 928, 5),
(5932, 27, 928, 5),
(5933, 3, 930, 4),
(5934, 24, 930, 5),
(5935, 2, 931, 5),
(5936, 4, 931, 5),
(5937, 24, 931, 5),
(5938, 26, 931, 5),
(5939, 28, 931, 5),
(5940, 1, 932, 5),
(5941, 3, 932, 5),
(5942, 25, 932, 5),
(5943, 28, 932, 5),
(5944, 1, 933, 4),
(5945, 1, 936, 6),
(5946, 2, 936, 6),
(5947, 3, 936, 6),
(5948, 4, 936, 6),
(5949, 29, 936, 6),
(5950, 30, 936, 6),
(5951, 5, 936, 6),
(5952, 1, 937, 5),
(5953, 2, 937, 6),
(5954, 3, 937, 5),
(5955, 4, 937, 6),
(5956, 29, 937, 5),
(5957, 30, 937, 6),
(5958, 5, 937, 5),
(5959, 1, 938, 6),
(5960, 2, 938, 5),
(5961, 3, 938, 6),
(5962, 4, 938, 5),
(5963, 29, 938, 6),
(5964, 30, 938, 5),
(5965, 5, 938, 6),
(5966, 1, 945, 5),
(5967, 2, 945, 5),
(5968, 3, 945, 4),
(5969, 4, 945, 3),
(5970, 29, 945, 5),
(5971, 30, 945, 4),
(5972, 5, 945, 5),
(5973, 1, 947, 5),
(5974, 2, 947, 5),
(5975, 3, 947, 5),
(5976, 4, 947, 5),
(5977, 29, 947, 4),
(5978, 30, 947, 5),
(5979, 5, 947, 5),
(5980, 1, 946, 4),
(5981, 2, 946, 4),
(5982, 3, 946, 5),
(5983, 4, 946, 4),
(5984, 29, 946, 3),
(5985, 30, 946, 3),
(5986, 5, 946, 4),
(5987, 1, 956, 4),
(5988, 2, 956, 3),
(5989, 3, 956, 3),
(5990, 4, 956, 4),
(5991, 29, 956, 4),
(5992, 30, 956, 5),
(5993, 5, 956, 4),
(5994, 1, 960, 1),
(5995, 2, 960, 1),
(5996, 3, 960, 1),
(5997, 4, 960, 1),
(5998, 29, 960, 1),
(5999, 30, 960, 1),
(6000, 5, 960, 1),
(6001, 1, 952, 4),
(6002, 2, 952, 4),
(6003, 3, 952, 4),
(6004, 4, 952, 5),
(6005, 29, 952, 4),
(6006, 30, 952, 4),
(6007, 5, 952, 5),
(6008, 1, 957, 5),
(6009, 2, 957, 5),
(6010, 3, 957, 5),
(6011, 4, 957, 5),
(6012, 29, 957, 3),
(6013, 30, 957, 4),
(6014, 5, 957, 5),
(6015, 1, 959, 4),
(6016, 2, 959, 4),
(6017, 3, 959, 4),
(6018, 4, 959, 4),
(6019, 29, 959, 3),
(6020, 30, 959, 4),
(6021, 5, 959, 4),
(6022, 1, 953, 3),
(6023, 2, 953, 4),
(6024, 3, 953, 4),
(6025, 4, 953, 3),
(6026, 29, 953, 3),
(6027, 30, 953, 3),
(6028, 5, 953, 4),
(6029, 1, 965, 6),
(6030, 2, 965, 6),
(6031, 3, 965, 5),
(6032, 4, 965, 5),
(6033, 29, 965, 5),
(6034, 30, 965, 5),
(6035, 5, 965, 5),
(6036, 1, 961, 5),
(6037, 2, 961, 5),
(6038, 3, 961, 3),
(6039, 4, 961, 4),
(6040, 29, 961, 3),
(6041, 30, 961, 5),
(6042, 5, 961, 5),
(6043, 1, 958, 4),
(6044, 2, 958, 4),
(6045, 3, 958, 4),
(6046, 4, 958, 4),
(6047, 29, 958, 4),
(6048, 30, 958, 4),
(6049, 5, 958, 4),
(6050, 1, 963, 6),
(6051, 2, 963, 5),
(6052, 3, 963, 5),
(6053, 4, 963, 5),
(6054, 29, 963, 6),
(6055, 30, 963, 6),
(6056, 5, 963, 6),
(6057, 1, 969, 4),
(6058, 2, 969, 4),
(6059, 3, 969, 4),
(6060, 4, 969, 4),
(6061, 29, 969, 4),
(6062, 30, 969, 4),
(6063, 5, 969, 4),
(6064, 1, 949, 5),
(6065, 2, 949, 5),
(6066, 3, 949, 5),
(6067, 4, 949, 5),
(6068, 29, 949, 4),
(6069, 30, 949, 4),
(6070, 5, 949, 5),
(6071, 1, 948, 5),
(6072, 2, 948, 5),
(6073, 3, 948, 4),
(6074, 4, 948, 4),
(6075, 29, 948, 4),
(6076, 30, 948, 5),
(6077, 5, 948, 5),
(6078, 1, 962, 4),
(6079, 2, 962, 4),
(6080, 3, 962, 4),
(6081, 4, 962, 4),
(6082, 29, 962, 4),
(6083, 30, 962, 3),
(6084, 5, 962, 4),
(6085, 1, 970, 5),
(6086, 2, 970, 5),
(6087, 3, 970, 3),
(6088, 4, 970, 5),
(6089, 29, 970, 5);
INSERT INTO `sessionscoring` (`SessionScoringID`, `CompetencyID`, `PortfolioRatingID`, `Score`) VALUES
(6090, 30, 970, 3),
(6091, 5, 970, 5),
(6092, 1, 977, 5),
(6093, 2, 977, 4),
(6094, 3, 977, 4),
(6095, 4, 977, 5),
(6096, 29, 977, 4),
(6097, 30, 977, 4),
(6098, 5, 977, 5),
(6099, 1, 978, 1),
(6100, 2, 978, 1),
(6101, 3, 978, 1),
(6102, 4, 978, 1),
(6103, 29, 978, 2),
(6104, 30, 978, 1),
(6105, 5, 978, 1),
(6106, 1, 975, 4),
(6107, 2, 975, 4),
(6108, 3, 975, 4),
(6109, 4, 975, 4),
(6110, 29, 975, 4),
(6111, 30, 975, 4),
(6112, 5, 975, 5),
(6113, 1, 967, 4),
(6114, 2, 967, 3),
(6115, 3, 967, 2),
(6116, 4, 967, 4),
(6117, 29, 967, 3),
(6118, 30, 967, 3),
(6119, 5, 967, 4),
(6120, 1, 985, 5),
(6121, 2, 985, 5),
(6122, 3, 985, 5),
(6123, 4, 985, 5),
(6124, 29, 985, 5),
(6125, 30, 985, 5),
(6126, 5, 985, 5),
(6127, 1, 983, 5),
(6128, 2, 983, 4),
(6129, 3, 983, 4),
(6130, 4, 983, 4),
(6131, 29, 983, 6),
(6132, 30, 983, 4),
(6133, 5, 983, 5),
(6134, 1, 976, 4),
(6135, 2, 976, 4),
(6136, 3, 976, 4),
(6137, 4, 976, 4),
(6138, 29, 976, 4),
(6139, 30, 976, 4),
(6140, 5, 976, 4),
(6141, 1, 979, 5),
(6142, 2, 979, 6),
(6143, 3, 979, 5),
(6144, 4, 979, 6),
(6145, 29, 979, 3),
(6146, 30, 979, 5),
(6147, 5, 979, 5),
(6148, 1, 982, 1),
(6149, 2, 982, 2),
(6150, 3, 982, 4),
(6151, 4, 982, 4),
(6152, 29, 982, 3),
(6153, 30, 982, 3),
(6154, 5, 982, 2),
(6155, 1, 986, 2),
(6156, 2, 986, 2),
(6157, 3, 986, 2),
(6158, 4, 986, 4),
(6159, 29, 986, 2),
(6160, 30, 986, 1),
(6161, 5, 986, 3),
(6162, 1, 988, 2),
(6163, 2, 988, 2),
(6164, 3, 988, 2),
(6165, 4, 988, 2),
(6166, 29, 988, 2),
(6167, 30, 988, 3),
(6168, 5, 988, 2),
(6169, 1, 984, 4),
(6170, 2, 984, 4),
(6171, 3, 984, 3),
(6172, 4, 984, 4),
(6173, 29, 984, 3),
(6174, 30, 984, 4),
(6175, 5, 984, 4),
(6176, 1, 989, 4),
(6177, 2, 989, 3),
(6178, 3, 989, 3),
(6179, 4, 989, 3),
(6180, 29, 989, 3),
(6181, 30, 989, 3),
(6182, 5, 989, 3),
(6183, 1, 987, 3),
(6184, 2, 987, 4),
(6185, 3, 987, 3),
(6186, 4, 987, 3),
(6187, 29, 987, 3),
(6188, 30, 987, 4),
(6189, 5, 987, 3),
(6190, 1, 981, 4),
(6191, 2, 981, 4),
(6192, 3, 981, 4),
(6193, 4, 981, 5),
(6194, 29, 981, 4),
(6195, 30, 981, 5),
(6196, 5, 981, 4),
(6197, 1, 995, 2),
(6198, 2, 995, 2),
(6199, 3, 995, 2),
(6200, 4, 995, 2),
(6201, 29, 995, 2),
(6202, 30, 995, 2),
(6203, 5, 995, 2),
(6204, 1, 993, 1),
(6205, 2, 993, 1),
(6206, 3, 993, 1),
(6207, 4, 993, 1),
(6208, 29, 993, 1),
(6209, 30, 993, 1),
(6210, 5, 993, 1),
(6211, 1, 980, 6),
(6212, 2, 980, 6),
(6213, 3, 980, 4),
(6214, 4, 980, 4),
(6215, 29, 980, 5),
(6216, 30, 980, 5),
(6217, 5, 980, 6),
(6218, 1, 992, 4),
(6219, 2, 992, 4),
(6220, 3, 992, 3),
(6221, 4, 992, 4),
(6222, 29, 992, 4),
(6223, 30, 992, 3),
(6224, 5, 992, 3),
(6225, 1, 996, 5),
(6226, 2, 996, 5),
(6227, 3, 996, 3),
(6228, 4, 996, 5),
(6229, 29, 996, 5),
(6230, 30, 996, 5),
(6231, 5, 996, 5),
(6232, 1, 1000, 4),
(6233, 2, 1000, 4),
(6234, 3, 1000, 4),
(6235, 4, 1000, 4),
(6236, 29, 1000, 4),
(6237, 30, 1000, 4),
(6238, 5, 1000, 5),
(6239, 1, 991, 3),
(6240, 2, 991, 5),
(6241, 3, 991, 5),
(6242, 4, 991, 5),
(6243, 29, 991, 3),
(6244, 30, 991, 5),
(6245, 5, 991, 5),
(6246, 1, 1001, 5),
(6247, 2, 1001, 5),
(6248, 3, 1001, 3),
(6249, 4, 1001, 4),
(6250, 29, 1001, 5),
(6251, 30, 1001, 5),
(6252, 5, 1001, 5),
(6253, 1, 990, 4),
(6254, 2, 990, 4),
(6255, 3, 990, 3),
(6256, 4, 990, 4),
(6257, 29, 990, 4),
(6258, 30, 990, 3),
(6259, 5, 990, 4),
(6260, 1, 1007, 6),
(6261, 2, 1007, 6),
(6262, 3, 1007, 6),
(6263, 4, 1007, 6),
(6264, 29, 1007, 6),
(6265, 30, 1007, 6),
(6266, 5, 1007, 6),
(6267, 1, 1003, 4),
(6268, 2, 1003, 4),
(6269, 3, 1003, 5),
(6270, 4, 1003, 4),
(6271, 29, 1003, 4),
(6272, 30, 1003, 3),
(6273, 5, 1003, 5),
(6274, 1, 1006, 4),
(6275, 2, 1006, 5),
(6276, 3, 1006, 4),
(6277, 4, 1006, 5),
(6278, 29, 1006, 4),
(6279, 30, 1006, 5),
(6280, 5, 1006, 4),
(6281, 1, 1002, 4),
(6282, 2, 1002, 4),
(6283, 3, 1002, 4),
(6284, 4, 1002, 4),
(6285, 29, 1002, 5),
(6286, 30, 1002, 3),
(6287, 5, 1002, 4),
(6288, 1, 1008, 5),
(6289, 2, 1008, 6),
(6290, 3, 1008, 6),
(6291, 4, 1008, 5),
(6292, 29, 1008, 6),
(6293, 30, 1008, 6),
(6294, 5, 1008, 6),
(6295, 1, 997, 6),
(6296, 2, 997, 5),
(6297, 3, 997, 3),
(6298, 4, 997, 4),
(6299, 29, 997, 6),
(6300, 30, 997, 4),
(6301, 5, 997, 5),
(6302, 1, 998, 4),
(6303, 2, 998, 4),
(6304, 3, 998, 5),
(6305, 4, 998, 5),
(6306, 29, 998, 4),
(6307, 30, 998, 4),
(6308, 5, 998, 4),
(6309, 1, 1011, 5),
(6310, 2, 1011, 5),
(6311, 3, 1011, 4),
(6312, 4, 1011, 4),
(6313, 29, 1011, 4),
(6314, 30, 1011, 4),
(6315, 5, 1011, 5),
(6316, 1, 1014, 5),
(6317, 2, 1014, 4),
(6318, 3, 1014, 4),
(6319, 4, 1014, 4),
(6320, 29, 1014, 5),
(6321, 30, 1014, 5),
(6322, 5, 1014, 5),
(6323, 1, 1015, 2),
(6324, 2, 1015, 2),
(6325, 3, 1015, 1),
(6326, 4, 1015, 3),
(6327, 29, 1015, 1),
(6328, 30, 1015, 1),
(6329, 5, 1015, 1),
(6330, 1, 1004, 6),
(6331, 2, 1004, 6),
(6332, 3, 1004, 5),
(6333, 4, 1004, 5),
(6334, 29, 1004, 6),
(6335, 30, 1004, 5),
(6336, 5, 1004, 6),
(6337, 1, 1005, 3),
(6338, 2, 1005, 4),
(6339, 3, 1005, 4),
(6340, 4, 1005, 4),
(6341, 29, 1005, 2),
(6342, 30, 1005, 3),
(6343, 5, 1005, 3),
(6344, 1, 1018, 5),
(6345, 2, 1018, 5),
(6346, 3, 1018, 4),
(6347, 4, 1018, 4),
(6348, 29, 1018, 5),
(6349, 30, 1018, 5),
(6350, 5, 1018, 5),
(6351, 1, 1016, 4),
(6352, 2, 1016, 4),
(6353, 3, 1016, 3),
(6354, 4, 1016, 4),
(6355, 29, 1016, 4),
(6356, 30, 1016, 4),
(6357, 5, 1016, 4),
(6358, 1, 1013, 3),
(6359, 2, 1013, 3),
(6360, 3, 1013, 4),
(6361, 4, 1013, 3),
(6362, 29, 1013, 4),
(6363, 30, 1013, 3),
(6364, 5, 1013, 3),
(6365, 1, 1023, 4),
(6366, 2, 1023, 3),
(6367, 3, 1023, 3),
(6368, 4, 1023, 4),
(6369, 29, 1023, 2),
(6370, 30, 1023, 4),
(6371, 5, 1023, 3),
(6372, 1, 1025, 3),
(6373, 2, 1025, 3),
(6374, 3, 1025, 3),
(6375, 4, 1025, 4),
(6376, 29, 1025, 3),
(6377, 30, 1025, 3),
(6378, 5, 1025, 3),
(6379, 1, 1020, 5),
(6380, 2, 1020, 6),
(6381, 3, 1020, 5),
(6382, 4, 1020, 5),
(6383, 29, 1020, 6),
(6384, 30, 1020, 5),
(6385, 5, 1020, 5),
(6386, 1, 1024, 3),
(6387, 2, 1024, 4),
(6388, 3, 1024, 3),
(6389, 4, 1024, 4),
(6390, 29, 1024, 3),
(6391, 30, 1024, 5),
(6392, 5, 1024, 4),
(6393, 1, 1029, 5),
(6394, 2, 1029, 5),
(6395, 3, 1029, 5),
(6396, 4, 1029, 5),
(6397, 29, 1029, 5),
(6398, 30, 1029, 5),
(6399, 5, 1029, 6),
(6400, 1, 1022, 4),
(6401, 2, 1022, 4),
(6402, 3, 1022, 4),
(6403, 4, 1022, 3),
(6404, 29, 1022, 4),
(6405, 30, 1022, 4),
(6406, 5, 1022, 4),
(6407, 1, 1032, 4),
(6408, 2, 1032, 4),
(6409, 3, 1032, 4),
(6410, 4, 1032, 4),
(6411, 29, 1032, 3),
(6412, 30, 1032, 4),
(6413, 5, 1032, 4),
(6414, 1, 1027, 4),
(6415, 2, 1027, 4),
(6416, 3, 1027, 3),
(6417, 4, 1027, 4),
(6418, 29, 1027, 3),
(6419, 30, 1027, 4),
(6420, 5, 1027, 4),
(6421, 1, 1031, 3),
(6422, 2, 1031, 5),
(6423, 3, 1031, 3),
(6424, 4, 1031, 4),
(6425, 29, 1031, 3),
(6426, 30, 1031, 5),
(6427, 5, 1031, 4),
(6428, 1, 1033, 6),
(6429, 2, 1033, 5),
(6430, 3, 1033, 5),
(6431, 4, 1033, 5),
(6432, 29, 1033, 6),
(6433, 30, 1033, 6),
(6434, 5, 1033, 6),
(6435, 1, 1034, 4),
(6436, 2, 1034, 4),
(6437, 3, 1034, 4),
(6438, 4, 1034, 4),
(6439, 29, 1034, 6),
(6440, 30, 1034, 4),
(6441, 5, 1034, 4),
(6442, 1, 1021, 3),
(6443, 2, 1021, 4),
(6444, 3, 1021, 3),
(6445, 4, 1021, 5),
(6446, 29, 1021, 4),
(6447, 30, 1021, 5),
(6448, 5, 1021, 4),
(6449, 1, 1035, 6),
(6450, 2, 1035, 5),
(6451, 3, 1035, 4),
(6452, 4, 1035, 5),
(6453, 29, 1035, 6),
(6454, 30, 1035, 6),
(6455, 5, 1035, 5),
(6456, 1, 1040, 6),
(6457, 2, 1040, 6),
(6458, 3, 1040, 6),
(6459, 4, 1040, 6),
(6460, 29, 1040, 6),
(6461, 30, 1040, 6),
(6462, 5, 1040, 6),
(6463, 1, 1041, 4),
(6464, 2, 1041, 4),
(6465, 3, 1041, 3),
(6466, 4, 1041, 4),
(6467, 29, 1041, 5),
(6468, 30, 1041, 5),
(6469, 5, 1041, 4),
(6470, 1, 1030, 3),
(6471, 2, 1030, 3),
(6472, 3, 1030, 3),
(6473, 4, 1030, 4),
(6474, 29, 1030, 6),
(6475, 30, 1030, 3),
(6476, 5, 1030, 3),
(6477, 1, 1037, 4),
(6478, 2, 1037, 4),
(6479, 3, 1037, 4),
(6480, 4, 1037, 4),
(6481, 29, 1037, 5),
(6482, 30, 1037, 4),
(6483, 5, 1037, 4),
(6484, 1, 1042, 4),
(6485, 2, 1042, 4),
(6486, 3, 1042, 3),
(6487, 4, 1042, 5),
(6488, 29, 1042, 3),
(6489, 30, 1042, 3),
(6490, 5, 1042, 4),
(6491, 1, 1046, 4),
(6492, 2, 1046, 4),
(6493, 3, 1046, 3),
(6494, 4, 1046, 5),
(6495, 29, 1046, 5),
(6496, 30, 1046, 4),
(6497, 5, 1046, 5),
(6498, 1, 1038, 4),
(6499, 2, 1038, 3),
(6500, 3, 1038, 3),
(6501, 4, 1038, 4),
(6502, 29, 1038, 5),
(6503, 30, 1038, 4),
(6504, 5, 1038, 4),
(6505, 1, 1045, 5),
(6506, 2, 1045, 4),
(6507, 3, 1045, 4),
(6508, 4, 1045, 4),
(6509, 29, 1045, 4),
(6510, 30, 1045, 4),
(6511, 5, 1045, 5),
(6512, 1, 1043, 6),
(6513, 2, 1043, 6),
(6514, 3, 1043, 6),
(6515, 4, 1043, 6),
(6516, 29, 1043, 6),
(6517, 30, 1043, 4),
(6518, 5, 1043, 5),
(6519, 1, 1039, 5),
(6520, 2, 1039, 5),
(6521, 3, 1039, 3),
(6522, 4, 1039, 4),
(6523, 29, 1039, 5),
(6524, 30, 1039, 6),
(6525, 5, 1039, 5),
(6526, 1, 1049, 3),
(6527, 2, 1049, 4),
(6528, 3, 1049, 4),
(6529, 4, 1049, 4),
(6530, 29, 1049, 5),
(6531, 30, 1049, 3),
(6532, 5, 1049, 4),
(6533, 1, 1050, 4),
(6534, 2, 1050, 3),
(6535, 3, 1050, 2),
(6536, 4, 1050, 4),
(6537, 29, 1050, 2),
(6538, 30, 1050, 2),
(6539, 5, 1050, 2),
(6540, 1, 1044, 5),
(6541, 2, 1044, 5),
(6542, 3, 1044, 5),
(6543, 4, 1044, 5),
(6544, 29, 1044, 5),
(6545, 30, 1044, 4),
(6546, 5, 1044, 5),
(6547, 1, 1052, 4),
(6548, 2, 1052, 4),
(6549, 3, 1052, 4),
(6550, 4, 1052, 4),
(6551, 29, 1052, 3),
(6552, 30, 1052, 5),
(6553, 5, 1052, 4),
(6554, 1, 1051, 5),
(6555, 2, 1051, 5),
(6556, 3, 1051, 5),
(6557, 4, 1051, 5),
(6558, 29, 1051, 5),
(6559, 30, 1051, 5),
(6560, 5, 1051, 6),
(6561, 1, 1048, 1),
(6562, 2, 1048, 3),
(6563, 3, 1048, 1),
(6564, 4, 1048, 3),
(6565, 29, 1048, 2),
(6566, 30, 1048, 2),
(6567, 5, 1048, 1),
(6568, 1, 1053, 6),
(6569, 2, 1053, 4),
(6570, 3, 1053, 4),
(6571, 4, 1053, 4),
(6572, 29, 1053, 6),
(6573, 30, 1053, 5),
(6574, 5, 1053, 5),
(6575, 1, 1055, 4),
(6576, 2, 1055, 4),
(6577, 3, 1055, 4),
(6578, 4, 1055, 4),
(6579, 29, 1055, 3),
(6580, 30, 1055, 2),
(6581, 5, 1055, 4),
(6582, 1, 1058, 3),
(6583, 2, 1058, 3),
(6584, 3, 1058, 3),
(6585, 4, 1058, 4),
(6586, 29, 1058, 3),
(6587, 30, 1058, 3),
(6588, 5, 1058, 3),
(6589, 1, 1063, 5),
(6590, 2, 1063, 4),
(6591, 3, 1063, 4),
(6592, 4, 1063, 4),
(6593, 29, 1063, 4),
(6594, 30, 1063, 4),
(6595, 5, 1063, 5),
(6596, 1, 1060, 5),
(6597, 2, 1060, 4),
(6598, 3, 1060, 5),
(6599, 4, 1060, 5),
(6600, 29, 1060, 5),
(6601, 30, 1060, 4),
(6602, 5, 1060, 5),
(6603, 1, 1047, 6),
(6604, 2, 1047, 6),
(6605, 3, 1047, 6),
(6606, 4, 1047, 5),
(6607, 29, 1047, 6),
(6608, 30, 1047, 5),
(6609, 5, 1047, 6),
(6610, 1, 1059, 3),
(6611, 2, 1059, 4),
(6612, 3, 1059, 4),
(6613, 4, 1059, 5),
(6614, 29, 1059, 5),
(6615, 30, 1059, 5),
(6616, 5, 1059, 5),
(6617, 1, 1065, 6),
(6618, 2, 1065, 6),
(6619, 3, 1065, 6),
(6620, 4, 1065, 6),
(6621, 29, 1065, 6),
(6622, 30, 1065, 6),
(6623, 5, 1065, 6),
(6624, 1, 1064, 4),
(6625, 2, 1064, 4),
(6626, 3, 1064, 4),
(6627, 4, 1064, 3),
(6628, 29, 1064, 4),
(6629, 30, 1064, 4),
(6630, 5, 1064, 4),
(6631, 1, 1068, 4),
(6632, 2, 1068, 4),
(6633, 3, 1068, 4),
(6634, 4, 1068, 4),
(6635, 29, 1068, 2),
(6636, 30, 1068, 4),
(6637, 5, 1068, 4),
(6638, 1, 1067, 4),
(6639, 2, 1067, 4),
(6640, 3, 1067, 4),
(6641, 4, 1067, 4),
(6642, 29, 1067, 4),
(6643, 30, 1067, 4),
(6644, 5, 1067, 4),
(6645, 1, 1070, 2),
(6646, 2, 1070, 3),
(6647, 3, 1070, 3),
(6648, 4, 1070, 3),
(6649, 29, 1070, 4),
(6650, 30, 1070, 3),
(6651, 5, 1070, 1),
(6652, 1, 1075, 5),
(6653, 2, 1075, 5),
(6654, 3, 1075, 5),
(6655, 4, 1075, 5),
(6656, 29, 1075, 4),
(6657, 30, 1075, 4),
(6658, 5, 1075, 6),
(6659, 1, 1066, 3),
(6660, 2, 1066, 3),
(6661, 3, 1066, 3),
(6662, 4, 1066, 3),
(6663, 29, 1066, 3),
(6664, 30, 1066, 4),
(6665, 5, 1066, 3),
(6666, 1, 1077, 5),
(6667, 2, 1077, 4),
(6668, 3, 1077, 4),
(6669, 4, 1077, 4),
(6670, 29, 1077, 4),
(6671, 30, 1077, 5),
(6672, 5, 1077, 4),
(6673, 1, 1076, 2),
(6674, 2, 1076, 2),
(6675, 3, 1076, 2),
(6676, 4, 1076, 3),
(6677, 29, 1076, 3),
(6678, 30, 1076, 3),
(6679, 5, 1076, 1),
(6680, 1, 1071, 3),
(6681, 2, 1071, 4),
(6682, 3, 1071, 3),
(6683, 4, 1071, 3),
(6684, 29, 1071, 3),
(6685, 30, 1071, 4),
(6686, 5, 1071, 3),
(6687, 1, 1067, 4),
(6688, 2, 1067, 3),
(6689, 3, 1067, 3),
(6690, 4, 1067, 4),
(6691, 29, 1067, 3),
(6692, 30, 1067, 3),
(6693, 5, 1067, 3),
(6694, 1, 1080, 3),
(6695, 2, 1080, 4),
(6696, 3, 1080, 4),
(6697, 4, 1080, 4),
(6698, 29, 1080, 4),
(6699, 30, 1080, 4),
(6700, 5, 1080, 4),
(6701, 1, 1061, 6),
(6702, 2, 1061, 5),
(6703, 3, 1061, 3),
(6704, 4, 1061, 4),
(6705, 29, 1061, 6),
(6706, 30, 1061, 4),
(6707, 5, 1061, 5),
(6708, 1, 1078, 5),
(6709, 2, 1078, 5),
(6710, 3, 1078, 3),
(6711, 4, 1078, 4),
(6712, 29, 1078, 5),
(6713, 30, 1078, 4),
(6714, 5, 1078, 5),
(6715, 1, 1079, 4),
(6716, 2, 1079, 3),
(6717, 3, 1079, 3),
(6718, 4, 1079, 4),
(6719, 29, 1079, 5),
(6720, 30, 1079, 2),
(6721, 5, 1079, 3),
(6722, 1, 1086, 5),
(6723, 2, 1086, 4),
(6724, 3, 1086, 3),
(6725, 4, 1086, 4),
(6726, 29, 1086, 5),
(6727, 30, 1086, 5),
(6728, 5, 1086, 4),
(6729, 1, 1089, 3),
(6730, 2, 1089, 3),
(6731, 3, 1089, 2),
(6732, 4, 1089, 4),
(6733, 29, 1089, 3),
(6734, 30, 1089, 4),
(6735, 5, 1089, 3),
(6736, 1, 1088, 4),
(6737, 2, 1088, 3),
(6738, 3, 1088, 3),
(6739, 4, 1088, 4),
(6740, 29, 1088, 4),
(6741, 30, 1088, 3),
(6742, 5, 1088, 3),
(6743, 1, 1083, 3),
(6744, 2, 1083, 4),
(6745, 3, 1083, 2),
(6746, 4, 1083, 3),
(6747, 29, 1083, 3),
(6748, 30, 1083, 1),
(6749, 5, 1083, 2),
(6750, 1, 1087, 6),
(6751, 2, 1087, 6),
(6752, 3, 1087, 6),
(6753, 4, 1087, 6),
(6754, 29, 1087, 6),
(6755, 30, 1087, 6),
(6756, 5, 1087, 6),
(6757, 1, 1091, 5),
(6758, 2, 1091, 4),
(6759, 3, 1091, 4),
(6760, 4, 1091, 4),
(6761, 29, 1091, 5),
(6762, 30, 1091, 4),
(6763, 5, 1091, 4),
(6764, 1, 1094, 4),
(6765, 2, 1094, 4),
(6766, 3, 1094, 5),
(6767, 4, 1094, 5),
(6768, 29, 1094, 4),
(6769, 30, 1094, 4),
(6770, 5, 1094, 5),
(6771, 1, 1069, 2),
(6772, 2, 1069, 4),
(6773, 3, 1069, 1),
(6774, 4, 1069, 4),
(6775, 29, 1069, 3),
(6776, 30, 1069, 2),
(6777, 5, 1069, 3),
(6778, 1, 1096, 5),
(6779, 2, 1096, 4),
(6780, 3, 1096, 4),
(6781, 4, 1096, 4),
(6782, 29, 1096, 5),
(6783, 30, 1096, 4),
(6784, 5, 1096, 4),
(6785, 1, 1093, 3),
(6786, 2, 1093, 4),
(6787, 3, 1093, 3),
(6788, 4, 1093, 4),
(6789, 29, 1093, 4),
(6790, 30, 1093, 4),
(6791, 5, 1093, 4),
(6792, 1, 1102, 3),
(6793, 2, 1102, 5),
(6794, 3, 1102, 3),
(6795, 4, 1102, 5),
(6796, 29, 1102, 3),
(6797, 30, 1102, 5),
(6798, 5, 1102, 5),
(6799, 1, 1101, 4),
(6800, 2, 1101, 4),
(6801, 3, 1101, 4),
(6802, 4, 1101, 4),
(6803, 29, 1101, 4),
(6804, 30, 1101, 4),
(6805, 5, 1101, 5),
(6806, 1, 1099, 5),
(6807, 2, 1099, 5),
(6808, 3, 1099, 4),
(6809, 4, 1099, 4),
(6810, 29, 1099, 4),
(6811, 30, 1099, 4),
(6812, 5, 1099, 5),
(6813, 1, 1100, 4),
(6814, 2, 1100, 4),
(6815, 3, 1100, 3),
(6816, 4, 1100, 4),
(6817, 29, 1100, 3),
(6818, 30, 1100, 2),
(6819, 5, 1100, 4),
(6820, 0, 1110, 0),
(6821, 1, 1112, 4),
(6822, 2, 1112, 4),
(6823, 3, 1111, 4),
(6824, 1, 1116, 5),
(6825, 5, 1116, 4),
(6826, 3, 1118, 4),
(6827, 0, 1120, 0),
(6828, 3, 1118, 2),
(6829, 2, 1119, 4),
(6830, 4, 1119, 4),
(6831, 1, 1121, 3),
(6832, 3, 1121, 4),
(6833, 29, 1121, 3),
(6834, 30, 1121, 3),
(6835, 5, 1121, 3),
(6836, 1, 1123, 4),
(6837, 2, 1123, 3),
(6838, 30, 1123, 4),
(6839, 5, 1123, 4),
(6840, 3, 1117, 2),
(6841, 3, 1117, 2),
(6842, 1, 1124, 3),
(6843, 3, 1124, 4),
(6844, 5, 1124, 3),
(6845, 2, 1114, 4),
(6846, 4, 1114, 4),
(6847, 3, 1117, 2),
(6848, 3, 1117, 2),
(6849, 4, 1122, 3),
(6850, 1, 1126, 4),
(6851, 29, 1126, 3),
(6852, 30, 1126, 5),
(6853, 0, 1129, 0),
(6855, 3, 1115, 3),
(6856, 29, 1115, 4),
(6857, 30, 1115, 3),
(6858, 5, 1135, 3),
(6859, 1, 1127, 4),
(6860, 29, 1127, 4),
(6861, 30, 1127, 4),
(6862, 29, 1136, 3),
(6863, 3, 1131, 4),
(6864, 30, 1131, 3),
(6865, 5, 1131, 3),
(6866, 0, 1137, 0),
(6867, 3, 1133, 4),
(6868, 29, 1133, 4),
(6869, 30, 1133, 3),
(6870, 5, 1133, 4),
(6871, 29, 1143, 4),
(6872, 1, 1138, 3),
(6873, 29, 1138, 4),
(6874, 5, 1138, 4),
(6875, 1, 1139, 3),
(6876, 2, 1139, 3),
(6877, 4, 1139, 3),
(6878, 5, 1139, 3),
(6879, 1, 1144, 2),
(6880, 1, 1142, 4),
(6881, 30, 1142, 5),
(6882, 0, 1151, 0),
(6883, 3, 1134, 4),
(6884, 30, 1134, 3),
(6885, 5, 1134, 4),
(6886, 0, 1155, 0),
(6887, 29, 1146, 5),
(6888, 5, 1152, 4),
(6889, 1, 1147, 3),
(6890, 3, 1147, 4),
(6891, 30, 1147, 4),
(6892, 1, 1149, 5),
(6893, 2, 1149, 4),
(6894, 29, 1149, 5),
(6895, 30, 1149, 3),
(6896, 2, 1150, 4),
(6897, 3, 1150, 5),
(6898, 30, 1150, 3),
(6899, 5, 1150, 5),
(6900, 0, 1140, 0),
(6901, 4, 1154, 3),
(6902, 1, 1156, 5),
(6903, 29, 1156, 5),
(6904, 0, 1163, 0),
(6905, 29, 1159, 3),
(6906, 2, 1158, 4),
(6907, 30, 1158, 3),
(6908, 3, 1160, 4),
(6909, 30, 1160, 1),
(6910, 5, 1160, 3),
(6911, 4, 1157, 4),
(6912, 29, 1159, 4),
(6913, 2, 1162, 3),
(6914, 30, 1162, 2),
(6915, 30, 1169, 3),
(6916, 3, 1165, 4),
(6917, 30, 1165, 3),
(6918, 5, 1165, 4),
(6919, 0, 994, 0),
(6920, 1, 1164, 3),
(6921, 2, 1164, 5),
(6922, 5, 1164, 5),
(6923, 30, 1168, 3),
(6924, 0, 1051, 0),
(6925, 1, 1172, 4),
(6926, 30, 1172, 2),
(6927, 5, 1172, 5),
(6928, 1, 1173, 5),
(6929, 30, 1170, 2),
(6930, 1, 1175, 5),
(6931, 30, 1175, 3),
(6932, 5, 1175, 5),
(6933, 0, 1178, 0),
(6934, 30, 1174, 5),
(6935, 30, 1182, 4),
(6936, 30, 1174, 5),
(6937, 1, 1177, 4),
(6938, 3, 1176, 3),
(6939, 4, 1176, 3),
(6940, 6, 1189, 3),
(6941, 7, 1189, 4),
(6942, 8, 1189, 4),
(6943, 9, 1189, 4),
(6944, 10, 1189, 4),
(6945, 11, 1189, 4),
(6946, 12, 1189, 4),
(6947, 13, 1189, 5),
(6948, 14, 1189, 3),
(6949, 6, 1186, 5),
(6950, 7, 1186, 5),
(6951, 8, 1186, 5),
(6952, 9, 1186, 5),
(6953, 10, 1186, 5),
(6954, 11, 1186, 5),
(6955, 12, 1186, 6),
(6956, 13, 1186, 4),
(6957, 14, 1186, 4),
(6958, 6, 1185, 1),
(6959, 7, 1185, 4),
(6960, 8, 1185, 4),
(6961, 9, 1185, 4),
(6962, 10, 1185, 3),
(6963, 11, 1185, 3),
(6964, 12, 1185, 4),
(6965, 13, 1185, 3),
(6966, 14, 1185, 3),
(6967, 6, 1190, 4),
(6968, 7, 1190, 4),
(6969, 8, 1190, 5),
(6970, 9, 1190, 5),
(6971, 10, 1190, 5),
(6972, 11, 1190, 4),
(6973, 12, 1190, 5),
(6974, 13, 1190, 5),
(6975, 14, 1190, 5),
(6976, 6, 1188, 4),
(6977, 7, 1188, 4),
(6978, 8, 1188, 4),
(6979, 9, 1188, 4),
(6980, 10, 1188, 4),
(6981, 11, 1188, 4),
(6982, 12, 1188, 4),
(6983, 13, 1188, 4),
(6984, 14, 1188, 4),
(6985, 6, 1194, 2),
(6986, 7, 1194, 1),
(6987, 8, 1194, 5),
(6988, 9, 1194, 5),
(6989, 10, 1194, 4),
(6990, 11, 1194, 4),
(6991, 12, 1194, 3),
(6992, 13, 1194, 5),
(6993, 14, 1194, 3),
(6994, 6, 1192, 4),
(6995, 7, 1192, 5),
(6996, 8, 1192, 5),
(6997, 9, 1192, 5),
(6998, 10, 1192, 5),
(6999, 11, 1192, 5),
(7000, 12, 1192, 5),
(7001, 13, 1192, 4),
(7002, 14, 1192, 5),
(7003, 6, 1198, 4),
(7004, 7, 1198, 4),
(7005, 8, 1198, 4),
(7006, 9, 1198, 4),
(7007, 10, 1198, 4),
(7008, 11, 1198, 5),
(7009, 12, 1198, 4),
(7010, 13, 1198, 1),
(7011, 14, 1198, 4),
(7012, 6, 1191, 4),
(7013, 7, 1191, 4),
(7014, 8, 1191, 4),
(7015, 9, 1191, 4),
(7016, 10, 1191, 4),
(7017, 11, 1191, 3),
(7018, 12, 1191, 3),
(7019, 13, 1191, 3),
(7020, 14, 1191, 3),
(7021, 6, 1197, 4),
(7022, 7, 1197, 5),
(7023, 8, 1197, 4),
(7024, 9, 1197, 5),
(7025, 10, 1197, 5),
(7026, 11, 1197, 5),
(7027, 12, 1197, 5),
(7028, 13, 1197, 5),
(7029, 14, 1197, 5),
(7030, 6, 1195, 4),
(7031, 7, 1195, 4),
(7032, 8, 1195, 3),
(7033, 9, 1195, 4),
(7034, 10, 1195, 4),
(7035, 11, 1195, 4),
(7036, 12, 1195, 4),
(7037, 13, 1195, 4),
(7038, 14, 1195, 4),
(7039, 6, 1200, 2),
(7040, 7, 1200, 4),
(7041, 8, 1200, 5),
(7042, 9, 1200, 4),
(7043, 10, 1200, 4),
(7044, 11, 1200, 4),
(7045, 12, 1200, 4),
(7046, 13, 1200, 4),
(7047, 14, 1200, 3),
(7048, 6, 1199, 4),
(7049, 7, 1199, 4),
(7050, 8, 1199, 4),
(7051, 9, 1199, 4),
(7052, 10, 1199, 4),
(7053, 11, 1199, 4),
(7054, 12, 1199, 4),
(7055, 13, 1199, 4),
(7056, 14, 1199, 4),
(7057, 6, 1202, 4),
(7058, 7, 1202, 4),
(7059, 8, 1202, 4),
(7060, 9, 1202, 4),
(7061, 10, 1202, 4),
(7062, 11, 1202, 3),
(7063, 12, 1202, 3),
(7064, 13, 1202, 3),
(7065, 14, 1202, 4),
(7066, 6, 1201, 4),
(7067, 7, 1201, 4),
(7068, 8, 1201, 4),
(7069, 9, 1201, 4),
(7070, 10, 1201, 3),
(7071, 11, 1201, 4),
(7072, 12, 1201, 4),
(7073, 13, 1201, 2),
(7074, 14, 1201, 4),
(7075, 6, 1204, 6),
(7076, 7, 1204, 5),
(7077, 8, 1204, 4),
(7078, 9, 1204, 5),
(7079, 10, 1204, 5),
(7080, 11, 1204, 4),
(7081, 12, 1204, 5),
(7082, 13, 1204, 4),
(7083, 14, 1204, 5),
(7084, 6, 1206, 5),
(7085, 7, 1206, 5),
(7086, 8, 1206, 5),
(7087, 9, 1206, 5),
(7088, 10, 1206, 5),
(7089, 11, 1206, 5),
(7090, 12, 1206, 5),
(7091, 13, 1206, 5),
(7092, 14, 1206, 5),
(7093, 6, 1210, 4),
(7094, 7, 1210, 4),
(7095, 8, 1210, 3),
(7096, 9, 1210, 3),
(7097, 10, 1210, 3),
(7098, 11, 1210, 4),
(7099, 12, 1210, 4),
(7100, 13, 1210, 3),
(7101, 14, 1210, 3),
(7102, 6, 1207, 5),
(7103, 7, 1207, 5),
(7104, 8, 1207, 5),
(7105, 9, 1207, 5),
(7106, 10, 1207, 5),
(7107, 11, 1207, 5),
(7108, 12, 1207, 5),
(7109, 13, 1207, 6),
(7110, 14, 1207, 5),
(7111, 6, 1196, 5),
(7112, 7, 1196, 5),
(7113, 8, 1196, 5),
(7114, 9, 1196, 5),
(7115, 10, 1196, 5),
(7116, 11, 1196, 5),
(7117, 12, 1196, 4),
(7118, 13, 1196, 5),
(7119, 14, 1196, 5),
(7120, 6, 1208, 4),
(7121, 7, 1208, 4),
(7122, 8, 1208, 4),
(7123, 9, 1208, 4),
(7124, 10, 1208, 4),
(7125, 11, 1208, 4),
(7126, 12, 1208, 4),
(7127, 13, 1208, 4),
(7128, 14, 1208, 4),
(7129, 6, 1214, 4),
(7130, 7, 1214, 4),
(7131, 8, 1214, 4),
(7132, 9, 1214, 4),
(7133, 10, 1214, 4),
(7134, 11, 1214, 3),
(7135, 12, 1214, 3),
(7136, 13, 1214, 5),
(7137, 14, 1214, 4),
(7138, 6, 1215, 3),
(7139, 7, 1215, 3),
(7140, 8, 1215, 4),
(7141, 9, 1215, 4),
(7142, 10, 1215, 4),
(7143, 11, 1215, 3),
(7144, 12, 1215, 3),
(7145, 13, 1215, 3),
(7146, 14, 1215, 3),
(7147, 6, 1216, 3),
(7148, 7, 1216, 4),
(7149, 8, 1216, 4),
(7150, 9, 1216, 4),
(7151, 10, 1216, 4),
(7152, 11, 1216, 4),
(7153, 12, 1216, 4),
(7154, 13, 1216, 2),
(7155, 14, 1216, 4),
(7156, 6, 1212, 4),
(7157, 7, 1212, 4),
(7158, 8, 1212, 4),
(7159, 9, 1212, 4),
(7160, 10, 1212, 4),
(7161, 11, 1212, 4),
(7162, 12, 1212, 4),
(7163, 13, 1212, 4),
(7164, 14, 1212, 4),
(7165, 6, 1217, 5),
(7166, 7, 1217, 5),
(7167, 8, 1217, 4),
(7168, 9, 1217, 5),
(7169, 10, 1217, 5),
(7170, 11, 1217, 5),
(7171, 12, 1217, 4),
(7172, 13, 1217, 4),
(7173, 14, 1217, 4),
(7174, 6, 1219, 5),
(7175, 7, 1219, 4),
(7176, 8, 1219, 4),
(7177, 9, 1219, 4),
(7178, 10, 1219, 4),
(7179, 11, 1219, 5),
(7180, 12, 1219, 5),
(7181, 13, 1219, 5),
(7182, 14, 1219, 5),
(7183, 6, 1213, 4),
(7184, 7, 1213, 3),
(7185, 8, 1213, 3),
(7186, 9, 1213, 4),
(7187, 10, 1213, 3),
(7188, 11, 1213, 4),
(7189, 12, 1213, 4),
(7190, 13, 1213, 3),
(7191, 14, 1213, 3),
(7192, 6, 1218, 4),
(7193, 7, 1218, 4),
(7194, 8, 1218, 4),
(7195, 9, 1218, 4),
(7196, 10, 1218, 5),
(7197, 11, 1218, 4),
(7198, 12, 1218, 5),
(7199, 13, 1218, 4),
(7200, 14, 1218, 5),
(7201, 6, 1222, 4),
(7202, 7, 1222, 4),
(7203, 8, 1222, 4),
(7204, 9, 1222, 4),
(7205, 10, 1222, 4),
(7206, 11, 1222, 4),
(7207, 12, 1222, 3),
(7208, 13, 1222, 1),
(7209, 14, 1222, 4),
(7210, 6, 1221, 5),
(7211, 7, 1221, 5),
(7212, 8, 1221, 4),
(7213, 9, 1221, 5),
(7214, 10, 1221, 5),
(7215, 11, 1221, 5),
(7216, 12, 1221, 4),
(7217, 13, 1221, 4),
(7218, 14, 1221, 4),
(7219, 6, 1224, 6),
(7220, 7, 1224, 5),
(7221, 8, 1224, 6),
(7222, 9, 1224, 5),
(7223, 10, 1224, 6),
(7224, 11, 1224, 6),
(7225, 12, 1224, 6),
(7226, 13, 1224, 6),
(7227, 14, 1224, 6),
(7228, 6, 1220, 3),
(7229, 7, 1220, 4),
(7230, 8, 1220, 4),
(7231, 9, 1220, 2),
(7232, 10, 1220, 3),
(7233, 11, 1220, 3),
(7234, 12, 1220, 2),
(7235, 13, 1220, 2),
(7236, 14, 1220, 2),
(7237, 6, 1229, 5),
(7238, 7, 1229, 5),
(7239, 8, 1229, 4),
(7240, 9, 1229, 5),
(7241, 10, 1229, 4),
(7242, 11, 1229, 4),
(7243, 12, 1229, 5),
(7244, 13, 1229, 1),
(7245, 14, 1229, 5),
(7246, 6, 1225, 4),
(7247, 7, 1225, 4),
(7248, 8, 1225, 3),
(7249, 9, 1225, 4),
(7250, 10, 1225, 3),
(7251, 11, 1225, 4),
(7252, 12, 1225, 4),
(7253, 13, 1225, 2),
(7254, 14, 1225, 4),
(7255, 6, 1232, 1),
(7256, 7, 1232, 1),
(7257, 8, 1232, 1),
(7258, 9, 1232, 1),
(7259, 10, 1232, 1),
(7260, 11, 1232, 1),
(7261, 12, 1232, 1),
(7262, 13, 1232, 1),
(7263, 14, 1232, 1),
(7264, 6, 1231, 3),
(7265, 7, 1231, 4),
(7266, 8, 1231, 4),
(7267, 9, 1231, 4),
(7268, 10, 1231, 4),
(7269, 11, 1231, 4),
(7270, 12, 1231, 3),
(7271, 13, 1231, 3),
(7272, 14, 1231, 4),
(7273, 6, 1230, 4),
(7274, 7, 1230, 4),
(7275, 8, 1230, 4),
(7276, 9, 1230, 4),
(7277, 10, 1230, 4),
(7278, 11, 1230, 3),
(7279, 12, 1230, 4),
(7280, 13, 1230, 4),
(7281, 14, 1230, 4),
(7282, 6, 1228, 5),
(7283, 7, 1228, 5),
(7284, 8, 1228, 4),
(7285, 9, 1228, 5),
(7286, 10, 1228, 5),
(7287, 11, 1228, 4),
(7288, 12, 1228, 4),
(7289, 13, 1228, 3),
(7290, 14, 1228, 4),
(7291, 6, 1227, 4),
(7292, 7, 1227, 4),
(7293, 8, 1227, 5),
(7294, 9, 1227, 5),
(7295, 10, 1227, 5),
(7296, 11, 1227, 5),
(7297, 12, 1227, 4),
(7298, 13, 1227, 5),
(7299, 14, 1227, 5),
(7300, 6, 1233, 4),
(7301, 7, 1233, 4),
(7302, 8, 1233, 3),
(7303, 9, 1233, 3),
(7304, 10, 1233, 4),
(7305, 11, 1233, 4),
(7306, 12, 1233, 3),
(7307, 13, 1233, 2),
(7308, 14, 1233, 3),
(7309, 6, 1234, 5),
(7310, 7, 1234, 4),
(7311, 8, 1234, 4),
(7312, 9, 1234, 4),
(7313, 10, 1234, 4),
(7314, 11, 1234, 4),
(7315, 12, 1234, 4),
(7316, 13, 1234, 4),
(7317, 14, 1234, 4),
(7318, 6, 1235, 5),
(7319, 7, 1235, 4),
(7320, 8, 1235, 4),
(7321, 9, 1235, 5),
(7322, 10, 1235, 5),
(7323, 11, 1235, 5),
(7324, 12, 1235, 5),
(7325, 13, 1235, 5),
(7326, 14, 1235, 5),
(7327, 6, 1226, 4),
(7328, 7, 1226, 4),
(7329, 8, 1226, 4),
(7330, 9, 1226, 4),
(7331, 10, 1226, 4),
(7332, 11, 1226, 4),
(7333, 12, 1226, 4),
(7334, 13, 1226, 4),
(7335, 14, 1226, 4),
(7336, 6, 1236, 4),
(7337, 7, 1236, 4),
(7338, 8, 1236, 4),
(7339, 9, 1236, 3),
(7340, 10, 1236, 3),
(7341, 11, 1236, 3),
(7342, 12, 1236, 3),
(7343, 13, 1236, 3),
(7344, 14, 1236, 3),
(7345, 6, 1239, 2),
(7346, 7, 1239, 4),
(7347, 8, 1239, 4),
(7348, 9, 1239, 4),
(7349, 10, 1239, 4),
(7350, 11, 1239, 4),
(7351, 12, 1239, 4),
(7352, 13, 1239, 4),
(7353, 14, 1239, 4),
(7354, 6, 1238, 3),
(7355, 7, 1238, 4),
(7356, 8, 1238, 3),
(7357, 9, 1238, 4),
(7358, 10, 1238, 4),
(7359, 11, 1238, 3),
(7360, 12, 1238, 3),
(7361, 13, 1238, 4),
(7362, 14, 1238, 3),
(7363, 6, 1243, 4),
(7364, 7, 1243, 5),
(7365, 8, 1243, 5),
(7366, 9, 1243, 5),
(7367, 10, 1243, 5),
(7368, 11, 1243, 4),
(7369, 12, 1243, 1),
(7370, 13, 1243, 1),
(7371, 14, 1243, 4),
(7372, 6, 1240, 3),
(7373, 7, 1240, 4),
(7374, 8, 1240, 4),
(7375, 9, 1240, 4),
(7376, 10, 1240, 4),
(7377, 11, 1240, 4),
(7378, 12, 1240, 3),
(7379, 13, 1240, 2),
(7380, 14, 1240, 4),
(7381, 6, 1237, 2),
(7382, 7, 1237, 4),
(7383, 8, 1237, 4),
(7384, 9, 1237, 4),
(7385, 10, 1237, 4),
(7386, 11, 1237, 3),
(7387, 12, 1237, 2),
(7388, 13, 1237, 1),
(7389, 14, 1237, 4),
(7390, 6, 1244, 6),
(7391, 7, 1244, 6),
(7392, 8, 1244, 5),
(7393, 9, 1244, 6),
(7394, 10, 1244, 6),
(7395, 11, 1244, 6),
(7396, 12, 1244, 6),
(7397, 13, 1244, 6),
(7398, 14, 1244, 6),
(7399, 6, 1245, 4),
(7400, 7, 1245, 4),
(7401, 8, 1245, 4),
(7402, 9, 1245, 4),
(7403, 10, 1245, 4),
(7404, 11, 1245, 4),
(7405, 12, 1245, 4),
(7406, 13, 1245, 4),
(7407, 14, 1245, 4),
(7408, 6, 1242, 4),
(7409, 7, 1242, 4),
(7410, 8, 1242, 4),
(7411, 9, 1242, 4),
(7412, 10, 1242, 5),
(7413, 11, 1242, 4),
(7414, 12, 1242, 4),
(7415, 13, 1242, 4),
(7416, 14, 1242, 4),
(7417, 6, 1250, 3),
(7418, 7, 1250, 4),
(7419, 8, 1250, 4),
(7420, 9, 1250, 4),
(7421, 10, 1250, 4),
(7422, 11, 1250, 4),
(7423, 12, 1250, 5),
(7424, 13, 1250, 3),
(7425, 14, 1250, 3),
(7426, 6, 1249, 5),
(7427, 7, 1249, 5),
(7428, 8, 1249, 3),
(7429, 9, 1249, 6),
(7430, 10, 1249, 5),
(7431, 11, 1249, 5),
(7432, 12, 1249, 5),
(7433, 13, 1249, 2),
(7434, 14, 1249, 5),
(7435, 6, 1251, 3),
(7436, 7, 1251, 4),
(7437, 8, 1251, 4),
(7438, 9, 1251, 3),
(7439, 10, 1251, 3),
(7440, 11, 1251, 3),
(7441, 12, 1251, 3),
(7442, 13, 1251, 4),
(7443, 14, 1251, 3),
(7444, 6, 1253, 5),
(7445, 7, 1253, 4),
(7446, 8, 1253, 4),
(7447, 9, 1253, 5),
(7448, 10, 1253, 5),
(7449, 11, 1253, 5),
(7450, 12, 1253, 5),
(7451, 13, 1253, 1),
(7452, 14, 1253, 5),
(7453, 6, 1254, 3),
(7454, 7, 1254, 3),
(7455, 8, 1254, 3),
(7456, 9, 1254, 3),
(7457, 10, 1254, 3),
(7458, 11, 1254, 2),
(7459, 12, 1254, 2),
(7460, 13, 1254, 2),
(7461, 14, 1254, 2),
(7462, 6, 1257, 3),
(7463, 7, 1257, 4),
(7464, 8, 1257, 3),
(7465, 9, 1257, 4),
(7466, 10, 1257, 3),
(7467, 11, 1257, 3),
(7468, 12, 1257, 3),
(7469, 13, 1257, 3),
(7470, 14, 1257, 3),
(7471, 6, 1252, 6),
(7472, 7, 1252, 5),
(7473, 8, 1252, 4),
(7474, 9, 1252, 5),
(7475, 10, 1252, 5),
(7476, 11, 1252, 4),
(7477, 12, 1252, 5),
(7478, 13, 1252, 5),
(7479, 14, 1252, 4),
(7480, 6, 1248, 3),
(7481, 7, 1248, 6),
(7482, 8, 1248, 6),
(7483, 9, 1248, 6),
(7484, 10, 1248, 6),
(7485, 11, 1248, 6),
(7486, 12, 1248, 5),
(7487, 13, 1248, 4),
(7488, 14, 1248, 5),
(7489, 6, 1241, 4),
(7490, 7, 1241, 4),
(7491, 8, 1241, 4),
(7492, 9, 1241, 4),
(7493, 10, 1241, 4),
(7494, 11, 1241, 4),
(7495, 12, 1241, 4),
(7496, 13, 1241, 4),
(7497, 14, 1241, 4),
(7498, 6, 1258, 3),
(7499, 7, 1258, 3),
(7500, 8, 1258, 4),
(7501, 9, 1258, 4),
(7502, 10, 1258, 3),
(7503, 11, 1258, 2),
(7504, 12, 1258, 2),
(7505, 13, 1258, 2),
(7506, 14, 1258, 3),
(7507, 6, 1256, 4),
(7508, 7, 1256, 4),
(7509, 8, 1256, 3),
(7510, 9, 1256, 4),
(7511, 10, 1256, 4),
(7512, 11, 1256, 4),
(7513, 12, 1256, 3),
(7514, 13, 1256, 1),
(7515, 14, 1256, 3),
(7516, 6, 1255, 3),
(7517, 7, 1255, 3),
(7518, 8, 1255, 3),
(7519, 9, 1255, 4),
(7520, 10, 1255, 4),
(7521, 11, 1255, 4),
(7522, 12, 1255, 3),
(7523, 13, 1255, 2),
(7524, 14, 1255, 3),
(7525, 6, 1260, 4),
(7526, 7, 1260, 4),
(7527, 8, 1260, 4),
(7528, 9, 1260, 4),
(7529, 10, 1260, 4),
(7530, 11, 1260, 4),
(7531, 12, 1260, 4),
(7532, 13, 1260, 4),
(7533, 14, 1260, 4),
(7534, 6, 1259, 5),
(7535, 7, 1259, 5),
(7536, 8, 1259, 4),
(7537, 9, 1259, 5),
(7538, 10, 1259, 4),
(7539, 11, 1259, 4),
(7540, 12, 1259, 5),
(7541, 13, 1259, 3),
(7542, 14, 1259, 4),
(7543, 6, 1261, 3),
(7544, 7, 1261, 3),
(7545, 8, 1261, 3),
(7546, 9, 1261, 3),
(7547, 10, 1261, 3),
(7548, 11, 1261, 2),
(7549, 12, 1261, 2),
(7550, 13, 1261, 1),
(7551, 14, 1261, 2),
(7552, 6, 1262, 3),
(7553, 7, 1262, 3),
(7554, 8, 1262, 4),
(7555, 9, 1262, 4),
(7556, 10, 1262, 4),
(7557, 11, 1262, 4),
(7558, 12, 1262, 4),
(7559, 13, 1262, 4),
(7560, 14, 1262, 4),
(7561, 6, 1263, 3),
(7562, 7, 1263, 4),
(7563, 8, 1263, 4),
(7564, 9, 1263, 4),
(7565, 10, 1263, 4),
(7566, 11, 1263, 3),
(7567, 12, 1263, 3),
(7568, 13, 1263, 2),
(7569, 14, 1263, 4),
(7570, 6, 1267, 3),
(7571, 7, 1267, 4),
(7572, 8, 1267, 3),
(7573, 9, 1267, 4),
(7574, 10, 1267, 4),
(7575, 11, 1267, 4),
(7576, 12, 1267, 4),
(7577, 13, 1267, 1),
(7578, 14, 1267, 4),
(7579, 6, 1266, 4),
(7580, 7, 1266, 4),
(7581, 8, 1266, 4),
(7582, 9, 1266, 4),
(7583, 10, 1266, 4),
(7584, 11, 1266, 3),
(7585, 12, 1266, 4),
(7586, 13, 1266, 2),
(7587, 14, 1266, 4),
(7588, 6, 1270, 3),
(7589, 7, 1270, 4),
(7590, 8, 1270, 4),
(7591, 9, 1270, 3),
(7592, 10, 1270, 4),
(7593, 11, 1270, 3),
(7594, 12, 1270, 3),
(7595, 13, 1270, 4),
(7596, 14, 1270, 4),
(7597, 6, 1271, 6),
(7598, 7, 1271, 5),
(7599, 8, 1271, 4),
(7600, 9, 1271, 5),
(7601, 10, 1271, 5),
(7602, 11, 1271, 5),
(7603, 12, 1271, 5),
(7604, 13, 1271, 5),
(7605, 14, 1271, 5),
(7606, 6, 1264, 4),
(7607, 7, 1264, 4),
(7608, 8, 1264, 4),
(7609, 9, 1264, 4),
(7610, 10, 1264, 4),
(7611, 11, 1264, 4),
(7612, 12, 1264, 4),
(7613, 13, 1264, 5),
(7614, 14, 1264, 5),
(7615, 6, 1274, 5),
(7616, 7, 1274, 5),
(7617, 8, 1274, 4),
(7618, 9, 1274, 5),
(7619, 10, 1274, 4),
(7620, 11, 1274, 4),
(7621, 12, 1274, 4),
(7622, 13, 1274, 1),
(7623, 14, 1274, 4),
(7624, 6, 1272, 4),
(7625, 7, 1272, 4),
(7626, 8, 1272, 3),
(7627, 9, 1272, 4),
(7628, 10, 1272, 4),
(7629, 11, 1272, 4),
(7630, 12, 1272, 4),
(7631, 13, 1272, 2),
(7632, 14, 1272, 4),
(7633, 6, 1273, 3),
(7634, 7, 1273, 4),
(7635, 8, 1273, 4),
(7636, 9, 1273, 4),
(7637, 10, 1273, 4),
(7638, 11, 1273, 4),
(7639, 12, 1273, 3),
(7640, 13, 1273, 2),
(7641, 14, 1273, 4),
(7642, 6, 1269, 5),
(7643, 7, 1269, 5),
(7644, 8, 1269, 4),
(7645, 9, 1269, 5),
(7646, 10, 1269, 5),
(7647, 11, 1269, 5),
(7648, 12, 1269, 3),
(7649, 13, 1269, 4),
(7650, 14, 1269, 5),
(7651, 6, 1278, 5),
(7652, 7, 1278, 5),
(7653, 8, 1278, 5),
(7654, 9, 1278, 4),
(7655, 10, 1278, 4),
(7656, 11, 1278, 4),
(7657, 12, 1278, 4),
(7658, 13, 1278, 2),
(7659, 14, 1278, 5),
(7660, 6, 1275, 4),
(7661, 7, 1275, 3),
(7662, 8, 1275, 4),
(7663, 9, 1275, 4),
(7664, 10, 1275, 3),
(7665, 11, 1275, 4),
(7666, 12, 1275, 4),
(7667, 13, 1275, 3),
(7668, 14, 1275, 4),
(7669, 6, 1277, 4),
(7670, 7, 1277, 4),
(7671, 8, 1277, 3),
(7672, 9, 1277, 4),
(7673, 10, 1277, 4),
(7674, 11, 1277, 4),
(7675, 12, 1277, 3),
(7676, 13, 1277, 2),
(7677, 14, 1277, 4),
(7678, 6, 1276, 4),
(7679, 7, 1276, 4),
(7680, 8, 1276, 3),
(7681, 9, 1276, 4),
(7682, 10, 1276, 3),
(7683, 11, 1276, 4),
(7684, 12, 1276, 4),
(7685, 13, 1276, 1),
(7686, 14, 1276, 3),
(7687, 6, 1279, 3),
(7688, 7, 1279, 4),
(7689, 8, 1279, 4),
(7690, 9, 1279, 5),
(7691, 10, 1279, 4),
(7692, 11, 1279, 4),
(7693, 12, 1279, 5),
(7694, 13, 1279, 5),
(7695, 14, 1279, 3),
(7696, 6, 1280, 3),
(7697, 7, 1280, 4),
(7698, 8, 1280, 4),
(7699, 9, 1280, 4),
(7700, 10, 1280, 4),
(7701, 11, 1280, 4),
(7702, 12, 1280, 4),
(7703, 13, 1280, 2),
(7704, 14, 1280, 4),
(7705, 6, 1282, 3),
(7706, 7, 1282, 4),
(7707, 8, 1282, 4),
(7708, 9, 1282, 4),
(7709, 10, 1282, 4),
(7710, 11, 1282, 4),
(7711, 12, 1282, 3),
(7712, 13, 1282, 4),
(7713, 14, 1282, 4),
(7714, 6, 1287, 3),
(7715, 7, 1287, 4),
(7716, 8, 1287, 4),
(7717, 9, 1287, 4),
(7718, 10, 1287, 3),
(7719, 11, 1287, 4),
(7720, 12, 1287, 4),
(7721, 13, 1287, 1),
(7722, 14, 1287, 3),
(7723, 6, 1285, 5),
(7724, 7, 1285, 5),
(7725, 8, 1285, 4),
(7726, 9, 1285, 5),
(7727, 10, 1285, 4),
(7728, 11, 1285, 4),
(7729, 12, 1285, 5),
(7730, 13, 1285, 5),
(7731, 14, 1285, 4),
(7732, 6, 1286, 4),
(7733, 7, 1286, 5),
(7734, 8, 1286, 5),
(7735, 9, 1286, 5),
(7736, 10, 1286, 5),
(7737, 11, 1286, 4),
(7738, 12, 1286, 5),
(7739, 13, 1286, 2),
(7740, 14, 1286, 5),
(7741, 6, 1290, 5),
(7742, 7, 1290, 5),
(7743, 8, 1290, 4),
(7744, 9, 1290, 5),
(7745, 10, 1290, 5),
(7746, 11, 1290, 5),
(7747, 12, 1290, 5),
(7748, 13, 1290, 3),
(7749, 14, 1290, 5),
(7750, 6, 1283, 4),
(7751, 7, 1283, 3),
(7752, 8, 1283, 3),
(7753, 9, 1283, 4),
(7754, 10, 1283, 3),
(7755, 11, 1283, 4),
(7756, 12, 1283, 3),
(7757, 13, 1283, 3),
(7758, 14, 1283, 3),
(7759, 6, 1288, 4),
(7760, 7, 1288, 3),
(7761, 8, 1288, 3),
(7762, 9, 1288, 4),
(7763, 10, 1288, 4),
(7764, 11, 1288, 4),
(7765, 12, 1288, 4),
(7766, 13, 1288, 4),
(7767, 14, 1288, 4),
(7768, 6, 1291, 4),
(7769, 7, 1291, 4),
(7770, 8, 1291, 3),
(7771, 9, 1291, 4),
(7772, 10, 1291, 3),
(7773, 11, 1291, 3),
(7774, 12, 1291, 4),
(7775, 13, 1291, 2),
(7776, 14, 1291, 4),
(7777, 6, 1292, 5),
(7778, 7, 1292, 6),
(7779, 8, 1292, 6),
(7780, 9, 1292, 6),
(7781, 10, 1292, 6),
(7782, 11, 1292, 5),
(7783, 12, 1292, 5),
(7784, 13, 1292, 5),
(7785, 14, 1292, 6),
(7786, 6, 1294, 3),
(7787, 7, 1294, 5),
(7788, 8, 1294, 4),
(7789, 9, 1294, 5),
(7790, 10, 1294, 4),
(7791, 11, 1294, 5),
(7792, 12, 1294, 5),
(7793, 13, 1294, 4),
(7794, 14, 1294, 4),
(7795, 6, 1298, 3),
(7796, 7, 1298, 5),
(7797, 8, 1298, 5),
(7798, 9, 1298, 5),
(7799, 10, 1298, 4),
(7800, 11, 1298, 5),
(7801, 12, 1298, 5),
(7802, 13, 1298, 1),
(7803, 14, 1298, 5),
(7804, 6, 1293, 4),
(7805, 7, 1293, 4),
(7806, 8, 1293, 4),
(7807, 9, 1293, 5),
(7808, 10, 1293, 4),
(7809, 11, 1293, 3),
(7810, 12, 1293, 5),
(7811, 13, 1293, 4),
(7812, 14, 1293, 4),
(7813, 6, 1296, 4),
(7814, 7, 1296, 4),
(7815, 8, 1296, 4),
(7816, 9, 1296, 4),
(7817, 10, 1296, 4),
(7818, 11, 1296, 4),
(7819, 12, 1296, 4),
(7820, 13, 1296, 4),
(7821, 14, 1296, 5),
(7822, 6, 1299, 6),
(7823, 7, 1299, 5),
(7824, 8, 1299, 4),
(7825, 9, 1299, 6),
(7826, 10, 1299, 6),
(7827, 11, 1299, 5),
(7828, 12, 1299, 5),
(7829, 13, 1299, 5),
(7830, 14, 1299, 6),
(7831, 6, 1297, 4),
(7832, 7, 1297, 5),
(7833, 8, 1297, 5),
(7834, 9, 1297, 5),
(7835, 10, 1297, 4),
(7836, 11, 1297, 3),
(7837, 12, 1297, 4),
(7838, 13, 1297, 4),
(7839, 14, 1297, 4),
(7840, 6, 1300, 5),
(7841, 7, 1300, 4),
(7842, 8, 1300, 3),
(7843, 9, 1300, 5),
(7844, 10, 1300, 4),
(7845, 11, 1300, 4),
(7846, 12, 1300, 4),
(7847, 13, 1300, 4),
(7848, 14, 1300, 5),
(7849, 6, 1302, 5),
(7850, 7, 1302, 4),
(7851, 8, 1302, 4),
(7852, 9, 1302, 4),
(7853, 10, 1302, 4),
(7854, 11, 1302, 4),
(7855, 12, 1302, 5),
(7856, 13, 1302, 2),
(7857, 14, 1302, 4),
(7858, 6, 1303, 5),
(7859, 7, 1303, 5),
(7860, 8, 1303, 5),
(7861, 9, 1303, 5),
(7862, 10, 1303, 5),
(7863, 11, 1303, 5),
(7864, 12, 1303, 5),
(7865, 13, 1303, 4),
(7866, 14, 1303, 5),
(7867, 6, 1304, 5),
(7868, 7, 1304, 5),
(7869, 8, 1304, 3),
(7870, 9, 1304, 5),
(7871, 10, 1304, 5),
(7872, 11, 1304, 5),
(7873, 12, 1304, 5),
(7874, 13, 1304, 4),
(7875, 14, 1304, 5),
(7876, 6, 1306, 5),
(7877, 7, 1306, 5),
(7878, 8, 1306, 4),
(7879, 9, 1306, 5),
(7880, 10, 1306, 4),
(7881, 11, 1306, 5),
(7882, 12, 1306, 5),
(7883, 13, 1306, 1),
(7884, 14, 1306, 5),
(7885, 6, 1307, 4),
(7886, 10, 1307, 4),
(7887, 11, 1307, 4),
(7888, 12, 1307, 3),
(7889, 13, 1307, 4),
(7890, 14, 1307, 4),
(7891, 6, 1309, 2),
(7892, 7, 1309, 3),
(7893, 8, 1309, 4),
(7894, 9, 1309, 4),
(7895, 10, 1309, 3),
(7896, 11, 1309, 4),
(7897, 12, 1309, 4),
(7898, 13, 1309, 3),
(7899, 14, 1309, 3),
(7900, 6, 1308, 4),
(7901, 7, 1308, 4),
(7902, 8, 1308, 3),
(7903, 9, 1308, 4),
(7904, 10, 1308, 3),
(7905, 11, 1308, 3),
(7906, 12, 1308, 4),
(7907, 13, 1308, 4),
(7908, 14, 1308, 4),
(7909, 6, 1295, 3),
(7910, 7, 1295, 4),
(7911, 8, 1295, 4),
(7912, 9, 1295, 3),
(7913, 10, 1295, 3),
(7914, 11, 1295, 4),
(7915, 12, 1295, 4),
(7916, 13, 1295, 3),
(7917, 14, 1295, 3),
(7918, 6, 1311, 1),
(7919, 7, 1311, 1),
(7920, 8, 1311, 4),
(7921, 9, 1311, 4),
(7922, 10, 1311, 3),
(7923, 11, 1311, 3),
(7924, 12, 1311, 3),
(7925, 13, 1311, 1),
(7926, 14, 1311, 2),
(7927, 6, 1305, 4),
(7928, 7, 1305, 4),
(7929, 8, 1305, 4),
(7930, 9, 1305, 5),
(7931, 10, 1305, 4),
(7932, 11, 1305, 4),
(7933, 12, 1305, 5),
(7934, 13, 1305, 4),
(7935, 14, 1305, 4),
(7936, 6, 1313, 5),
(7937, 7, 1313, 4),
(7938, 8, 1313, 5),
(7939, 9, 1313, 5),
(7940, 10, 1313, 5),
(7941, 11, 1313, 4),
(7942, 12, 1313, 5),
(7943, 13, 1313, 4),
(7944, 14, 1313, 5),
(7945, 6, 1315, 4),
(7946, 7, 1315, 4),
(7947, 8, 1315, 4),
(7948, 9, 1315, 4),
(7949, 10, 1315, 4),
(7950, 11, 1315, 4),
(7951, 12, 1315, 4),
(7952, 13, 1315, 4),
(7953, 14, 1315, 4),
(7954, 6, 1312, 3),
(7955, 7, 1312, 3),
(7956, 8, 1312, 3),
(7957, 9, 1312, 4),
(7958, 10, 1312, 3),
(7959, 11, 1312, 3),
(7960, 12, 1312, 3),
(7961, 13, 1312, 2),
(7962, 14, 1312, 3),
(7963, 6, 1318, 3),
(7964, 7, 1318, 3),
(7965, 8, 1318, 4),
(7966, 9, 1318, 5),
(7967, 10, 1318, 4),
(7968, 11, 1318, 4),
(7969, 12, 1318, 4),
(7970, 13, 1318, 1),
(7971, 14, 1318, 4),
(7972, 6, 1321, 6),
(7973, 7, 1321, 5),
(7974, 8, 1321, 5),
(7975, 9, 1321, 6),
(7976, 10, 1321, 6),
(7977, 11, 1321, 6),
(7978, 12, 1321, 6),
(7979, 13, 1321, 4),
(7980, 14, 1321, 5),
(7981, 6, 1323, 1),
(7982, 7, 1323, 1),
(7983, 8, 1323, 1),
(7984, 9, 1323, 1),
(7985, 10, 1323, 1),
(7986, 11, 1323, 1),
(7987, 12, 1323, 1),
(7988, 13, 1323, 1),
(7989, 14, 1323, 1),
(7990, 6, 1320, 5),
(7991, 7, 1320, 5),
(7992, 8, 1320, 5),
(7993, 9, 1320, 5),
(7994, 10, 1320, 4),
(7995, 11, 1320, 5),
(7996, 12, 1320, 5),
(7997, 13, 1320, 6),
(7998, 14, 1320, 5),
(7999, 6, 1324, 3),
(8000, 13, 1324, 4),
(8001, 6, 1322, 4),
(8002, 7, 1322, 4),
(8003, 8, 1322, 4),
(8004, 9, 1322, 4),
(8005, 10, 1322, 4),
(8006, 11, 1322, 4),
(8007, 12, 1322, 4),
(8008, 13, 1322, 4),
(8009, 14, 1322, 5),
(8010, 10, 1325, 5),
(8011, 13, 1325, 5),
(8012, 0, 1326, 0),
(8013, 13, 1327, 1),
(8014, 12, 1329, 4),
(8015, 8, 1331, 3),
(8016, 13, 1330, 2),
(8017, 13, 1332, 5),
(8018, 9, 1335, 3),
(8019, 12, 1335, 4),
(8020, 11, 1333, 3),
(8021, 12, 1333, 4),
(8022, 13, 1333, 3),
(8023, 11, 1336, 4),
(8024, 12, 1336, 4),
(8025, 13, 1336, 1),
(8026, 14, 1336, 4),
(8027, 13, 1338, 4),
(8028, 8, 1334, 4),
(8029, 12, 1334, 3),
(8030, 6, 1328, 3),
(8031, 7, 1328, 3),
(8032, 8, 1328, 4),
(8033, 9, 1328, 3),
(8034, 10, 1328, 4),
(8035, 11, 1328, 3),
(8036, 12, 1328, 4),
(8037, 13, 1328, 3),
(8038, 14, 1328, 3),
(8039, 12, 1339, 4),
(8040, 7, 1340, 2),
(8041, 8, 1340, 4),
(8042, 9, 1340, 4),
(8043, 10, 1340, 4),
(8044, 11, 1340, 4),
(8045, 12, 1340, 4),
(8046, 13, 1340, 3),
(8047, 14, 1340, 4),
(8048, 8, 1345, 4),
(8049, 11, 1345, 4),
(8050, 11, 1344, 4),
(8051, 12, 1344, 4),
(8052, 7, 1341, 4),
(8053, 8, 1341, 4),
(8054, 9, 1341, 4),
(8055, 10, 1341, 4),
(8056, 6, 1346, 4),
(8057, 7, 1346, 5),
(8058, 8, 1346, 4),
(8059, 9, 1346, 5),
(8060, 10, 1346, 5),
(8061, 11, 1346, 5),
(8062, 12, 1346, 5),
(8063, 13, 1346, 3),
(8064, 14, 1346, 5),
(8065, 7, 1348, 4),
(8066, 10, 1348, 4),
(8067, 11, 1348, 4),
(8068, 12, 1348, 4),
(8069, 14, 1348, 5),
(8070, 13, 1350, 4),
(8071, 13, 1351, 1),
(8072, 6, 1352, 4),
(8073, 13, 1354, 1),
(8074, 13, 1355, 4),
(8075, 7, 1353, 5),
(8076, 11, 1353, 4),
(8077, 12, 1353, 5),
(8078, 13, 1353, 4),
(8079, 6, 1357, 4),
(8080, 7, 1357, 4),
(8081, 6, 1356, 5),
(8082, 7, 1356, 4),
(8083, 10, 1356, 4),
(8084, 13, 1356, 2),
(8085, 6, 1360, 4),
(8086, 7, 1360, 4),
(8087, 13, 1358, 2),
(8088, 14, 1358, 3),
(8089, 12, 1349, 4),
(8090, 0, 1361, 0),
(8091, 13, 1362, 2),
(8092, 6, 1364, 5),
(8093, 8, 1365, 4),
(8094, 6, 1366, 4),
(8095, 13, 1366, 2),
(8096, 1, 1372, 3),
(8097, 2, 1372, 4),
(8098, 3, 1372, 3),
(8099, 4, 1372, 4),
(8100, 29, 1372, 2),
(8101, 30, 1372, 1),
(8102, 5, 1372, 3),
(8103, 1, 1373, 3),
(8104, 2, 1373, 4),
(8105, 3, 1373, 3),
(8106, 4, 1373, 4),
(8107, 29, 1373, 2),
(8108, 30, 1373, 3),
(8109, 5, 1373, 3),
(8110, 1, 1374, 5),
(8111, 2, 1374, 4),
(8112, 3, 1374, 4),
(8113, 4, 1374, 4),
(8114, 29, 1374, 5),
(8115, 30, 1374, 5),
(8116, 5, 1374, 5),
(8117, 1, 1370, 3),
(8118, 2, 1370, 3),
(8119, 3, 1370, 3),
(8120, 4, 1370, 4),
(8121, 29, 1370, 2),
(8122, 30, 1370, 2),
(8123, 5, 1370, 3),
(8124, 1, 1369, 4),
(8125, 2, 1369, 5),
(8126, 3, 1369, 4),
(8127, 4, 1369, 4),
(8128, 29, 1369, 4),
(8129, 30, 1369, 5),
(8130, 5, 1369, 5),
(8131, 1, 1376, 6),
(8132, 2, 1376, 6),
(8133, 3, 1376, 6),
(8134, 4, 1376, 6),
(8135, 29, 1376, 6),
(8136, 30, 1376, 5),
(8137, 5, 1376, 6),
(8138, 1, 1379, 2),
(8139, 2, 1379, 3),
(8140, 3, 1379, 2),
(8141, 4, 1379, 4),
(8142, 29, 1379, 1),
(8143, 30, 1379, 1),
(8144, 5, 1379, 2),
(8145, 1, 1378, 4),
(8146, 2, 1378, 4),
(8147, 3, 1378, 5),
(8148, 4, 1378, 5),
(8149, 29, 1378, 4),
(8150, 30, 1378, 4),
(8151, 5, 1378, 5),
(8152, 1, 1380, 3),
(8153, 2, 1380, 3),
(8154, 3, 1380, 3),
(8155, 4, 1380, 4),
(8156, 29, 1380, 2),
(8157, 30, 1380, 4),
(8158, 5, 1380, 3),
(8159, 1, 1371, 3),
(8160, 2, 1371, 4),
(8161, 3, 1371, 3),
(8162, 4, 1371, 3),
(8163, 29, 1371, 3),
(8164, 30, 1371, 3),
(8165, 5, 1371, 3),
(8166, 1, 1375, 3),
(8167, 2, 1375, 4),
(8168, 3, 1375, 4),
(8169, 4, 1375, 3),
(8170, 29, 1375, 4),
(8171, 30, 1375, 3),
(8172, 5, 1375, 3),
(8173, 1, 1381, 3),
(8174, 2, 1381, 4),
(8175, 3, 1381, 2),
(8176, 4, 1381, 4),
(8177, 29, 1381, 2),
(8178, 30, 1381, 3),
(8179, 5, 1381, 4),
(8180, 1, 1386, 4),
(8181, 2, 1386, 4),
(8182, 3, 1386, 4),
(8183, 4, 1386, 4),
(8184, 29, 1386, 4),
(8185, 30, 1386, 4),
(8186, 5, 1386, 4),
(8187, 1, 1384, 3),
(8188, 2, 1384, 3),
(8189, 3, 1384, 3),
(8190, 4, 1384, 3),
(8191, 29, 1384, 3),
(8192, 30, 1384, 4),
(8193, 5, 1384, 3),
(8194, 1, 1377, 2),
(8195, 2, 1377, 2),
(8196, 3, 1377, 3),
(8197, 4, 1377, 4),
(8198, 29, 1377, 2),
(8199, 30, 1377, 3),
(8200, 5, 1377, 2),
(8201, 1, 1391, 4),
(8202, 2, 1391, 3),
(8203, 3, 1391, 4),
(8204, 4, 1391, 3),
(8205, 29, 1391, 3),
(8206, 30, 1391, 3),
(8207, 5, 1391, 4),
(8208, 1, 1392, 4),
(8209, 2, 1392, 4),
(8210, 3, 1392, 4),
(8211, 4, 1392, 3),
(8212, 29, 1392, 4),
(8213, 30, 1392, 4),
(8214, 5, 1392, 4),
(8215, 1, 1385, 5),
(8216, 2, 1385, 5),
(8217, 3, 1385, 5),
(8218, 4, 1385, 5),
(8219, 29, 1385, 4),
(8220, 30, 1385, 5),
(8221, 5, 1385, 5),
(8222, 1, 1389, 5),
(8223, 2, 1389, 4),
(8224, 3, 1389, 4),
(8225, 4, 1389, 4),
(8226, 29, 1389, 4),
(8227, 30, 1389, 5),
(8228, 5, 1389, 5),
(8229, 1, 1395, 3),
(8230, 2, 1395, 3),
(8231, 3, 1395, 3),
(8232, 4, 1395, 3),
(8233, 29, 1395, 3),
(8234, 30, 1395, 3),
(8235, 5, 1395, 3),
(8236, 1, 1393, 3),
(8237, 2, 1393, 4),
(8238, 3, 1393, 4),
(8239, 4, 1393, 3),
(8240, 29, 1393, 3),
(8241, 30, 1393, 3),
(8242, 5, 1393, 3),
(8243, 1, 1396, 2),
(8244, 2, 1396, 2),
(8245, 3, 1396, 2),
(8246, 4, 1396, 3),
(8247, 29, 1396, 1),
(8248, 30, 1396, 1),
(8249, 5, 1396, 1),
(8250, 1, 1399, 1),
(8251, 2, 1399, 1),
(8252, 3, 1399, 1),
(8253, 4, 1399, 1),
(8254, 29, 1399, 1),
(8255, 30, 1399, 1),
(8256, 5, 1399, 1),
(8257, 1, 1394, 4),
(8258, 2, 1394, 3),
(8259, 3, 1394, 3),
(8260, 4, 1394, 5),
(8261, 29, 1394, 4),
(8262, 30, 1394, 2),
(8263, 5, 1394, 3),
(8264, 1, 1403, 4),
(8265, 2, 1403, 4),
(8266, 3, 1403, 4),
(8267, 4, 1403, 4),
(8268, 29, 1403, 4),
(8269, 30, 1403, 5),
(8270, 5, 1403, 4),
(8271, 1, 1390, 3),
(8272, 2, 1390, 4),
(8273, 3, 1390, 3),
(8274, 4, 1390, 4),
(8275, 29, 1390, 2),
(8276, 30, 1390, 3),
(8277, 5, 1390, 3),
(8278, 1, 1397, 5),
(8279, 2, 1397, 5),
(8280, 3, 1397, 4),
(8281, 4, 1397, 5),
(8282, 29, 1397, 5),
(8283, 30, 1397, 4),
(8284, 5, 1397, 5),
(8285, 1, 1402, 1),
(8286, 2, 1402, 2),
(8287, 3, 1402, 2),
(8288, 4, 1402, 3),
(8289, 29, 1402, 2),
(8290, 30, 1402, 3),
(8291, 5, 1402, 2),
(8292, 1, 1387, 2),
(8293, 2, 1387, 3),
(8294, 3, 1387, 3),
(8295, 4, 1387, 4),
(8296, 29, 1387, 2),
(8297, 30, 1387, 4),
(8298, 5, 1387, 2),
(8299, 1, 1404, 3),
(8300, 2, 1404, 4),
(8301, 3, 1404, 4),
(8302, 4, 1404, 3),
(8303, 29, 1404, 2),
(8304, 30, 1404, 4),
(8305, 5, 1404, 3),
(8306, 1, 1414, 1),
(8307, 2, 1414, 1),
(8308, 3, 1414, 1),
(8309, 4, 1414, 1),
(8310, 29, 1414, 1),
(8311, 30, 1414, 1),
(8312, 5, 1414, 1),
(8313, 1, 1407, 4),
(8314, 2, 1407, 4),
(8315, 3, 1407, 3),
(8316, 4, 1407, 4),
(8317, 29, 1407, 4),
(8318, 30, 1407, 4),
(8319, 5, 1407, 4),
(8320, 1, 1408, 4),
(8321, 2, 1408, 4),
(8322, 3, 1408, 4),
(8323, 4, 1408, 4),
(8324, 29, 1408, 4),
(8325, 30, 1408, 4),
(8326, 5, 1408, 4),
(8327, 1, 1398, 4),
(8328, 2, 1398, 4),
(8329, 3, 1398, 4),
(8330, 4, 1398, 4),
(8331, 29, 1398, 4),
(8332, 30, 1398, 4),
(8333, 5, 1398, 4),
(8334, 1, 1405, 4),
(8335, 2, 1405, 4),
(8336, 3, 1405, 3),
(8337, 4, 1405, 4),
(8338, 29, 1405, 3),
(8339, 30, 1405, 4),
(8340, 5, 1405, 3),
(8341, 1, 1416, 3),
(8342, 2, 1416, 4),
(8343, 3, 1416, 4),
(8344, 4, 1416, 4),
(8345, 29, 1416, 3),
(8346, 30, 1416, 1),
(8347, 5, 1416, 4),
(8348, 1, 1411, 4),
(8349, 2, 1411, 5),
(8350, 3, 1411, 5),
(8351, 4, 1411, 5),
(8352, 29, 1411, 4),
(8353, 30, 1411, 4),
(8354, 5, 1411, 5),
(8355, 1, 1423, 1),
(8356, 2, 1423, 1),
(8357, 3, 1423, 1),
(8358, 4, 1423, 1),
(8359, 29, 1423, 1),
(8360, 30, 1423, 1),
(8361, 5, 1423, 1),
(8362, 1, 1417, 4),
(8363, 2, 1417, 3),
(8364, 3, 1417, 2),
(8365, 4, 1417, 3),
(8366, 29, 1417, 3),
(8367, 30, 1417, 2),
(8368, 5, 1417, 3),
(8369, 1, 1413, 2),
(8370, 2, 1413, 2),
(8371, 3, 1413, 3),
(8372, 4, 1413, 3),
(8373, 29, 1413, 2),
(8374, 30, 1413, 2),
(8375, 5, 1413, 2),
(8376, 1, 1422, 4),
(8377, 2, 1422, 4),
(8378, 3, 1422, 5),
(8379, 4, 1422, 3),
(8380, 29, 1422, 3),
(8381, 30, 1422, 4),
(8382, 5, 1422, 4),
(8383, 1, 1427, 1),
(8384, 2, 1427, 1),
(8385, 3, 1427, 1),
(8386, 4, 1427, 1),
(8387, 29, 1427, 1),
(8388, 30, 1427, 1),
(8389, 5, 1427, 1),
(8390, 1, 1418, 3),
(8391, 2, 1418, 4),
(8392, 3, 1418, 4),
(8393, 4, 1418, 3),
(8394, 29, 1418, 4),
(8395, 30, 1418, 3),
(8396, 5, 1418, 3),
(8397, 1, 1410, 2),
(8398, 2, 1410, 4),
(8399, 3, 1410, 4),
(8400, 4, 1410, 5),
(8401, 29, 1410, 2),
(8402, 30, 1410, 3),
(8403, 5, 1410, 4),
(8404, 1, 1415, 3),
(8405, 2, 1415, 2),
(8406, 3, 1415, 2),
(8407, 4, 1415, 3),
(8408, 29, 1415, 2),
(8409, 30, 1415, 2),
(8410, 5, 1415, 2),
(8411, 1, 1421, 6),
(8412, 2, 1421, 4),
(8413, 3, 1421, 5),
(8414, 4, 1421, 3),
(8415, 29, 1421, 5),
(8416, 30, 1421, 4),
(8417, 5, 1421, 4),
(8418, 1, 1428, 5),
(8419, 2, 1428, 5),
(8420, 3, 1428, 3),
(8421, 4, 1428, 4),
(8422, 29, 1428, 5),
(8423, 30, 1428, 5),
(8424, 5, 1428, 5),
(8425, 1, 1420, 4),
(8426, 1, 1434, 1),
(8427, 2, 1420, 4),
(8428, 3, 1420, 4),
(8429, 2, 1434, 1),
(8430, 4, 1420, 4),
(8431, 29, 1420, 4),
(8432, 3, 1434, 1),
(8433, 30, 1420, 4),
(8434, 5, 1420, 3),
(8435, 4, 1434, 1),
(8436, 29, 1434, 1),
(8437, 30, 1434, 1),
(8438, 5, 1434, 1),
(8439, 1, 1424, 1),
(8440, 2, 1424, 2),
(8441, 3, 1424, 1),
(8442, 4, 1424, 2),
(8443, 29, 1424, 2),
(8444, 30, 1424, 1),
(8445, 5, 1424, 1),
(8446, 1, 1425, 4),
(8447, 2, 1425, 4),
(8448, 3, 1425, 5),
(8449, 4, 1425, 4),
(8450, 29, 1425, 3),
(8451, 30, 1425, 4),
(8452, 5, 1425, 4),
(8453, 1, 1419, 4),
(8454, 2, 1419, 4),
(8455, 3, 1419, 4),
(8456, 4, 1419, 4),
(8457, 29, 1419, 3),
(8458, 30, 1419, 4),
(8459, 5, 1419, 4),
(8460, 1, 1430, 4),
(8461, 2, 1430, 5),
(8462, 3, 1430, 4),
(8463, 4, 1430, 4),
(8464, 29, 1430, 4),
(8465, 30, 1430, 5),
(8466, 5, 1430, 5),
(8467, 1, 1432, 1),
(8468, 2, 1432, 1),
(8469, 3, 1432, 1),
(8470, 4, 1432, 1),
(8471, 29, 1432, 1),
(8472, 30, 1432, 1),
(8473, 5, 1432, 1),
(8474, 1, 1426, 3),
(8475, 2, 1426, 2),
(8476, 3, 1426, 2),
(8477, 4, 1426, 3),
(8478, 29, 1426, 2),
(8479, 30, 1426, 2),
(8480, 5, 1426, 2),
(8481, 1, 1435, 5),
(8482, 2, 1435, 5),
(8483, 3, 1435, 5),
(8484, 4, 1435, 4),
(8485, 29, 1435, 5),
(8486, 30, 1435, 5),
(8487, 5, 1435, 5),
(8488, 1, 1433, 5),
(8489, 2, 1433, 4),
(8490, 3, 1433, 5),
(8491, 4, 1433, 4),
(8492, 29, 1433, 5),
(8493, 30, 1433, 4),
(8494, 5, 1433, 5),
(8495, 1, 1441, 1),
(8496, 2, 1441, 1),
(8497, 3, 1441, 1),
(8498, 4, 1441, 1),
(8499, 29, 1441, 1),
(8500, 30, 1441, 1),
(8501, 5, 1441, 1),
(8502, 1, 1436, 5),
(8503, 2, 1436, 5),
(8504, 3, 1436, 5),
(8505, 4, 1436, 5),
(8506, 29, 1436, 5),
(8507, 30, 1436, 5),
(8508, 5, 1436, 5),
(8509, 1, 1431, 3),
(8510, 2, 1431, 4),
(8511, 3, 1431, 2),
(8512, 4, 1431, 4),
(8513, 29, 1431, 2),
(8514, 30, 1431, 2),
(8515, 5, 1431, 3),
(8516, 1, 1440, 2),
(8517, 2, 1440, 1),
(8518, 3, 1440, 1),
(8519, 4, 1440, 1),
(8520, 29, 1440, 1),
(8521, 30, 1440, 1),
(8522, 5, 1440, 1),
(8523, 1, 1437, 5),
(8524, 2, 1437, 5),
(8525, 3, 1437, 5),
(8526, 4, 1437, 5),
(8527, 29, 1437, 5),
(8528, 30, 1437, 4),
(8529, 5, 1437, 6),
(8530, 1, 1442, 3),
(8531, 2, 1442, 3),
(8532, 3, 1442, 1),
(8533, 4, 1442, 4),
(8534, 29, 1442, 2),
(8535, 30, 1442, 1),
(8536, 5, 1442, 2),
(8537, 1, 1447, 1),
(8538, 2, 1447, 1),
(8539, 3, 1447, 1),
(8540, 4, 1447, 1),
(8541, 29, 1447, 1),
(8542, 30, 1447, 1),
(8543, 5, 1447, 1),
(8544, 1, 1443, 4),
(8545, 2, 1443, 5),
(8546, 3, 1443, 3),
(8547, 4, 1443, 3),
(8548, 29, 1443, 4),
(8549, 30, 1443, 1),
(8550, 5, 1443, 4),
(8551, 1, 1429, 3),
(8552, 2, 1429, 3),
(8553, 3, 1429, 4),
(8554, 4, 1429, 4),
(8555, 29, 1429, 3),
(8556, 30, 1429, 3),
(8557, 5, 1429, 3),
(8558, 1, 1448, 3),
(8559, 2, 1448, 4),
(8560, 3, 1448, 3),
(8561, 4, 1448, 3),
(8562, 29, 1448, 3),
(8563, 30, 1448, 3),
(8564, 5, 1448, 3),
(8565, 1, 1452, 5),
(8566, 2, 1452, 5),
(8567, 3, 1452, 6),
(8568, 4, 1452, 4),
(8569, 29, 1452, 5),
(8570, 30, 1452, 4),
(8571, 5, 1452, 5),
(8572, 1, 1445, 1),
(8573, 2, 1445, 1),
(8574, 3, 1445, 1),
(8575, 4, 1445, 1),
(8576, 29, 1445, 1),
(8577, 30, 1445, 1),
(8578, 5, 1445, 1),
(8579, 1, 1444, 4),
(8580, 2, 1444, 4),
(8581, 3, 1444, 2),
(8582, 4, 1444, 4),
(8583, 29, 1444, 4),
(8584, 30, 1444, 4),
(8585, 5, 1444, 4),
(8586, 1, 1439, 3),
(8587, 2, 1439, 3),
(8588, 3, 1439, 3),
(8589, 4, 1439, 3),
(8590, 29, 1439, 3),
(8591, 30, 1439, 3),
(8592, 5, 1439, 3),
(8593, 1, 1438, 5),
(8594, 2, 1438, 5),
(8595, 3, 1438, 6),
(8596, 4, 1438, 5),
(8597, 29, 1438, 4),
(8598, 30, 1438, 5),
(8599, 5, 1438, 5),
(8600, 1, 1455, 2),
(8601, 2, 1455, 4),
(8602, 3, 1455, 4),
(8603, 4, 1455, 4),
(8604, 29, 1455, 2),
(8605, 30, 1455, 4),
(8606, 5, 1455, 4),
(8607, 1, 1446, 3),
(8608, 2, 1446, 3),
(8609, 3, 1446, 3),
(8610, 4, 1446, 3),
(8611, 29, 1446, 3),
(8612, 30, 1446, 3),
(8613, 5, 1446, 3),
(8614, 1, 1450, 4),
(8615, 2, 1450, 5),
(8616, 3, 1450, 2),
(8617, 4, 1450, 4),
(8618, 29, 1450, 2),
(8619, 30, 1450, 4),
(8620, 5, 1450, 4),
(8621, 1, 1457, 5),
(8622, 2, 1457, 5),
(8623, 3, 1457, 5),
(8624, 4, 1457, 4),
(8625, 29, 1457, 6),
(8626, 30, 1457, 4),
(8627, 5, 1457, 5),
(8628, 1, 1456, 4),
(8629, 2, 1456, 4),
(8630, 3, 1456, 3),
(8631, 4, 1456, 5),
(8632, 29, 1456, 2),
(8633, 30, 1456, 3),
(8634, 5, 1456, 3),
(8635, 1, 1464, 1),
(8636, 2, 1464, 1),
(8637, 3, 1464, 1),
(8638, 4, 1464, 1),
(8639, 29, 1464, 2),
(8640, 30, 1464, 1),
(8641, 5, 1464, 1),
(8642, 1, 1458, 2),
(8643, 2, 1458, 4),
(8644, 3, 1458, 3),
(8645, 4, 1458, 4),
(8646, 29, 1458, 3),
(8647, 30, 1458, 2),
(8648, 5, 1458, 3),
(8649, 1, 1465, 1),
(8650, 2, 1465, 1),
(8651, 3, 1465, 1),
(8652, 4, 1465, 1),
(8653, 29, 1465, 1),
(8654, 30, 1465, 1),
(8655, 5, 1465, 1),
(8656, 1, 1449, 5),
(8657, 2, 1449, 5),
(8658, 3, 1449, 5),
(8659, 4, 1449, 5),
(8660, 29, 1449, 5),
(8661, 30, 1449, 5),
(8662, 5, 1449, 6),
(8663, 1, 1454, 4),
(8664, 2, 1454, 3),
(8665, 3, 1454, 3),
(8666, 4, 1454, 4),
(8667, 29, 1454, 4),
(8668, 30, 1454, 4),
(8669, 5, 1454, 3),
(8670, 1, 1463, 3),
(8671, 2, 1463, 2),
(8672, 3, 1463, 3),
(8673, 4, 1463, 4),
(8674, 29, 1463, 3),
(8675, 30, 1463, 4),
(8676, 5, 1463, 3),
(8677, 1, 1469, 3),
(8678, 2, 1469, 2),
(8679, 3, 1469, 3),
(8680, 4, 1469, 4),
(8681, 29, 1469, 2),
(8682, 30, 1469, 2),
(8683, 5, 1469, 2),
(8684, 1, 1470, 1),
(8685, 2, 1470, 4),
(8686, 3, 1470, 4),
(8687, 4, 1470, 3),
(8688, 29, 1470, 1),
(8689, 30, 1470, 3),
(8690, 5, 1470, 2),
(8691, 1, 1467, 1),
(8692, 2, 1467, 1),
(8693, 3, 1467, 1),
(8694, 4, 1467, 1),
(8695, 29, 1467, 1),
(8696, 30, 1467, 1),
(8697, 5, 1467, 1),
(8698, 1, 1462, 3),
(8699, 2, 1462, 4),
(8700, 3, 1462, 3),
(8701, 4, 1462, 3),
(8702, 29, 1462, 3),
(8703, 30, 1462, 3),
(8704, 5, 1462, 3),
(8705, 1, 1473, 1),
(8706, 2, 1473, 1),
(8707, 3, 1473, 1),
(8708, 4, 1473, 1),
(8709, 29, 1473, 1),
(8710, 30, 1473, 1),
(8711, 5, 1473, 1),
(8712, 1, 1466, 3),
(8713, 2, 1466, 5),
(8714, 3, 1466, 3),
(8715, 4, 1466, 4),
(8716, 29, 1466, 2),
(8717, 30, 1466, 4),
(8718, 5, 1466, 3),
(8719, 1, 1453, 3),
(8720, 2, 1453, 4),
(8721, 3, 1453, 4),
(8722, 4, 1453, 4),
(8723, 29, 1453, 3),
(8724, 30, 1453, 2),
(8725, 5, 1453, 4),
(8726, 1, 1475, 3),
(8727, 2, 1475, 3),
(8728, 3, 1475, 2),
(8729, 4, 1475, 4),
(8730, 29, 1475, 2),
(8731, 30, 1475, 3),
(8732, 5, 1475, 2),
(8733, 1, 1468, 4),
(8734, 2, 1468, 4),
(8735, 3, 1468, 4),
(8736, 4, 1468, 5),
(8737, 29, 1468, 3),
(8738, 30, 1468, 3),
(8739, 5, 1468, 4),
(8740, 1, 1471, 4),
(8741, 2, 1471, 4),
(8742, 3, 1471, 4),
(8743, 4, 1471, 4),
(8744, 29, 1471, 4),
(8745, 30, 1471, 4),
(8746, 5, 1471, 4),
(8747, 1, 1472, 4),
(8748, 2, 1472, 4),
(8749, 3, 1472, 4),
(8750, 4, 1472, 4),
(8751, 29, 1472, 4),
(8752, 30, 1472, 4),
(8753, 5, 1472, 5),
(8754, 1, 1451, 5),
(8755, 2, 1451, 4),
(8756, 3, 1451, 4),
(8757, 4, 1451, 5),
(8758, 29, 1451, 3),
(8759, 30, 1451, 3),
(8760, 5, 1451, 4),
(8761, 1, 1486, 1),
(8762, 2, 1486, 1),
(8763, 3, 1486, 1),
(8764, 4, 1486, 1),
(8765, 29, 1486, 1),
(8766, 30, 1486, 1),
(8767, 5, 1486, 1),
(8768, 1, 1489, 1),
(8769, 2, 1489, 1),
(8770, 3, 1489, 1),
(8771, 4, 1489, 1),
(8772, 29, 1489, 1),
(8773, 30, 1489, 1),
(8774, 5, 1489, 1),
(8775, 1, 1490, 1),
(8776, 2, 1490, 1),
(8777, 3, 1490, 1),
(8778, 4, 1490, 1),
(8779, 29, 1490, 1),
(8780, 30, 1490, 1),
(8781, 5, 1490, 1),
(8782, 1, 1477, 4),
(8783, 2, 1477, 4),
(8784, 3, 1477, 4),
(8785, 4, 1477, 4),
(8786, 29, 1477, 4),
(8787, 30, 1477, 3),
(8788, 5, 1477, 4),
(8789, 1, 1491, 1),
(8790, 2, 1491, 1),
(8791, 3, 1491, 1),
(8792, 4, 1491, 1),
(8793, 29, 1491, 1),
(8794, 30, 1491, 1),
(8795, 5, 1491, 1),
(8796, 1, 1479, 5),
(8797, 2, 1479, 5),
(8798, 3, 1479, 6),
(8799, 4, 1479, 4),
(8800, 29, 1479, 5),
(8801, 30, 1479, 4),
(8802, 5, 1479, 5),
(8803, 1, 1474, 2),
(8804, 2, 1474, 3),
(8805, 3, 1474, 4),
(8806, 4, 1474, 3),
(8807, 29, 1474, 2),
(8808, 30, 1474, 3),
(8809, 5, 1474, 3),
(8810, 1, 1476, 4);
INSERT INTO `sessionscoring` (`SessionScoringID`, `CompetencyID`, `PortfolioRatingID`, `Score`) VALUES
(8811, 2, 1476, 4),
(8812, 3, 1476, 5),
(8813, 4, 1476, 4),
(8814, 29, 1476, 4),
(8815, 30, 1476, 4),
(8816, 5, 1476, 4),
(8817, 1, 1480, 3),
(8818, 2, 1480, 2),
(8819, 3, 1480, 3),
(8820, 4, 1480, 4),
(8821, 29, 1480, 3),
(8822, 30, 1480, 2),
(8823, 5, 1480, 2),
(8824, 1, 1492, 2),
(8825, 2, 1492, 2),
(8826, 3, 1492, 2),
(8827, 4, 1492, 2),
(8828, 29, 1492, 2),
(8829, 30, 1492, 1),
(8830, 5, 1492, 2),
(8831, 1, 1499, 2),
(8832, 2, 1499, 1),
(8833, 3, 1499, 1),
(8834, 4, 1499, 1),
(8835, 29, 1499, 1),
(8836, 30, 1499, 1),
(8837, 5, 1499, 1),
(8838, 1, 1497, 5),
(8839, 2, 1497, 4),
(8840, 3, 1497, 5),
(8841, 4, 1497, 3),
(8842, 29, 1497, 5),
(8843, 30, 1497, 4),
(8844, 5, 1497, 5),
(8845, 1, 1502, 4),
(8846, 2, 1502, 4),
(8847, 3, 1502, 4),
(8848, 4, 1502, 3),
(8849, 29, 1502, 4),
(8850, 30, 1502, 4),
(8851, 5, 1502, 4),
(8852, 1, 1494, 4),
(8853, 2, 1494, 4),
(8854, 3, 1494, 3),
(8855, 4, 1494, 4),
(8856, 29, 1494, 3),
(8857, 30, 1494, 2),
(8858, 5, 1494, 3),
(8859, 1, 1503, 4),
(8860, 2, 1503, 4),
(8861, 3, 1503, 4),
(8862, 4, 1503, 4),
(8863, 29, 1503, 3),
(8864, 30, 1503, 4),
(8865, 5, 1503, 4),
(8866, 1, 1498, 4),
(8867, 2, 1498, 4),
(8868, 3, 1498, 3),
(8869, 4, 1498, 4),
(8870, 29, 1498, 4),
(8871, 30, 1498, 4),
(8872, 5, 1498, 4),
(8873, 1, 1495, 4),
(8874, 2, 1495, 4),
(8875, 3, 1495, 4),
(8876, 4, 1495, 4),
(8877, 29, 1495, 4),
(8878, 30, 1495, 4),
(8879, 5, 1495, 4),
(8880, 1, 1496, 4),
(8881, 2, 1496, 4),
(8882, 3, 1496, 3),
(8883, 4, 1496, 4),
(8884, 29, 1496, 4),
(8885, 30, 1496, 3),
(8886, 5, 1496, 4),
(8887, 1, 1500, 4),
(8888, 2, 1500, 5),
(8889, 3, 1500, 4),
(8890, 4, 1500, 5),
(8891, 29, 1500, 4),
(8892, 30, 1500, 5),
(8893, 5, 1500, 5),
(8894, 1, 1505, 4),
(8895, 2, 1505, 3),
(8896, 3, 1505, 2),
(8897, 4, 1505, 2),
(8898, 29, 1505, 4),
(8899, 30, 1505, 3),
(8900, 5, 1505, 2),
(8901, 1, 1501, 3),
(8902, 2, 1501, 3),
(8903, 3, 1501, 4),
(8904, 4, 1501, 3),
(8905, 29, 1501, 4),
(8906, 30, 1501, 3),
(8907, 5, 1501, 3),
(8908, 1, 1513, 1),
(8909, 2, 1513, 1),
(8910, 3, 1513, 1),
(8911, 4, 1513, 1),
(8912, 29, 1513, 1),
(8913, 30, 1513, 1),
(8914, 5, 1513, 1),
(8915, 1, 1511, 6),
(8916, 2, 1511, 6),
(8917, 3, 1511, 6),
(8918, 4, 1511, 6),
(8919, 29, 1511, 6),
(8920, 30, 1511, 6),
(8921, 5, 1511, 6),
(8922, 1, 1504, 5),
(8923, 2, 1504, 5),
(8924, 3, 1504, 3),
(8925, 4, 1504, 5),
(8926, 29, 1504, 4),
(8927, 30, 1504, 5),
(8928, 5, 1504, 5),
(8929, 1, 1506, 3),
(8930, 2, 1506, 4),
(8931, 3, 1506, 4),
(8932, 4, 1506, 4),
(8933, 29, 1506, 4),
(8934, 30, 1506, 4),
(8935, 5, 1506, 4),
(8936, 1, 1515, 4),
(8937, 2, 1515, 4),
(8938, 3, 1515, 4),
(8939, 4, 1515, 4),
(8940, 29, 1515, 4),
(8941, 30, 1515, 3),
(8942, 5, 1515, 4),
(8943, 1, 1514, 3),
(8944, 2, 1514, 3),
(8945, 3, 1514, 3),
(8946, 4, 1514, 4),
(8947, 29, 1514, 2),
(8948, 30, 1514, 3),
(8949, 5, 1514, 3),
(8950, 1, 1516, 1),
(8951, 2, 1516, 1),
(8952, 3, 1516, 1),
(8953, 4, 1516, 1),
(8954, 29, 1516, 1),
(8955, 30, 1516, 1),
(8956, 5, 1516, 1),
(8957, 1, 1520, 1),
(8958, 2, 1520, 1),
(8959, 3, 1520, 1),
(8960, 4, 1520, 1),
(8961, 29, 1520, 1),
(8962, 30, 1520, 1),
(8963, 5, 1520, 1),
(8964, 1, 1512, 4),
(8965, 2, 1512, 4),
(8966, 3, 1512, 4),
(8967, 4, 1512, 3),
(8968, 29, 1512, 3),
(8969, 30, 1512, 4),
(8970, 5, 1512, 4),
(8971, 1, 1507, 3),
(8972, 2, 1507, 3),
(8973, 3, 1507, 3),
(8974, 4, 1507, 3),
(8975, 29, 1507, 3),
(8976, 30, 1507, 2),
(8977, 5, 1507, 3),
(8978, 1, 1509, 5),
(8979, 2, 1509, 5),
(8980, 3, 1509, 5),
(8981, 4, 1509, 5),
(8982, 29, 1509, 5),
(8983, 30, 1509, 4),
(8984, 5, 1509, 6),
(8985, 1, 1519, 3),
(8986, 2, 1519, 4),
(8987, 3, 1519, 3),
(8988, 4, 1519, 4),
(8989, 29, 1519, 3),
(8990, 30, 1519, 3),
(8991, 5, 1519, 3),
(8992, 1, 1508, 5),
(8993, 2, 1508, 4),
(8994, 3, 1508, 5),
(8995, 4, 1508, 5),
(8996, 29, 1508, 3),
(8997, 30, 1508, 4),
(8998, 5, 1508, 4),
(8999, 1, 1518, 4),
(9000, 2, 1518, 4),
(9001, 3, 1518, 4),
(9002, 4, 1518, 4),
(9003, 29, 1518, 4),
(9004, 30, 1518, 4),
(9005, 5, 1518, 4),
(9006, 1, 1523, 3),
(9007, 2, 1523, 3),
(9008, 3, 1523, 2),
(9009, 4, 1523, 4),
(9010, 29, 1523, 3),
(9011, 30, 1523, 1),
(9012, 5, 1523, 2),
(9013, 1, 1524, 6),
(9014, 2, 1524, 5),
(9015, 3, 1524, 6),
(9016, 4, 1524, 4),
(9017, 29, 1524, 6),
(9018, 30, 1524, 4),
(9019, 5, 1524, 5),
(9020, 1, 1517, 3),
(9021, 2, 1517, 3),
(9022, 3, 1517, 4),
(9023, 4, 1517, 3),
(9024, 29, 1517, 2),
(9025, 30, 1517, 2),
(9026, 5, 1517, 3),
(9027, 1, 1510, 1),
(9028, 2, 1510, 3),
(9029, 3, 1510, 1),
(9030, 4, 1510, 4),
(9031, 29, 1510, 1),
(9032, 30, 1510, 2),
(9033, 5, 1510, 1),
(9034, 1, 1529, 4),
(9035, 2, 1529, 4),
(9036, 3, 1529, 3),
(9037, 4, 1529, 4),
(9038, 29, 1529, 3),
(9039, 30, 1529, 4),
(9040, 5, 1529, 4),
(9041, 1, 1526, 4),
(9042, 2, 1526, 3),
(9043, 3, 1526, 3),
(9044, 4, 1526, 3),
(9045, 29, 1526, 4),
(9046, 30, 1526, 4),
(9047, 5, 1526, 3),
(9048, 1, 1527, 4),
(9049, 2, 1527, 4),
(9050, 3, 1527, 4),
(9051, 4, 1527, 4),
(9052, 29, 1527, 4),
(9053, 30, 1527, 4),
(9054, 5, 1527, 4),
(9055, 1, 1528, 4),
(9056, 2, 1528, 4),
(9057, 3, 1528, 5),
(9058, 4, 1528, 5),
(9059, 29, 1528, 4),
(9060, 30, 1528, 5),
(9061, 5, 1528, 4),
(9062, 1, 1532, 4),
(9063, 2, 1532, 4),
(9064, 3, 1532, 3),
(9065, 4, 1532, 4),
(9066, 29, 1532, 4),
(9067, 30, 1532, 3),
(9068, 5, 1532, 3),
(9069, 1, 1538, 1),
(9070, 2, 1538, 1),
(9071, 3, 1538, 1),
(9072, 4, 1538, 1),
(9073, 29, 1538, 1),
(9074, 30, 1538, 1),
(9075, 5, 1538, 1),
(9076, 1, 1534, 4),
(9077, 2, 1534, 4),
(9078, 3, 1534, 4),
(9079, 4, 1534, 4),
(9080, 29, 1534, 4),
(9081, 30, 1534, 1),
(9082, 5, 1534, 4),
(9083, 1, 1537, 4),
(9084, 2, 1537, 4),
(9085, 3, 1537, 4),
(9086, 4, 1537, 4),
(9087, 29, 1537, 3),
(9088, 30, 1537, 2),
(9089, 5, 1537, 4),
(9090, 1, 1525, 3),
(9091, 2, 1525, 4),
(9092, 3, 1525, 4),
(9093, 4, 1525, 4),
(9094, 29, 1525, 3),
(9095, 30, 1525, 3),
(9096, 5, 1525, 4),
(9097, 1, 1540, 5),
(9098, 2, 1540, 4),
(9099, 3, 1540, 3),
(9100, 4, 1540, 3),
(9101, 29, 1540, 4),
(9102, 30, 1540, 3),
(9103, 5, 1540, 4),
(9104, 1, 1539, 3),
(9105, 2, 1539, 4),
(9106, 3, 1539, 3),
(9107, 4, 1539, 3),
(9108, 29, 1539, 3),
(9109, 30, 1539, 2),
(9110, 5, 1539, 3),
(9111, 1, 1541, 4),
(9112, 2, 1541, 5),
(9113, 3, 1541, 4),
(9114, 4, 1541, 4),
(9115, 29, 1541, 5),
(9116, 30, 1541, 4),
(9117, 5, 1541, 6),
(9118, 1, 1542, 4),
(9119, 2, 1542, 4),
(9120, 3, 1542, 5),
(9121, 4, 1542, 4),
(9122, 29, 1542, 4),
(9123, 30, 1542, 5),
(9124, 5, 1542, 4),
(9125, 1, 1493, 2),
(9126, 2, 1493, 3),
(9127, 3, 1493, 3),
(9128, 4, 1493, 3),
(9129, 29, 1493, 3),
(9130, 30, 1493, 3),
(9131, 5, 1493, 3),
(9132, 1, 1547, 4),
(9133, 2, 1547, 3),
(9134, 3, 1547, 3),
(9135, 4, 1547, 4),
(9136, 29, 1547, 3),
(9137, 30, 1547, 4),
(9138, 5, 1547, 4),
(9139, 1, 1531, 4),
(9140, 2, 1531, 4),
(9141, 3, 1531, 3),
(9142, 4, 1531, 4),
(9143, 29, 1531, 4),
(9144, 30, 1531, 1),
(9145, 5, 1531, 4),
(9146, 1, 1545, 4),
(9147, 2, 1545, 4),
(9148, 3, 1545, 3),
(9149, 4, 1545, 3),
(9150, 29, 1545, 4),
(9151, 30, 1545, 5),
(9152, 5, 1545, 4),
(9153, 1, 1536, 4),
(9154, 2, 1536, 4),
(9155, 3, 1536, 4),
(9156, 4, 1536, 3),
(9157, 29, 1536, 3),
(9158, 30, 1536, 4),
(9159, 5, 1536, 4),
(9160, 1, 1551, 1),
(9161, 2, 1551, 1),
(9162, 3, 1551, 1),
(9163, 4, 1551, 1),
(9164, 29, 1551, 1),
(9165, 30, 1551, 1),
(9166, 5, 1551, 1),
(9167, 1, 1544, 4),
(9168, 2, 1544, 4),
(9169, 3, 1544, 4),
(9170, 4, 1544, 5),
(9171, 29, 1544, 5),
(9172, 30, 1544, 5),
(9173, 5, 1544, 4),
(9174, 1, 1546, 4),
(9175, 2, 1546, 4),
(9176, 3, 1546, 4),
(9177, 4, 1546, 4),
(9178, 29, 1546, 4),
(9179, 30, 1546, 4),
(9180, 5, 1546, 4),
(9181, 1, 1549, 1),
(9182, 2, 1549, 1),
(9183, 3, 1549, 1),
(9184, 4, 1549, 1),
(9185, 29, 1549, 1),
(9186, 30, 1549, 1),
(9187, 5, 1549, 1),
(9188, 1, 1550, 3),
(9189, 2, 1550, 4),
(9190, 3, 1550, 6),
(9191, 4, 1550, 4),
(9192, 29, 1550, 3),
(9193, 30, 1550, 1),
(9194, 5, 1550, 4),
(9195, 1, 1557, 1),
(9196, 2, 1557, 1),
(9197, 3, 1557, 1),
(9198, 4, 1557, 1),
(9199, 29, 1557, 1),
(9200, 30, 1557, 1),
(9201, 5, 1557, 1),
(9202, 1, 1552, 3),
(9203, 2, 1552, 3),
(9204, 3, 1552, 3),
(9205, 4, 1552, 4),
(9206, 29, 1552, 3),
(9207, 30, 1552, 2),
(9208, 5, 1552, 2),
(9209, 1, 1559, 1),
(9210, 2, 1559, 1),
(9211, 3, 1559, 1),
(9212, 4, 1559, 1),
(9213, 29, 1559, 1),
(9214, 30, 1559, 1),
(9215, 5, 1559, 1),
(9216, 1, 1560, 3),
(9217, 2, 1560, 4),
(9218, 3, 1560, 3),
(9219, 4, 1560, 4),
(9220, 29, 1560, 3),
(9221, 30, 1560, 1),
(9222, 5, 1560, 3),
(9223, 1, 1548, 3),
(9224, 2, 1548, 3),
(9225, 3, 1548, 2),
(9226, 4, 1548, 2),
(9227, 29, 1548, 2),
(9228, 30, 1548, 2),
(9229, 5, 1548, 3),
(9230, 1, 1554, 4),
(9231, 2, 1554, 4),
(9232, 3, 1554, 3),
(9233, 4, 1554, 5),
(9234, 29, 1554, 4),
(9235, 30, 1554, 3),
(9236, 5, 1554, 4),
(9237, 1, 1558, 4),
(9238, 2, 1558, 4),
(9239, 3, 1558, 4),
(9240, 4, 1558, 4),
(9241, 29, 1558, 4),
(9242, 30, 1558, 4),
(9243, 5, 1558, 4),
(9244, 1, 1563, 1),
(9245, 2, 1563, 1),
(9246, 3, 1563, 1),
(9247, 4, 1563, 1),
(9248, 29, 1563, 1),
(9249, 30, 1563, 1),
(9250, 5, 1563, 1),
(9251, 1, 1564, 1),
(9252, 2, 1564, 1),
(9253, 3, 1564, 1),
(9254, 4, 1564, 1),
(9255, 29, 1564, 1),
(9256, 30, 1564, 1),
(9257, 5, 1564, 1),
(9258, 1, 1543, 3),
(9259, 2, 1543, 4),
(9260, 3, 1543, 3),
(9261, 4, 1543, 4),
(9262, 29, 1543, 4),
(9263, 30, 1543, 3),
(9264, 5, 1543, 3),
(9265, 1, 1562, 4),
(9266, 2, 1562, 4),
(9267, 3, 1562, 3),
(9268, 4, 1562, 5),
(9269, 29, 1562, 3),
(9270, 30, 1562, 3),
(9271, 5, 1562, 4),
(9272, 1, 1565, 3),
(9273, 2, 1565, 3),
(9274, 3, 1565, 3),
(9275, 4, 1565, 4),
(9276, 29, 1565, 3),
(9277, 30, 1565, 2),
(9278, 5, 1565, 3),
(9279, 1, 1555, 1),
(9280, 2, 1555, 3),
(9281, 3, 1555, 1),
(9282, 4, 1555, 4),
(9283, 29, 1555, 1),
(9284, 30, 1555, 1),
(9285, 5, 1555, 1),
(9286, 1, 1568, 1),
(9287, 2, 1568, 1),
(9288, 3, 1568, 1),
(9289, 4, 1568, 1),
(9290, 29, 1568, 1),
(9291, 30, 1568, 1),
(9292, 5, 1568, 1),
(9293, 1, 1566, 4),
(9294, 2, 1566, 4),
(9295, 3, 1566, 5),
(9296, 4, 1566, 4),
(9297, 29, 1566, 4),
(9298, 30, 1566, 4),
(9299, 5, 1566, 4),
(9300, 1, 1567, 4),
(9301, 2, 1567, 4),
(9302, 3, 1567, 4),
(9303, 4, 1567, 4),
(9304, 29, 1567, 4),
(9305, 30, 1567, 4),
(9306, 5, 1567, 4),
(9307, 1, 1569, 4),
(9308, 2, 1569, 4),
(9309, 3, 1569, 3),
(9310, 4, 1569, 3),
(9311, 29, 1569, 3),
(9312, 30, 1569, 3),
(9313, 5, 1569, 3),
(9314, 30, 1571, 1),
(9315, 2, 1572, 3),
(9316, 3, 1572, 3),
(9317, 4, 1572, 4),
(9318, 2, 1575, 1),
(9319, 4, 1575, 3),
(9320, 1, 1577, 4),
(9321, 1, 1580, 4),
(9322, 2, 1574, 5),
(9323, 3, 1574, 5),
(9324, 29, 1574, 4),
(9325, 30, 1574, 5),
(9326, 5, 1574, 5),
(9327, 30, 1579, 4),
(9328, 1, 1561, 4),
(9329, 2, 1561, 4),
(9330, 3, 1561, 4),
(9331, 4, 1561, 4),
(9332, 29, 1561, 3),
(9333, 30, 1561, 3),
(9334, 5, 1561, 4),
(9335, 3, 1585, 3),
(9336, 2, 1576, 3),
(9337, 30, 1576, 1),
(9338, 5, 1576, 2),
(9339, 1, 1578, 3),
(9340, 29, 1578, 3),
(9341, 2, 1582, 1),
(9342, 4, 1582, 3),
(9343, 2, 1584, 4),
(9344, 30, 1584, 3),
(9345, 5, 1584, 4),
(9346, 2, 1581, 4),
(9347, 3, 1581, 3),
(9348, 29, 1581, 3),
(9349, 30, 1581, 4),
(9350, 5, 1581, 3),
(9351, 2, 1588, 2),
(9352, 29, 1588, 2),
(9353, 30, 1588, 3),
(9354, 0, 1594, 0),
(9355, 30, 1591, 2),
(9356, 2, 1570, 5),
(9357, 29, 1570, 5),
(9358, 30, 1570, 5),
(9359, 5, 1570, 5),
(9360, 30, 1592, 2),
(9361, 3, 1590, 5),
(9362, 4, 1590, 5),
(9363, 5, 1590, 4),
(9364, 1, 1587, 3),
(9365, 30, 1587, 3),
(9366, 3, 1589, 2),
(9367, 1, 1593, 4),
(9368, 29, 1593, 4),
(9369, 30, 1593, 2),
(9370, 3, 1583, 2),
(9371, 0, 1601, 0),
(9372, 29, 1598, 3),
(9373, 30, 1602, 1),
(9374, 1, 1596, 4),
(9375, 3, 1596, 5),
(9376, 29, 1596, 4),
(9377, 1, 1604, 3),
(9378, 29, 1604, 3),
(9379, 30, 1599, 4),
(9380, 30, 1595, 3),
(9381, 29, 1608, 3),
(9382, 1, 1607, 4),
(9383, 4, 1607, 4),
(9384, 2, 1609, 1),
(9385, 4, 1609, 1),
(9386, 2, 1603, 4),
(9387, 29, 1603, 3),
(9388, 30, 1603, 4),
(9389, 5, 1603, 4),
(9390, 1, 1606, 2),
(9391, 5, 1606, 4),
(9392, 3, 1600, 3),
(9393, 29, 1600, 3);

-- --------------------------------------------------------

--
-- Table structure for table `student`
--

CREATE TABLE IF NOT EXISTS `student` (
  `StudentID` int(11) NOT NULL AUTO_INCREMENT,
  `NJITStudentID` varchar(12) NOT NULL,
  `Section` varchar(40) NOT NULL,
  `FirstName` varchar(45) NOT NULL,
  `LastName` varchar(45) NOT NULL,
  `url` varchar(150) DEFAULT NULL,
  `CreateTime` datetime NOT NULL,
  `LastUpdateTime` datetime NOT NULL,
  PRIMARY KEY (`StudentID`),
  UNIQUE KEY `UNQ_NJITStudentID` (`NJITStudentID`)
) ENGINE=InnoDB  DEFAULT CHARSET=latin1 COMMENT='Stores information about all students' AUTO_INCREMENT=1111 ;

--
-- Dumping data for table `student`
--

INSERT INTO `student` (`StudentID`, `NJITStudentID`, `Section`, `FirstName`, `LastName`, `url`, `CreateTime`, `LastUpdateTime`) VALUES
(1, '21773660', 'HUM 101', 'Joseph Antonio', 'Mendez', NULL, '2010-04-18 19:23:31', '2010-04-18 19:23:35'),
(2, '21712896', 'HUM 101', 'Nabil', 'Adra', NULL, '2010-04-18 19:24:01', '2010-04-18 19:24:03'),
(3, '21761781', 'HUM 101', 'Alexander', 'Payne', NULL, '2010-04-18 19:24:48', '2010-04-18 19:24:51'),
(4, '21771253', 'HUM 101', 'Airefetalo Ajoke', 'Sadoh', NULL, '2010-04-18 19:25:29', '2010-04-18 19:25:32'),
(5, '21763691', 'HUM 101', 'Brian', 'Manibo', NULL, '2010-04-18 19:26:50', '2010-04-18 19:26:50'),
(6, '21761901', 'HUM 101', 'Ahmed Abdelghafour', 'Shaghala', NULL, '2010-04-18 19:26:50', '2010-04-18 19:26:50'),
(7, '21671066', 'HUM 101', 'Abanda', 'Abanda', NULL, '2010-04-18 19:27:43', '2010-04-18 19:27:43'),
(8, '21763945', 'HUM 101', 'Jannine', 'Angbetic', NULL, '2010-04-18 19:27:43', '2010-04-18 19:27:43'),
(9, '21761234', 'HUM 101', 'Janki T', 'Pandya', NULL, '2010-04-18 19:28:35', '2010-04-18 19:28:35'),
(10, '21774184', 'HUM 101', 'Justin', 'Giles', NULL, '2010-04-18 19:28:35', '2010-04-18 19:28:35'),
(11, '21763369', 'HUM 101', 'Keith', 'Herterick', NULL, '2010-04-18 19:29:22', '2010-04-18 19:29:22'),
(12, '21765259', 'HUM 101', 'Frank Coleman', 'Lewis', NULL, '2010-04-18 19:29:22', '2010-04-18 19:29:22'),
(13, '21765209', 'HUM 101', 'Dane William', 'Hagen', NULL, '2010-04-18 19:29:59', '2010-04-18 19:29:59'),
(15, '21762951', 'HUM 101', 'Matthew L', 'Lui', NULL, '2010-04-18 19:31:00', '2010-04-18 19:31:00'),
(16, '21837556', 'HUM 101', 'Cody Dain', 'Griffin', NULL, '2010-04-18 19:31:00', '2010-04-18 19:31:00'),
(17, '21749948', 'HUM 101', 'Jose', 'Flores', NULL, '2010-04-18 19:31:51', '2010-04-18 19:31:51'),
(18, '21774552', 'HUM 101', 'Meryl Alexander', 'Hershfield', NULL, '2010-04-18 19:31:51', '2010-04-18 19:31:51'),
(19, '21565643', 'HUM 101', 'Jesson M', 'Lim', NULL, '2010-04-18 19:32:38', '2010-04-18 19:32:38'),
(20, '21763253', 'HUM 101', 'Pavel', 'Romanovski', NULL, '2010-04-18 19:32:38', '2010-04-18 19:32:38'),
(21, '21760888', 'HUM 101', 'Anthony Joseph', 'Panzica', NULL, '2010-04-18 19:33:25', '2010-04-18 19:33:25'),
(22, '21763410', 'HUM 101', 'Ravichandra S', 'Neppalli', NULL, '2010-04-18 19:33:25', '2010-04-18 19:33:25'),
(23, '21772759', 'HUM 101', 'Manvir Singh', 'Kehal', NULL, '2010-04-18 19:34:05', '2010-04-18 19:34:05'),
(24, '21754059', 'HUM 101', 'Lilyan', 'Estafanous', NULL, '2010-04-18 19:34:05', '2010-04-18 19:34:05'),
(25, '21838114', 'HUM 101', 'Daniel B. Jr.', 'Roache', NULL, '2010-04-18 19:34:52', '2010-04-18 19:34:52'),
(26, '21713025', 'HUM 101', 'Vania S', 'Santos', NULL, '2010-04-18 19:34:52', '2010-04-18 19:34:52'),
(27, '21714027', 'HUM 101', 'Jonathan J', 'Avila', NULL, '2010-04-18 19:35:37', '2010-04-18 19:35:37'),
(28, '21750637', 'HUM 101', 'Amanda Alizabeth', 'Guertin', NULL, '2010-04-18 19:35:37', '2010-04-18 19:35:37'),
(29, '21770175', 'HUM 101', 'Alexander Thomas', 'Aull', NULL, '2010-04-18 19:36:18', '2010-04-18 19:36:18'),
(30, '21764897', 'HUM 101', 'Avontaque C', 'Kimber', NULL, '2010-04-18 19:36:18', '2010-04-18 19:36:18'),
(31, '21761251', 'HUM 101', 'Jalak Anil', 'Jani', NULL, '2010-04-18 19:36:55', '2010-04-18 19:36:55'),
(32, '21837553', 'HUM 101', 'Aritra', 'Ganguli', NULL, '2010-04-18 19:36:55', '2010-04-18 19:36:55'),
(33, '21770176', 'HUM 101', 'John JunHee', 'Lee', NULL, '2010-04-18 19:37:43', '2010-04-18 19:37:43'),
(34, '21747408', 'HUM 101', 'Brian S', 'Coleman', NULL, '2010-04-18 19:37:43', '2010-04-18 19:37:43'),
(35, '21566576', 'HUM 101', 'Douglas G', 'Battersby', NULL, '2010-04-18 19:38:22', '2010-04-18 19:38:22'),
(36, '21761269', 'HUM 101', 'Paige L', 'Crosby', NULL, '2010-04-18 19:38:22', '2010-04-18 19:38:22'),
(37, '21837819', 'HUM 101', 'Shawn Montgomery', 'Bryan', NULL, '2010-04-18 19:39:04', '2010-04-18 19:39:04'),
(38, '21760817', 'HUM 101', 'Marlon', 'De La Rosa', NULL, '2010-04-18 19:39:04', '2010-04-18 19:39:04'),
(39, '21747333', 'HUM 101', 'Michael J', 'Annicchiarico', NULL, '2010-04-18 19:39:44', '2010-04-18 19:39:44'),
(40, '21770387', 'HUM 101', 'Adam Philip', 'Souza', NULL, '2010-04-18 19:39:44', '2010-04-18 19:39:44'),
(41, '21761306', 'HUM 101', 'Prithvi K', 'Doppalapudi', NULL, '2010-04-18 19:40:38', '2010-04-18 19:40:38'),
(42, '21774976', 'HUM 101', 'Lucas Edward', 'Michael', NULL, '2010-04-18 19:40:38', '2010-04-18 19:40:38'),
(43, '21751631', 'HUM 101', 'Eric', 'Campbell', NULL, '2010-04-18 19:41:21', '2010-04-18 19:41:21'),
(44, '21760472', 'HUM 101', 'Edward J', 'Hemlstetter', NULL, '2010-04-18 19:41:21', '2010-04-18 19:41:21'),
(45, '21837455', 'HUM 101', 'Siera Nasem', 'Mazahreh', NULL, '2010-04-18 19:42:00', '2010-04-18 19:42:00'),
(46, '21761592', 'HUM 101', 'Danny', 'Kong', NULL, '2010-04-18 19:42:00', '2010-04-18 19:42:00'),
(47, '21760852', 'HUM 101', 'Edmund', 'OBrien', NULL, '2010-04-18 19:42:45', '2010-04-18 19:42:45'),
(48, '21663342', 'HUM 101', 'Jibreel', 'Hameed', NULL, '2010-04-18 19:42:45', '2010-04-18 19:42:45'),
(49, '21758612', 'HUM 101', 'John', 'Addeo', NULL, '2010-04-18 19:43:21', '2010-04-18 19:43:21'),
(50, '21751113', 'HUM 101', 'Kwasi', 'Amankona', NULL, '2010-04-18 19:43:21', '2010-04-18 19:43:21'),
(51, '21759271', 'HUM 101', 'Nour', 'Elassa', NULL, '2010-04-18 19:44:26', '2010-04-18 19:44:26'),
(52, '21754390', 'HUM 101', 'Robert Patrick', 'Till', NULL, '2010-04-18 19:44:26', '2010-04-18 19:44:26'),
(53, '21765328', 'HUM 101', 'Nkemakonam Paulet', 'Okoye', NULL, '2010-04-18 19:45:14', '2010-04-18 19:45:14'),
(54, '21762805', 'HUM 101', 'Supinderjit', 'Kaur', NULL, '2010-04-18 19:45:14', '2010-04-18 19:45:14'),
(55, '21771426', 'HUM 101', 'Fritz S', 'Cadet', NULL, '2010-04-18 19:45:51', '2010-04-18 19:45:51'),
(56, '21770472', 'HUM 101', 'Keyur Jitendra', 'Patel', NULL, '2010-04-18 19:45:51', '2010-04-18 19:45:51'),
(57, '21763990', 'HUM 101', 'Walid', 'Ahmed', NULL, '2010-04-18 19:46:33', '2010-04-18 19:46:33'),
(58, '217587058', 'HUM 101', 'Tanya Ajay', 'Masand', NULL, '2010-04-18 19:46:33', '2010-04-18 19:46:33'),
(59, '21713885', 'HUM 101', 'Jonathan S', 'Christian', NULL, '2010-04-18 19:47:12', '2010-04-18 19:47:12'),
(60, '21765237', 'HUM 101', 'Melissa Ann', 'Tierney', NULL, '2010-04-18 19:47:12', '2010-04-18 19:47:12'),
(61, '21764694', 'HUM 101', 'Brian', 'Mendez', NULL, '2010-04-18 19:47:50', '2010-04-18 19:47:50'),
(62, '21761344', 'HUM 101', 'Leif E', 'Baumbach', NULL, '2010-04-18 19:47:50', '2010-04-18 19:47:50'),
(63, '21760855', 'HUM 101', 'Vera Lynn', 'DeFilippo', NULL, '2010-04-18 19:49:03', '2010-04-18 19:49:03'),
(64, '21566242', 'HUM 101', 'Ariel R', 'Boldero', NULL, '2010-04-18 19:49:03', '2010-04-18 19:49:03'),
(65, '21764122', 'HUM 101', 'Gerald Robert', 'Daniele', NULL, '2010-04-18 19:49:45', '2010-04-18 19:49:45'),
(66, '21771416', 'HUM 101', 'Matthew', 'Jung', NULL, '2010-04-18 19:49:45', '2010-04-18 19:49:45'),
(67, '21839315', 'HUM 101', 'Fahad Riaz', 'Tahir', NULL, '2010-04-18 19:50:24', '2010-04-18 19:50:24'),
(68, '21774537', 'HUM 101', 'Ryan Matthew', 'Moyer', NULL, '2010-04-18 19:50:24', '2010-04-18 19:50:24'),
(69, '21753310', 'HUM 101', 'Eman F', 'Elkwisni', NULL, '2010-04-18 19:51:10', '2010-04-18 19:51:10'),
(70, '21454748', 'HUM 101', 'Kathleen J', 'Hurtares', NULL, '2010-04-18 19:51:10', '2010-04-18 19:51:10'),
(71, '21774979', 'HUM 101', 'Kevin', 'Van Oss', NULL, '2010-04-18 19:51:43', '2010-04-18 19:51:43'),
(72, '21761280', 'HUM 101', 'Bansi', 'Patel', NULL, '2010-04-18 19:51:43', '2010-04-18 19:51:43'),
(73, '21769692', 'HUM 101', 'Ebenezer K', 'Ackon', NULL, '2010-04-18 19:52:20', '2010-04-18 19:52:20'),
(74, '21763421', 'HUM 101', 'Vincent G', 'Holandez', NULL, '2010-04-18 19:52:20', '2010-04-18 19:52:20'),
(75, '21761236', 'HUM 101', 'Michael Edward', 'Rovinsky', NULL, '2010-04-18 19:52:58', '2010-04-18 19:52:58'),
(76, '21754522', 'HUM 101', 'Jesus Carlos', 'Jaile', NULL, '2010-04-18 19:52:58', '2010-04-18 19:52:58'),
(77, '21772157', 'HUM 101', 'Rinita', 'Gulliani', NULL, '2010-04-18 19:53:37', '2010-04-18 19:53:37'),
(78, '21566645', 'HUM 101', 'Kristen', 'Hagen', NULL, '2010-04-18 19:53:37', '2010-04-18 19:53:37'),
(79, '21770256', 'HUM 101', 'Joseph', 'Lim', NULL, '2010-04-18 19:54:18', '2010-04-18 19:54:18'),
(80, '21751677', 'HUM 101', 'Joshua', 'Zapata', NULL, '2010-04-18 19:54:18', '2010-04-18 19:54:18'),
(81, '21770258', 'HUM 101', 'John Michael', 'Homan', NULL, '2010-04-18 19:54:52', '2010-04-18 19:54:52'),
(82, '21761423', 'HUM 101', 'Randolph Kevin', 'Estor', NULL, '2010-04-18 19:54:52', '2010-04-18 19:54:52'),
(83, '', '', '', '', NULL, '2010-04-19 00:00:00', '2010-04-19 00:00:00'),
(84, '55566222', 'Test 101', 'Tom', 'Hanks', NULL, '2011-01-26 10:59:32', '2011-01-26 10:59:32'),
(85, '77788999', 'Test 101', 'Karen', 'Menard', NULL, '2011-01-26 11:01:04', '2011-01-26 11:01:04'),
(87, '99955111', 'Test 101', 'The', 'Cape', NULL, '2011-01-26 11:04:40', '2011-01-26 11:04:40'),
(88, '77788111', 'Test 101', 'John', 'Smith', NULL, '2011-01-26 13:45:28', '2011-01-26 13:45:28'),
(89, '77788222', 'Test 101', 'Gina', 'DeMichael', NULL, '2011-01-26 13:45:49', '2011-01-26 13:45:49'),
(90, '77788333', 'Test 101', 'Geena', 'Davis', NULL, '2011-01-26 13:46:23', '2011-01-26 13:46:23'),
(91, '77788444', 'Test 101', 'John', 'Nogrady', NULL, '2011-01-26 13:46:43', '2011-01-26 13:46:43'),
(92, '77788555', 'Test 101', 'Lorne', 'Green', NULL, '2011-01-26 13:47:17', '2011-01-26 13:47:17'),
(94, '77788666', 'Test 101', 'Bob', 'Dylan', NULL, '2011-01-26 13:48:04', '2011-01-26 13:48:04'),
(95, '99988777', 'HUM 101', 'John', 'Deere', NULL, '2011-01-27 14:46:24', '2011-01-27 14:46:24'),
(96, '99977888', 'HUM 101', 'Algis', 'Vyt', NULL, '2011-01-27 14:46:50', '2011-01-27 14:46:50'),
(164, '31009640', 'HUM 099', 'Alexander', 'Kohama', NULL, '2011-01-28 13:28:33', '2011-01-28 13:28:33'),
(319, '31008348', 'HUM 101', 'Brienna', 'Borsi', NULL, '2011-01-28 17:37:24', '2011-01-28 17:37:24'),
(320, '21817099', 'HUM 101', 'Domenico', 'Brigati', NULL, '2011-01-28 17:37:42', '2011-01-28 17:37:42'),
(321, '21801538', 'HUM 101', 'Ko Hing', 'Chan', NULL, '2011-01-28 17:37:56', '2011-01-28 17:37:56'),
(322, '21548435', 'HUM 101', 'Kamil', 'Cichowicz', NULL, '2011-01-28 17:38:17', '2011-01-28 17:38:17'),
(323, '31017091', 'HUM 101', 'Idriss', 'Dosso', NULL, '2011-01-28 17:38:36', '2011-01-28 17:38:36'),
(324, '31006336', 'HUM 101', 'Kevwe T', 'Gbemre', NULL, '2011-01-28 17:38:54', '2011-01-28 17:38:54'),
(325, '21760829', 'HUM 101', 'Jermaine', 'Hameed-Cunningham', NULL, '2011-01-28 17:39:15', '2011-01-28 17:39:15'),
(326, '31010012', 'HUM 101', 'Michael R', 'Johnson', NULL, '2011-01-28 17:39:34', '2011-01-28 17:39:34'),
(327, '31009478', 'HUM 101', 'Larry O', 'Jules', NULL, '2011-01-28 17:39:48', '2011-01-28 17:39:48'),
(328, '21750129', 'HUM 101', 'Nilsa R', 'Lacunza', NULL, '2011-01-28 17:40:08', '2011-01-28 17:40:08'),
(329, '21841142', 'HUM 101', 'Christopher W', 'Lainson', NULL, '2011-01-28 17:40:25', '2011-01-28 17:40:25'),
(330, '31011313', 'HUM 101', 'Randall T', 'Malpass', NULL, '2011-01-28 17:40:44', '2011-01-28 17:40:44'),
(331, '21816660', 'HUM 101', 'Diogo P', 'Marques', NULL, '2011-01-28 17:41:05', '2011-01-28 17:41:05'),
(332, '21753137', 'HUM 101', 'Russell H', 'Miller', NULL, '2011-01-28 17:41:19', '2011-01-28 17:41:19'),
(333, '21841257', 'HUM 101', 'Michael J', 'Nesnadny', NULL, '2011-01-28 17:41:37', '2011-01-28 17:41:37'),
(334, '31006967', 'HUM 101', 'Thang', 'Nguyen', NULL, '2011-01-28 17:41:55', '2011-01-28 17:41:55'),
(335, '21763091', 'HUM 101', 'Jay', 'Pacheco', NULL, '2011-01-28 17:42:10', '2011-01-28 17:42:10'),
(336, '31008480', 'HUM 101', 'Darlyn', 'Perez', 'http://sites.google.com/a/njit.edu/dp255portfolio', '2011-01-28 17:42:26', '2011-01-28 17:42:26'),
(337, '31006411', 'HUM 101', 'Luis M', 'Reyes', NULL, '2011-01-28 17:42:45', '2011-01-28 17:42:45'),
(338, '21818511', 'HUM 101', 'Amad', 'Saulat', NULL, '2011-01-28 17:42:59', '2011-01-28 17:42:59'),
(339, '31004779', 'HUM 101', 'Jeriel S', 'Silva-Netto', NULL, '2011-01-28 17:43:22', '2011-01-28 17:43:22'),
(340, '21820904', 'HUM 101', 'Spencer A', 'Soletto', NULL, '2011-01-28 17:43:37', '2011-01-28 17:43:37'),
(341, '21816272', 'HUM 101', 'Jordan T', 'Surie', NULL, '2011-01-28 17:43:55', '2011-01-28 17:43:55'),
(342, '21676483', 'HUM 101', 'Luis A', 'Valladares', NULL, '2011-01-28 17:44:14', '2011-01-28 17:44:14'),
(343, '21844579', 'HUM 101', 'Francis M', 'Vorrius', NULL, '2011-01-28 17:44:30', '2011-01-28 17:44:30'),
(344, '21802894', 'HUM 101', 'Carl S', 'Wandersee', NULL, '2011-01-28 17:44:48', '2011-01-28 17:44:48'),
(483, '21849167', 'HUM 101', 'Christos', 'Andrikopoulos', NULL, '2011-01-28 18:33:28', '2011-01-28 18:33:28'),
(484, '21818530', 'HUM 101', 'Joseph B', 'Buganski', NULL, '2011-01-28 18:33:43', '2011-01-28 18:33:43'),
(485, '21816651', 'HUM 101', 'Catherine R', 'Cohen', NULL, '2011-01-28 18:33:59', '2011-01-28 18:33:59'),
(486, '21818437', 'HUM 101', 'Ryon C', 'Cook', NULL, '2011-01-28 18:34:16', '2011-01-28 18:34:16'),
(487, '21842206', 'HUM 101', 'Anika T', 'Dodson', NULL, '2011-01-28 18:34:31', '2011-01-28 18:34:31'),
(488, '21818396', 'HUM 101', 'David J', 'Ferrigno', NULL, '2011-01-28 18:34:49', '2011-01-28 18:34:49'),
(490, '31006257', 'HUM 101', 'Michael A', 'Flores', NULL, '2011-01-28 18:35:14', '2011-01-28 18:35:14'),
(491, '21801358', 'HUM 101', 'Maria C', 'Galan', NULL, '2011-01-28 18:35:31', '2011-01-28 18:35:31'),
(492, '21841215', 'HUM 101', 'Davendra S', 'Ganesh', NULL, '2011-01-28 18:35:51', '2011-01-28 18:35:51'),
(493, '21816160', 'HUM 101', 'Martyna', 'Jezewska', NULL, '2011-01-28 18:36:09', '2011-01-28 18:36:09'),
(494, '21816326', 'HUM 101', 'Joseph H', 'Kaiser', NULL, '2011-01-28 18:36:24', '2011-01-28 18:36:24'),
(495, '21844496', 'HUM 101', 'Oluwadabira D', 'Lana', NULL, '2011-01-28 18:36:44', '2011-01-28 18:36:44'),
(496, '31006176', 'HUM 101', 'Roxanna', 'Munoz', NULL, '2011-01-28 18:37:10', '2011-01-28 18:37:10'),
(497, '31006679', 'HUM 101', 'Anthony A', 'Osnayo', NULL, '2011-01-28 18:37:35', '2011-01-28 18:37:35'),
(498, '21842451', 'HUM 101', 'Sumit S', 'Parikh', NULL, '2011-01-28 18:37:48', '2011-01-28 18:37:48'),
(499, '21838720', 'HUM 101', 'Ryan', 'Pernas', NULL, '2011-01-28 18:38:00', '2011-01-28 18:38:00'),
(500, '21817412', 'HUM 101', 'Nicholas J', 'Petrizzi', NULL, '2011-01-28 18:38:19', '2011-01-28 18:38:19'),
(501, '21841209', 'HUM 101', 'Anthony M', 'Rinon', NULL, '2011-01-28 18:38:33', '2011-01-28 18:38:33'),
(502, '21773055', 'HUM 101', 'Jessica E', 'Romero', NULL, '2011-01-28 18:38:52', '2011-01-28 18:38:52'),
(503, '21842426', 'HUM 101', 'Daniel A', 'Rosero', NULL, '2011-01-28 18:39:07', '2011-01-28 18:39:07'),
(504, '21818542', 'HUM 101', 'Matthew C', 'Ross', NULL, '2011-01-28 18:39:22', '2011-01-28 18:39:22'),
(505, '31011348', 'HUM 101', 'Adriannis C', 'Suarez', NULL, '2011-01-28 18:39:37', '2011-01-28 18:39:37'),
(506, '21818670', 'HUM 101', 'Shane O', 'Sung', NULL, '2011-01-28 18:39:50', '2011-01-28 18:39:50'),
(507, '31008212', 'HUM 101', 'Walid', 'Tahir', NULL, '2011-01-28 18:40:04', '2011-01-28 18:40:04'),
(508, '21800895', 'HUM 101', 'Alvin J', 'Tejeda', NULL, '2011-01-28 18:40:19', '2011-01-28 18:40:19'),
(509, '21819195', 'HUM 101', 'Logan S', 'Treacy', NULL, '2011-01-28 18:40:40', '2011-01-28 18:40:40'),
(510, '31015718', 'HUM 101', 'Christopher J', 'Waniak', NULL, '2011-01-28 18:40:54', '2011-01-28 18:40:54'),
(511, '21818364', 'HUM 101', 'Michael P', 'Yanoso', NULL, '2011-01-28 18:41:07', '2011-01-28 18:41:07'),
(576, '31006848', 'HUM 099', 'Arlon', 'Batilaran', NULL, '2011-01-28 19:28:52', '2011-01-28 19:28:52'),
(577, '31011280', 'HUM 099', 'Joseph S', 'Lee', NULL, '2011-01-28 19:29:20', '2011-01-28 19:29:20'),
(578, '21839814', 'HUM 099', 'Nicole A', 'Lopez', NULL, '2011-01-28 19:29:50', '2011-01-28 19:29:50'),
(579, '31010331', 'HUM 099', 'Nathaniel', 'Perez', NULL, '2011-01-28 19:30:07', '2011-01-28 19:30:07'),
(580, '21815692', 'HUM 099', 'Denton L', 'Schroeder', NULL, '2011-01-28 19:30:28', '2011-01-28 19:30:28'),
(581, '31008785', 'HUM 099', 'Megan', 'Cruz', NULL, '2011-01-28 19:30:52', '2011-01-28 19:30:52'),
(582, '31007335', 'HUM 099', 'Gunjan D', 'Shah', NULL, '2011-01-28 19:31:20', '2011-01-28 19:31:20'),
(583, '31008556', 'HUM 099', 'Alexander', 'Bartolo', NULL, '2011-01-28 19:31:42', '2011-01-28 19:31:42'),
(584, '31007514', 'HUM 099', 'Mena D', 'Dawood', NULL, '2011-01-28 19:31:56', '2011-01-28 19:31:56'),
(585, '31016040', 'HUM 099', 'Zlatan', 'Klimenta', NULL, '2011-01-28 19:32:35', '2011-01-28 19:32:35'),
(586, '31008798', 'HUM 099', 'Jonathan A', 'Trelles', NULL, '2011-01-28 19:33:02', '2011-01-28 19:33:02'),
(587, '31008157', 'HUM 099', 'Opeyemi M', 'Alade', NULL, '2011-01-28 19:33:26', '2011-01-28 19:33:26'),
(588, '31009963', 'HUM 099', 'Ruben D', 'Castano', NULL, '2011-01-28 19:33:47', '2011-01-28 19:33:47'),
(589, '21844599', 'HUM 099', 'Christopher P', 'Santos', NULL, '2011-01-28 19:35:14', '2011-01-28 19:35:14'),
(590, '31009384', 'HUM 099', 'Muslah', 'Uddin', NULL, '2011-01-28 19:35:35', '2011-01-28 19:35:35'),
(591, '31009148', 'HUM 099', 'Antonio', 'Cid', NULL, '2011-01-28 19:36:03', '2011-01-28 19:36:03'),
(592, '31006584', 'HUM 099', 'Richard', 'Montano', NULL, '2011-01-28 19:36:37', '2011-01-28 19:36:37'),
(593, '21838645', 'HUM 099', 'Adam J', 'Murphy', NULL, '2011-01-28 19:36:52', '2011-01-28 19:36:52'),
(594, '31012552', 'HUM 099', 'Michael A', 'Pons', NULL, '2011-01-28 19:37:08', '2011-01-28 19:37:08'),
(595, '31010769', 'HUM 099', 'Gerard', 'Toledo', NULL, '2011-01-28 19:37:23', '2011-01-28 19:37:23'),
(596, '31008022', 'HUM 099', 'Ivette', 'Vargas', NULL, '2011-01-28 19:38:09', '2011-01-28 19:38:09'),
(597, '31015759', 'HUM 099', 'Nils T', 'Warfving', NULL, '2011-01-28 19:38:32', '2011-01-28 19:38:32'),
(598, '31004925', 'HUM 099', 'Angelito A', 'Mamutuk', NULL, '2011-01-28 19:39:01', '2011-01-28 19:39:01'),
(599, '31015437', 'HUM 099', 'Michael', 'Morales', NULL, '2011-01-28 19:39:32', '2011-01-28 19:39:32'),
(600, '31012543', 'HUM 099', 'Najah A', 'Robertson', NULL, '2011-01-28 19:40:15', '2011-01-28 19:40:15'),
(601, '21815772', 'HUM 099', 'Cristhian D', 'Soto', NULL, '2011-01-28 19:40:33', '2011-01-28 19:40:33'),
(602, '31015578', 'HUM 099', 'Keith D', 'Young', NULL, '2011-01-28 19:40:48', '2011-01-28 19:40:48'),
(603, '21838652', 'HUM 099S', 'Wei', 'Chang', NULL, '2011-01-28 19:41:10', '2011-01-28 19:41:10'),
(604, '31006041', 'HUM 099S', 'Ping-Hung', 'Ho', NULL, '2011-01-28 19:41:25', '2011-01-28 19:41:25'),
(605, '31056300', 'HUM 101', 'Kishan', 'Ambi', NULL, '2011-01-28 19:41:52', '2011-01-28 19:41:52'),
(606, '21816636', 'HUM 101', 'Khaled', 'Hussari', NULL, '2011-01-28 19:42:07', '2011-01-28 19:42:07'),
(607, '31007467', 'HUM 101', 'Bernard M', 'Kang', NULL, '2011-01-28 19:42:23', '2011-01-28 19:42:23'),
(608, '31006054', 'HUM 101', 'Orest J', 'Michel', NULL, '2011-01-28 19:42:44', '2011-01-28 19:42:44'),
(609, '31008389', 'HUM 101', 'Cynthia', 'Szablowski', NULL, '2011-01-28 19:43:00', '2011-01-28 19:43:00'),
(610, '21683180', 'HUM 101', 'Yvonne', 'Toriz', NULL, '2011-01-28 19:43:20', '2011-01-28 19:43:20'),
(611, '31008481', 'HUM 101', 'Temilade O', 'Adegbonmire', NULL, '2011-01-28 19:43:49', '2011-01-28 19:43:49'),
(612, '21841233', 'HUM 101', 'Alexander', 'Barish', NULL, '2011-01-28 19:44:05', '2011-01-28 19:44:05'),
(613, '21838688', 'HUM 101', 'Lee', 'Olimpo', NULL, '2011-01-28 19:44:20', '2011-01-28 19:44:20'),
(614, '31011368', 'HUM 101', 'Monali V', 'Patel', NULL, '2011-01-28 19:44:40', '2011-01-28 19:44:40'),
(615, '21775165', 'HUM 101', 'Kenny R', 'Tanglao', NULL, '2011-01-28 19:44:57', '2011-01-28 19:44:57'),
(616, '21678718', 'HUM 101', 'David S', 'Ching', NULL, '2011-01-28 19:45:17', '2011-01-28 19:45:17'),
(617, '21816462', 'HUM 101', 'Jorge', 'Gonzalez', NULL, '2011-01-28 19:45:31', '2011-01-28 19:45:31'),
(618, '21820915', 'HUM 101', 'Colin A', 'Jannuzzi', NULL, '2011-01-28 19:45:46', '2011-01-28 19:45:46'),
(619, '21764274', 'HUM 101', 'David G', 'Naoum', NULL, '2011-01-28 19:46:06', '2011-01-28 19:46:06'),
(620, '31007544', 'HUM 101', 'Bohdan S', 'Wasyliszyn', NULL, '2011-01-28 19:46:26', '2011-01-28 19:46:26'),
(621, '31004971', 'HUM 101', 'Daniel S', 'Fields', NULL, '2011-01-28 19:46:49', '2011-01-28 19:46:49'),
(622, '21802775', 'HUM 101', 'Alexander H', 'Koenig', NULL, '2011-01-28 19:47:05', '2011-01-28 19:47:05'),
(623, '31005657', 'HUM 101', 'Gregory', 'Mourad', NULL, '2011-01-28 19:47:20', '2011-01-28 19:47:20'),
(624, '21677345', 'HUM 101', 'Kenneth', 'Ponce De Leon', NULL, '2011-01-28 19:47:42', '2011-01-28 19:47:42'),
(625, '31005993', 'HUM 101', 'Pedro A', 'Santos', NULL, '2011-01-28 19:47:56', '2011-01-28 19:47:56'),
(626, '21638756', 'HUM 101', 'Ryan M', 'Ardiente', NULL, '2011-01-28 19:48:16', '2011-01-28 19:48:16'),
(627, '31015672', 'HUM 101', 'James P', 'DeDilectis', NULL, '2011-01-28 19:48:35', '2011-01-28 19:48:35'),
(628, '31007550', 'HUM 101', 'Hong Gu', 'Yoon', NULL, '2011-01-28 19:48:56', '2011-01-28 19:48:56'),
(629, '21679151', 'HUM 101', 'Adam F', 'Westenberger', NULL, '2011-01-28 19:49:20', '2011-01-28 19:49:20'),
(630, '21820798', 'HUM 101', 'Kamran M', 'Asif', NULL, '2011-01-28 19:49:47', '2011-01-28 19:49:47'),
(631, '21815758', 'HUM 101', 'Gabriel A', 'Canizo', NULL, '2011-01-28 19:50:10', '2011-01-28 19:50:10'),
(632, '31016012', 'HUM 101', 'Ivan C', 'Feliciano', NULL, '2011-01-28 19:50:26', '2011-01-28 19:50:26'),
(633, '31007111', 'HUM 101', 'Brian P', 'Gunning', NULL, '2011-01-28 19:50:48', '2011-01-28 19:50:48'),
(634, '21802846', 'HUM 101', 'Arsalan', 'Khan', NULL, '2011-01-28 19:51:02', '2011-01-28 19:51:02'),
(635, '21838675', 'HUM 101', 'Sidd N', 'Parikh', NULL, '2011-01-28 19:51:21', '2011-01-28 19:51:21'),
(636, '21677491', 'HUM 101', 'Emmanuel E', 'Shaba', NULL, '2011-01-28 19:51:37', '2011-01-28 19:51:37'),
(637, '31011201', 'HUM 101', 'Joaquim P', 'Almeida', NULL, '2011-01-28 19:51:58', '2011-01-28 19:51:58'),
(638, '21769509', 'HUM 101', 'Elizabeth', 'Arellano', NULL, '2011-01-28 19:52:14', '2011-01-28 19:52:14'),
(639, '31015743', 'HUM 101', 'Edwin R', 'Duarte', NULL, '2011-01-28 19:52:27', '2011-01-28 19:52:27'),
(640, '21816555', 'HUM 101', 'Andrew', 'Lesende', NULL, '2011-01-28 19:52:43', '2011-01-28 19:52:43'),
(641, '21818308', 'HUM 101', 'Eric P', 'Prebor', NULL, '2011-01-28 19:53:05', '2011-01-28 19:53:05'),
(642, '31005225', 'HUM 101', 'Anthony', 'Verano', NULL, '2011-01-28 19:53:34', '2011-01-28 19:53:34'),
(643, '21842448', 'HUM 101', 'Declan J', 'Hennessey', NULL, '2011-01-28 19:54:00', '2011-01-28 19:54:00'),
(644, '31007281', 'HUM 101', 'Mohammed', 'Ahmed', NULL, '2011-01-28 19:54:24', '2011-01-28 19:54:24'),
(645, '21815873', 'HUM 101', 'Ebrahim', 'Hekmat', NULL, '2011-01-28 19:54:41', '2011-01-28 19:54:41'),
(646, '31008906', 'HUM 101', 'Cesar L', 'Luque', NULL, '2011-01-28 19:54:56', '2011-01-28 19:54:56'),
(647, '21815919', 'HUM 101', 'Frankie C', 'Ng', NULL, '2011-01-28 19:55:10', '2011-01-28 19:55:10'),
(648, '21840133', 'HUM 101', 'Matthew J', 'Nicosia', NULL, '2011-01-28 19:55:25', '2011-01-28 19:55:25'),
(649, '21675622', 'HUM 101', 'Ian C', 'Taylor', NULL, '2011-01-28 19:55:45', '2011-01-28 19:55:45'),
(650, '21818307', 'HUM 101', 'Louis', 'Orozco', NULL, '2011-01-28 19:56:10', '2011-01-28 19:56:10'),
(651, '21675564', 'HUM 101', 'Yousef M', 'Rasheed', NULL, '2011-01-28 19:56:25', '2011-01-28 19:56:25'),
(652, '31006979', 'HUM 101', 'Samantha J', 'Ries', NULL, '2011-01-28 19:56:38', '2011-01-28 19:56:38'),
(653, '31011763', 'HUM 101', 'Ashley R', 'Bobal', NULL, '2011-01-28 19:57:03', '2011-01-28 19:57:03'),
(654, '21643933', 'HUM 101', 'Vijay', 'Chillar', NULL, '2011-01-28 19:57:19', '2011-01-28 19:57:19'),
(655, '31006180', 'HUM 101', 'Michael R', 'Dasilva', NULL, '2011-01-28 19:57:35', '2011-01-28 19:57:35'),
(656, '31009969', 'HUM 101', 'Miles H', 'Johnson', NULL, '2011-01-28 19:57:56', '2011-01-28 19:57:56'),
(657, '21682842', 'HUM 101', 'Andrew', 'Green', NULL, '2011-01-28 21:10:12', '2011-01-28 21:10:12'),
(658, '31004916', 'HUM 101', 'Paul M', 'Demnicki', NULL, '2011-01-28 21:10:36', '2011-01-28 21:10:36'),
(659, '21816739', 'HUM 101', 'Jose A', 'Rijo', NULL, '2011-01-28 21:10:54', '2011-01-28 21:10:54'),
(660, '31004909', 'HUM 101', 'Rachel M', 'Duelly', NULL, '2011-01-28 21:11:13', '2011-01-28 21:11:13'),
(661, '21816375', 'HUM 101', 'Kourtney L', 'Gans', NULL, '2011-01-28 21:11:32', '2011-01-28 21:11:32'),
(662, '31008590', 'HUM 101', 'Nemish M', 'Kuvadia', NULL, '2011-01-28 21:11:48', '2011-01-28 21:11:48'),
(663, '31006071', 'HUM 101', 'Alma A', 'Villalba', NULL, '2011-01-28 21:12:09', '2011-01-28 21:12:09'),
(664, '31055758', 'HUM 101', 'Frank', 'Arabia', NULL, '2011-01-28 21:12:36', '2011-01-28 21:12:36'),
(665, '31007090', 'HUM 101', 'Tarick', 'Awad', NULL, '2011-01-28 21:12:53', '2011-01-28 21:12:53'),
(666, '31006381', 'HUM 101', 'Victoria', 'Creque-Steele', NULL, '2011-01-28 21:13:09', '2011-01-28 21:13:09'),
(667, '31011532', 'HUM 101', 'John L', 'Hernandez', NULL, '2011-01-28 21:13:26', '2011-01-28 21:13:26'),
(668, '21820982', 'HUM 101', 'Vincia C', 'Jackson', NULL, '2011-01-28 21:13:42', '2011-01-28 21:13:42'),
(669, '21842094', 'HUM 101', 'Susan N', 'Pelaez', NULL, '2011-01-28 21:14:06', '2011-01-28 21:14:06'),
(670, '31008198', 'HUM 101', 'James W', 'Perks', NULL, '2011-01-28 21:14:19', '2011-01-28 21:14:19'),
(671, '31005805', 'HUM 101', 'Bryan J', 'Popiolek', NULL, '2011-01-28 21:14:41', '2011-01-28 21:14:41'),
(672, '31011365', 'HUM 101', 'John', 'Choi', NULL, '2011-01-28 21:14:59', '2011-01-28 21:14:59'),
(673, '21675562', 'HUM 101', 'Brian', 'Pujada', NULL, '2011-01-28 21:15:15', '2011-01-28 21:15:15'),
(674, '21841202', 'HUM 101', 'Rafael', 'Simancas', NULL, '2011-01-28 21:15:36', '2011-01-28 21:15:36'),
(675, '31005827', 'HUM 101', 'Anil', 'Sudama', NULL, '2011-01-28 21:15:50', '2011-01-28 21:15:50'),
(676, '21765502', 'HUM 101', 'Justin L', 'Goldsberry', NULL, '2011-01-28 21:16:12', '2011-01-28 21:16:12'),
(677, '21676124', 'HUM 101', 'Lucas', 'Pluta', NULL, '2011-01-28 21:16:29', '2011-01-28 21:16:29'),
(678, '21846993', 'HUM 101', 'Yogeshwar', 'Ramkirath', NULL, '2011-01-28 21:16:48', '2011-01-28 21:16:48'),
(679, '31006019', 'HUM 101', 'Joshua A', 'Gilmore', NULL, '2011-01-28 21:17:15', '2011-01-28 21:17:15'),
(680, '31004460', 'HUM 101', 'Andrew I', 'Onyebuchi', NULL, '2011-01-28 21:17:30', '2011-01-28 21:17:30'),
(681, '21847004', 'HUM 101', 'Dondrey D', 'Taylor', NULL, '2011-01-28 21:17:46', '2011-01-28 21:17:46'),
(682, '31009137', 'HUM 101', 'Keegan T', 'Acquaotta', NULL, '2011-01-28 21:18:17', '2011-01-28 21:18:17'),
(683, '31016067', 'HUM 101', 'Taimur', 'Ahmed', NULL, '2011-01-28 21:18:33', '2011-01-28 21:18:33'),
(684, '21817312', 'HUM 101', 'Delix T', 'Alex', NULL, '2011-01-28 21:18:50', '2011-01-28 21:18:50'),
(685, '31009997', 'HUM 101', 'Napoleon Andre S', 'Amparo', NULL, '2011-01-28 21:19:10', '2011-01-28 21:19:10'),
(686, '31006636', 'HUM 101', 'Anthony H', 'Bejar', NULL, '2011-01-28 21:19:25', '2011-01-28 21:19:25'),
(687, '21841079', 'HUM 101', 'Michael A', 'Bianci', NULL, '2011-01-28 21:19:42', '2011-01-28 21:19:42'),
(688, '31008806', 'HUM 101', 'Yong-Sang', 'Cho', NULL, '2011-01-28 21:20:01', '2011-01-28 21:20:01'),
(689, '21801498', 'HUM 101', 'Michael P', 'Cywinski', NULL, '2011-01-28 21:20:17', '2011-01-28 21:20:17'),
(690, '31016950', 'HUM 101', 'Grzegorz J', 'Dytko', NULL, '2011-01-28 21:20:33', '2011-01-28 21:20:33'),
(691, '31007070', 'HUM 101', 'Randy', 'Garcia', NULL, '2011-01-28 21:20:57', '2011-01-28 21:20:57'),
(692, '21848559', 'HUM 101', 'Philopatier S', 'Hanna', NULL, '2011-01-28 21:21:19', '2011-01-28 21:21:19'),
(693, '31015532', 'HUM 101', 'Sherif A', 'Helmy', NULL, '2011-01-28 21:21:33', '2011-01-28 21:21:33'),
(694, '21820658', 'HUM 101', 'Roy P', 'Hill-Percival', NULL, '2011-01-28 21:21:48', '2011-01-28 21:21:48'),
(695, '21816102', 'HUM 101', 'Robert R', 'Houdlette', NULL, '2011-01-28 21:22:03', '2011-01-28 21:22:03'),
(696, '21691358', 'HUM 101', 'Douglas T', 'James', NULL, '2011-01-28 21:22:22', '2011-01-28 21:22:22'),
(697, '31006051', 'HUM 101', 'Intouch', 'Loomcharoen', NULL, '2011-01-28 21:22:46', '2011-01-28 21:22:46'),
(698, '31007486', 'HUM 101', 'Sean P', 'McGuire', NULL, '2011-01-28 21:23:06', '2011-01-28 21:23:06'),
(699, '21841159', 'HUM 101', 'Shyam N', 'Patel', NULL, '2011-01-28 21:23:19', '2011-01-28 21:23:19'),
(700, '31006666', 'HUM 101', 'Richard', 'Rifino', NULL, '2011-01-28 21:23:35', '2011-01-28 21:23:35'),
(701, '31010756', 'HUM 101', 'Adrian', 'Roginski', NULL, '2011-01-28 21:23:51', '2011-01-28 21:23:51'),
(702, '21682944', 'HUM 101', 'Matthew V', 'Ronga', NULL, '2011-01-28 21:24:06', '2011-01-28 21:24:06'),
(703, '21676319', 'HUM 101', 'Rebecca', 'Roselli', NULL, '2011-01-28 21:24:22', '2011-01-28 21:24:22'),
(704, '21816826', 'HUM 101', 'Jojhar S', 'Sethi', NULL, '2011-01-28 21:24:47', '2011-01-28 21:24:47'),
(705, '31008478', 'HUM 101', 'Tejas D', 'Trivedi', NULL, '2011-01-28 21:25:02', '2011-01-28 21:25:02'),
(706, '31015550', 'HUM 101', 'Jesse M', 'Yip', NULL, '2011-01-28 21:25:16', '2011-01-28 21:25:16'),
(707, '21817498', 'HUM 101', 'Hala', 'Altunji', NULL, '2011-01-28 21:25:46', '2011-01-28 21:25:46'),
(708, '31007814', 'HUM 101', 'Ryan K', 'Basak', NULL, '2011-01-28 21:26:04', '2011-01-28 21:26:04'),
(709, '31005849', 'HUM 101', 'Sarah F', 'Fahmy', NULL, '2011-01-28 21:26:18', '2011-01-28 21:26:18'),
(710, '31007216', 'HUM 101', 'Arielle A', 'Lesnoy', NULL, '2011-01-28 21:26:40', '2011-01-28 21:26:40'),
(711, '31015436', 'HUM 101', 'Hannelore A', 'Macdonald', NULL, '2011-01-28 21:26:58', '2011-01-28 21:26:58'),
(712, '21682616', 'HUM 101', 'Kumpal H', 'Mehta', NULL, '2011-01-28 21:27:15', '2011-01-28 21:27:15'),
(713, '21754492', 'HUM 101', 'Lindsey', 'Oh', NULL, '2011-01-28 21:27:28', '2011-01-28 21:27:28'),
(714, '31006067', 'HUM 101', 'Brian R', 'Shepard', NULL, '2011-01-28 21:28:10', '2011-01-28 21:28:10'),
(715, '31005959', 'HUM 101', 'Iqbal', 'Sherif', NULL, '2011-01-28 21:28:28', '2011-01-28 21:28:28'),
(716, '21681302', 'HUM 101', 'Ruchika', 'Talwar', NULL, '2011-01-28 21:28:46', '2011-01-28 21:28:46'),
(717, '31005591', 'HUM 101', 'Laila F', 'Abbas', NULL, '2011-01-28 21:29:05', '2011-01-28 21:29:05'),
(718, '31005937', 'HUM 101', 'Yaser M', 'Albataineh', NULL, '2011-01-28 21:29:19', '2011-01-28 21:29:19'),
(719, '21816166', 'HUM 101', 'Maya O', 'Barreto', NULL, '2011-01-28 21:29:37', '2011-01-28 21:29:37'),
(720, '21801232', 'HUM 101', 'Jeremy B', 'Buhain', NULL, '2011-01-28 21:29:59', '2011-01-28 21:29:59'),
(721, '21675730', 'HUM 101', 'Thomas W', 'Dougher', NULL, '2011-01-28 21:30:14', '2011-01-28 21:30:14'),
(722, '21816218', 'HUM 101', 'Victor J', 'Guiang', NULL, '2011-01-28 21:30:33', '2011-01-28 21:30:33'),
(723, '21747610', 'HUM 101', 'Eshita', 'Patel', NULL, '2011-01-28 21:30:56', '2011-01-28 21:30:56'),
(724, '21681296', 'HUM 101', 'Naomi S', 'Patel', NULL, '2011-01-28 21:31:13', '2011-01-28 21:31:13'),
(725, '21802470', 'HUM 101', 'Vikram', 'Ramkumar', NULL, '2011-01-28 21:31:29', '2011-01-28 21:31:29'),
(726, '31004928', 'HUM 101', 'Irene T', 'Shaji', NULL, '2011-01-28 21:31:50', '2011-01-28 21:31:50'),
(727, '21838623', 'HUM 101', 'Lara L', 'Spinelli', NULL, '2011-01-28 21:33:18', '2011-01-28 21:33:18'),
(728, '31004929', 'HUM 101', 'Moheb', 'Thomas', NULL, '2011-01-28 21:33:32', '2011-01-28 21:33:32'),
(729, '31006035', 'HUM 101', 'Jilyan G', 'Decker', NULL, '2011-01-28 21:34:02', '2011-01-28 21:34:02'),
(730, '21676058', 'HUM 101', 'Kevin', 'Ly', NULL, '2011-01-28 21:34:16', '2011-01-28 21:34:16'),
(731, '31005803', 'HUM 101', 'Jay', 'Pathak', NULL, '2011-01-28 21:34:32', '2011-01-28 21:34:32'),
(732, '31005833', 'HUM 101', 'Nicole P', 'Tran', NULL, '2011-01-28 21:34:49', '2011-01-28 21:34:49'),
(733, '21802621', 'HUM 101', 'Michael F', 'Lafferty', NULL, '2011-02-09 11:43:21', '2011-02-09 11:43:21'),
(734, '21841114', 'HUM 101', 'Bryant H', 'Almanza', NULL, '2011-02-09 11:45:57', '2011-02-09 11:45:57'),
(735, '31006943', 'HUM 101', 'Justin M', 'Devera', NULL, '2011-02-09 11:46:16', '2011-02-09 11:46:16'),
(736, '21678972', 'HUM 101', 'Johnpaul G', 'Golinski', NULL, '2011-02-09 11:46:48', '2011-02-09 11:46:48'),
(737, '21820807', 'HUM 101', 'Dhruv', 'Lad', NULL, '2011-02-09 11:47:04', '2011-02-09 11:47:04'),
(738, '21816265', 'HUM 101', 'Sheldon A', 'Monteiro', NULL, '2011-02-09 11:47:28', '2011-02-09 11:47:28'),
(739, '21845249', 'HUM 101', 'Samuel W', 'Pesce', NULL, '2011-02-09 11:47:51', '2011-02-09 11:47:51'),
(740, '21773947', 'HUM 101', 'Kunal H', 'Rana', NULL, '2011-02-09 11:48:13', '2011-02-09 11:48:13'),
(741, '21819922', 'HUM 101', 'Shehab H', 'Saad', NULL, '2011-02-09 11:48:32', '2011-02-09 11:48:32'),
(742, '21816598', 'HUM 101', 'Louis F', 'Saporito', NULL, '2011-02-09 11:48:54', '2011-02-09 11:48:54'),
(743, '31007280', 'HUM 101', 'Shabiha', 'Yasmin', NULL, '2011-02-09 11:49:18', '2011-02-09 11:49:18'),
(744, '31008845', 'HUM 101', 'Brian', 'Yip', NULL, '2011-02-09 11:49:34', '2011-02-09 11:49:34'),
(745, '31004295', 'HUM 101', 'Thomas A', 'Pampalone', NULL, '2011-02-09 11:58:03', '2011-02-09 11:58:03'),
(746, '21845115', 'HUM 101', 'Erik J', 'Liepins', NULL, '2011-02-09 11:58:25', '2011-02-09 11:58:25'),
(747, '31006817', 'HUM 101', 'James M', 'Pearson', NULL, '2011-02-09 12:08:34', '2011-02-09 12:08:34'),
(748, '31008848', 'HUM 099', 'Esteban D', 'Gayoso', NULL, '2011-02-09 12:08:58', '2011-02-09 12:08:58'),
(749, '21801418', 'HUM 101', 'Kyle A', 'Kattine', NULL, '2011-02-09 12:11:58', '2011-02-09 12:11:58'),
(750, '31009485', 'HUM 099', 'Franklin E', 'Pena', NULL, '2011-02-09 12:13:03', '2011-02-09 12:13:03'),
(751, '21800932', 'HUM 101', 'Philip', 'Kwon', NULL, '2011-02-09 12:27:46', '2011-02-09 12:27:46'),
(752, '31012609', 'HUM 099', 'Patrick A', 'Furtek', NULL, '2011-02-09 12:28:00', '2011-02-09 12:28:00'),
(753, '31007228', 'HUM 099', 'Faizah J', 'Muhammad', NULL, '2011-02-09 13:53:31', '2011-02-09 13:53:31'),
(754, '21680812', 'HUM 101', 'Andre J', 'Moses', NULL, '2011-02-09 16:01:14', '2011-02-09 16:01:14'),
(755, '31011294', 'HUM 101', 'Zachary P', 'Emmett', NULL, '2011-02-09 16:01:31', '2011-02-09 16:01:31'),
(756, '31007277', 'HUM 101', 'Prabhat', 'Vijayan', NULL, '2011-02-09 16:01:48', '2011-02-09 16:01:48'),
(757, '31012635', 'HUM 101', 'Henrique Piccoli', 'Moreno', NULL, '2011-02-09 16:02:15', '2011-02-09 16:02:15'),
(759, '21681978', 'HUM 101', 'Kyle J', 'Natusch', NULL, '2011-02-09 16:03:59', '2011-02-09 16:03:59'),
(760, '31006781', 'HUM 101', 'Carol', 'Martin', NULL, '2011-02-09 16:04:16', '2011-02-09 16:04:16'),
(761, '21802843', 'HUM 101', 'Amanda L', 'Cronce', NULL, '2011-02-09 16:04:32', '2011-02-09 16:04:32'),
(762, '11133444', 'test 101', 'Ebenezer', 'Scrooge', NULL, '2011-12-20 11:36:06', '2011-12-20 11:36:06'),
(765, '11144555', 'Test 101', 'Robert', 'Cratchett', NULL, '2011-12-20 12:35:12', '2011-12-20 12:35:12'),
(766, '45566789', 'Test 101', 'Tinyu', 'Tim', NULL, '2011-12-20 12:35:36', '2011-12-20 12:35:36'),
(767, '41234566', 'Test 101', 'Donald', 'Duck', NULL, '2011-12-20 12:36:10', '2011-12-20 12:36:10'),
(768, '77755444', 'Test 101', 'Indiana', 'Jones', NULL, '2011-12-20 12:36:32', '2011-12-20 12:36:32'),
(788, '44455666', 'HUM 099', 'Tom', 'Lotti', NULL, '0000-00-00 00:00:00', '0000-00-00 00:00:00'),
(789, '44466777', 'HUM 101', 'Don', 'Rickels', NULL, '0000-00-00 00:00:00', '0000-00-00 00:00:00'),
(790, '44477888', 'HUM 101', 'Johann', 'Sebastian Bach', NULL, '0000-00-00 00:00:00', '0000-00-00 00:00:00'),
(791, '44488999', 'HUM 099', 'Johann', 'Strauss', NULL, '0000-00-00 00:00:00', '0000-00-00 00:00:00'),
(792, '44455777', 'HUM 100', 'James', 'Garner', NULL, '0000-00-00 00:00:00', '0000-00-00 00:00:00'),
(793, '44455888', 'HUM 102', 'Lucille', 'Ball', NULL, '0000-00-00 00:00:00', '0000-00-00 00:00:00'),
(794, '22222222', 'Test 101', 'Sam', 'Collins', NULL, '2012-01-03 11:45:36', '2012-01-03 11:45:36'),
(795, '33333333', 'Test 102', 'Sam', 'Spade', NULL, '2012-01-03 11:46:00', '2012-01-03 11:46:00'),
(796, '44444444', 'Test 101', 'James', 'Barnes', NULL, '2012-01-03 11:46:19', '2012-01-03 11:46:19'),
(797, '55555555', 'Test 102', 'Drum', 'Thwacket', NULL, '2012-01-03 11:46:43', '2012-01-03 11:46:43'),
(814, '13131', 'HUM 999', 'Regina', 'Collins', NULL, '2013-01-08 08:04:08', '0000-00-00 00:00:00'),
(815, '1325', 'HUM 999', 'Sarah', 'Collins', NULL, '2013-01-08 08:04:08', '0000-00-00 00:00:00'),
(816, '25485', 'HUM 999', 'Harry', 'Joseph', NULL, '2013-01-08 08:04:08', '0000-00-00 00:00:00'),
(817, '85466', 'HUM 999', 'Evelyn', 'Savage', NULL, '2013-01-08 08:04:08', '0000-00-00 00:00:00'),
(818, '1234', 'HUM 999', 'John', 'Brian', NULL, '2013-01-08 11:05:21', '0000-00-00 00:00:00'),
(819, '2356', 'HUM 999', 'Sarah', 'James', NULL, '2013-01-08 11:05:21', '0000-00-00 00:00:00'),
(820, '59494', 'HUM 999', 'Harry', 'Joseph', NULL, '2013-01-08 11:05:21', '0000-00-00 00:00:00'),
(821, '96453', 'HUM 999', 'Evelyn', 'Savage', NULL, '2013-01-08 11:05:21', '0000-00-00 00:00:00'),
(904, '53487', 'LCD', 'David', 'Alexander', 'https://sites.google.com/site/hum101dha2/home/downloads', '2013-01-12 11:07:02', '0000-00-00 00:00:00'),
(905, '71625', 'LC3', 'Leslie', 'Antwi-Boasiako', 'https://sites.google.com/a/njit.edu/humsplosion/ ', '2013-01-12 11:07:02', '0000-00-00 00:00:00'),
(906, '53559', 'LC3', 'David', 'Arabia', 'https://sites.google.com/a/njit.edu/david-arabia-eportfolio/ ', '2013-01-12 11:07:02', '0000-00-00 00:00:00'),
(907, '34524', 'LC3', 'Jose Antonio', 'Belen', 'https://sites.google.com/a/njit.edu/joseantoniobelenhum101-lc3/essays ', '2013-01-12 11:07:02', '0000-00-00 00:00:00'),
(908, '66337', 'LC8 LCG', 'Ian', 'Bentley', 'https://sites.google.com/a/njit.edu/ian-bentley-efolio/ ', '2013-01-12 11:07:02', '0000-00-00 00:00:00'),
(909, '65490', 'LC8 LCG', 'Jan Chris', 'Tacbianan', 'https://sites.google.com/a/njit.edu/jat37/home/files ', '2013-01-12 11:07:02', '0000-00-00 00:00:00'),
(910, '36582', 'LC6', 'Darius O. ', 'Thurman', 'https://sites.google.com/site/dariusthurmanseportfolio/home', '2013-01-12 11:07:02', '0000-00-00 00:00:00'),
(911, '57641', 'H03', 'Stephanie ', 'Tran', 'http://usagishi.wix.com/st346humportfolio#', '2013-01-12 11:07:02', '0000-00-00 00:00:00'),
(912, '68479', 'LC8 LCG', 'Thomas', 'Vanwart', 'https://sites.google.com/site/thomasvanwartefolio/ ', '2013-01-12 11:07:02', '0000-00-00 00:00:00'),
(913, '19071', 'LCF', 'Alexander M. ', 'Vigna', 'https://sites.google.com/site/alexandervignaport/home   ', '2013-01-12 11:07:02', '0000-00-00 00:00:00'),
(914, '71429', 'LCF', 'Eric R. ', 'Washofer', 'https://sites.google.com/a/njit.edu/eric-washofer/', '2013-01-12 11:07:02', '0000-00-00 00:00:00'),
(915, '21285', 'LC6', 'Elise M. ', 'Zinssmeister', 'https://sites.google.com/a/njit.edu/elise-zinssmeister-e-portfolio/ ', '2013-01-12 11:07:02', '0000-00-00 00:00:00'),
(916, '76438', 'H03', 'Adrian  ', 'Zuga', 'https://www.sites.google.com/a/njit.edu/adrianzugaj/welcome', '2013-01-12 11:07:02', '0000-00-00 00:00:00'),
(917, '31153487', 'LCD', 'David', 'Alexander', 'https://sites.google.com/site/hum101dha2/home/downloads', '2013-01-14 17:45:38', '0000-00-00 00:00:00'),
(918, '31171625', 'LC3', 'Leslie', 'Antwi-Boasiako', 'https://sites.google.com/a/njit.edu/la68portfolio', '2013-01-14 17:45:38', '2013-05-15 17:53:52'),
(919, '31153559', 'LC3', 'David', 'Arabia', 'https://sites.google.com/a/njit.edu/david-arabia-eportfolio/ ', '2013-01-14 17:45:38', '0000-00-00 00:00:00'),
(920, '31234524', 'LC3', 'Jose Antonio', 'Belen', 'https://sites.google.com/a/njit.edu/joseantoniobelenhum101-lc3/essays ', '2013-01-14 17:45:38', '0000-00-00 00:00:00'),
(921, '31166337', 'LC8 LCG', 'Ian', 'Bentley', 'https://sites.google.com/a/njit.edu/ian-bentley-efolio/ ', '2013-01-14 17:45:38', '0000-00-00 00:00:00'),
(922, '31173683', 'LC4', 'Joseph', 'Blackton', 'https://sites.google.com/a/njit.edu/joseph-blackton-s-e-portfolio/', '2013-01-14 17:45:38', '0000-00-00 00:00:00'),
(923, '31114942', 'LC4', 'Scott', 'Bohn', 'https://sites.google.com/a/njit.edu/SB549portfolio', '2013-01-14 17:45:38', '2013-05-15 17:53:52'),
(924, '31172546', 'LC4', 'Gary', 'Buchalski', 'https://docs.google.com/folder/d/0B0MbYFTRvX7sQ3VMbWEwcGxEOUk/edit', '2013-01-14 17:45:38', '0000-00-00 00:00:00'),
(925, '31237350', 'LCF', 'Jan M', 'Cepeda', 'https://sites.google.com/a/njit.edu/jmc69/', '2013-01-14 17:45:38', '2013-05-15 17:53:52'),
(926, '31115263', 'LC3', 'Sean', 'Charran', 'https://sites.google.com/a/njit.edu/sean-charran/ ', '2013-01-14 17:45:38', '0000-00-00 00:00:00'),
(927, '31168887', 'LC3', 'Daniel', 'Clark', 'https://sites.google.com/site/danielgclarkseportfolio/ ', '2013-01-14 17:45:38', '0000-00-00 00:00:00'),
(928, '31173283', 'LC4', 'Edward', 'Cox', 'https://sites.google.com/a/njit.edu/edward-cox-eportfolio/', '2013-01-14 17:45:38', '0000-00-00 00:00:00'),
(929, '31166491', 'H03', 'Matthew', 'Dachille', 'https://sites.google.com/a/njit.edu/matthew-d-achille-portfolio/home', '2013-01-14 17:45:38', '0000-00-00 00:00:00'),
(930, '31115511', 'H03', 'Rajeet K', 'Das', 'https://sites.google.com/a/njit.edu/raj-das-portfolio/home', '2013-01-14 17:45:38', '0000-00-00 00:00:00'),
(931, '99999999', 'H03', 'Melanie', 'De Leon', 'https://sites.google.com/a/njit.edu/hum-portfolio/home', '2013-01-14 17:45:38', '0000-00-00 00:00:00'),
(932, '31167507', 'LC3', 'Rod', 'Flores', 'https://sites.google.com/a/njit.edu/rod-j-flores/ ', '2013-01-14 17:45:38', '0000-00-00 00:00:00'),
(933, '31236453', 'LC4', 'Nicholas', 'Gamber', 'https://sites.google.com/a/njit.edu/nicholas-gamber/', '2013-01-14 17:45:38', '0000-00-00 00:00:00'),
(934, '31172927', 'LC6', 'Jason A', 'Gonzalez', 'https://sites.google.com/site/jgonzalez9991/home ', '2013-01-14 17:45:38', '0000-00-00 00:00:00'),
(935, '31165922', 'LC1', 'Srilakshmi D', 'Grandhi', 'https://sites.google.com/a/njit.edu/hum-101---lc1/', '2013-01-14 17:45:38', '0000-00-00 00:00:00'),
(936, '31056839', 'LC8 LCG', 'Tyler', 'Hughes', 'https://sites.google.com/a/njit.edu/tyler-hughes/coursework', '2013-01-14 17:45:38', '0000-00-00 00:00:00'),
(937, '31082280', 'LCF', 'Michael E', 'Hunter', 'https://sites.google.com/site/michaelhuntereportfolio/welcome ', '2013-01-14 17:45:38', '0000-00-00 00:00:00'),
(938, '31171339', 'H03', 'Anna ', 'Jezewska', 'https://sites.google.com/a/njit.edu/ajeportfolio/home', '2013-01-14 17:45:38', '0000-00-00 00:00:00'),
(939, '31069999', 'H03', 'Jaelynne A', 'King', 'https://sites.google.com/a/njit.edu/kingportoflio/', '2013-01-14 17:45:38', '0000-00-00 00:00:00'),
(940, '31070329', 'LC7', 'Patrick', 'Laban', 'https://sites.google.com/a/njit.edu/patrick-laban-s-e-portfolio/ ', '2013-01-14 17:45:38', '0000-00-00 00:00:00'),
(941, '31157344', 'H03', 'John', 'Lombardi', 'https://sites.google.com/a/njit.edu/john-lombardi-s-e-portfolio/welcome', '2013-01-14 17:45:38', '0000-00-00 00:00:00'),
(942, '31168642', 'LCF', 'Jorge Luis', 'Lopez', 'https://sites.google.com/site/wwwjl495portfoliocom/ ', '2013-01-14 17:45:38', '0000-00-00 00:00:00'),
(943, '31117186', 'LC9', 'Gerome', 'Manicia', 'www.geromemanicia.joulefolio.com', '2013-01-14 17:45:38', '0000-00-00 00:00:00'),
(944, '31169228', 'LC4', 'Anderson', 'Martins', 'https://sites.google.com/a/njit.edu/world-of-anderson/home/english-work', '2013-01-14 17:45:38', '0000-00-00 00:00:00'),
(945, '31107219', 'H03', 'Camilo  ', 'Marulanda ', 'https://sites.google.com/a/njit.edu/e-portfolio-hum-101/home', '2013-01-14 17:45:38', '0000-00-00 00:00:00'),
(946, '31095636', 'LCF', 'Jibin C', 'Mathew', 'https://sites.google.com/a/njit.edu/jibin-mathew-hum101-lcf/ ', '2013-01-14 17:45:38', '0000-00-00 00:00:00'),
(947, '31123599', 'H03', 'Melvin  ', 'Mathew', 'https://sites.google.com/a/njit.edu/melswork/welcome', '2013-01-14 17:45:38', '0000-00-00 00:00:00'),
(948, '31172741', 'LC6', 'Joshua S', 'Merce ', 'https://sites.google.com/site/joshuasmercer/home', '2013-01-14 17:45:38', '0000-00-00 00:00:00'),
(949, '31071875', 'LCF', 'Auston', 'Moniez', 'https://sites.google.com/a/njit.edu/hum102-lcf/', '2013-01-14 17:45:38', '2013-05-15 17:53:52'),
(950, '31083105', 'H03', 'Stephen', 'Morrison', 'http://srm56portfolio.weebly.com/', '2013-01-14 17:45:38', '0000-00-00 00:00:00'),
(951, '31108637', 'H03', 'Hathija S', 'Noor', 'https://sites.google.com/a/njit.edu/noor-hathija-eportfolio/welcome', '2013-01-14 17:45:38', '0000-00-00 00:00:00'),
(952, '31058438', 'LC8 LCG', 'Korede', 'Otetubi', 'https://sites.google.com/a/njit.edu/oao9portfolio/', '2013-01-14 17:45:38', '2013-05-15 17:53:52'),
(953, '31072639', 'H03', 'Joseph', 'Parrinello', 'https://sites.google.com/site/parrinelloportfolio/', '2013-01-14 17:45:38', '0000-00-00 00:00:00'),
(954, '31157365', 'LC3', 'Akshar', 'Patel', 'https://sites.google.com/a/njit.edu/ahp35portfolio', '2013-01-14 17:45:38', '2013-05-15 17:53:52'),
(955, '31173733', 'LC9', 'Anish', 'Patel', 'https://sites.google.com/a/njit.edu/anish-patel-hum101lc9/', '2013-01-14 17:45:38', '0000-00-00 00:00:00'),
(956, '31168067', 'LCA', 'Neer', 'Patel', 'https://sites.google.com/a/njit.edu/Neerpatel/', '2013-01-14 17:45:38', '2013-05-15 17:53:52'),
(957, '31165680', 'LCA', 'Neil', 'Patel', 'https://sites.google.com/a/njit.edu/neil-patel-humanities-101/', '2013-01-14 17:45:38', '0000-00-00 00:00:00'),
(958, '31166564', 'H03', 'Rushi K', 'Patel ', 'https://sites.google.com/a/njit.edu/rushi-k-patel-s-e-portfolio/welcome', '2013-01-14 17:45:38', '0000-00-00 00:00:00'),
(959, '88888888', 'H03', 'Ashas', 'Pathan', 'https://sites.google.com/a/njit.edu/f2012-hum101h03-pathan/welcome', '2013-01-14 17:45:38', '0000-00-00 00:00:00'),
(960, '31238004', 'LC8 LCG', 'Kenny ', 'Pemberthy', 'https://sites.google.com/a/njit.edu/humanities-work/ ', '2013-01-14 17:45:38', '0000-00-00 00:00:00'),
(961, '31010361', 'UK', 'Isaiah', 'Pulliam', 'https://sites.google.com/a/njit.edu/isaiah-pulliam-hum-102-017/ ', '2013-01-14 17:45:38', '0000-00-00 00:00:00'),
(962, '31124612', 'H03', 'Agnes  ', 'Puzio', 'http://agnespuzio.wix.com/englishe-porfolio', '2013-01-14 17:45:38', '0000-00-00 00:00:00'),
(963, '31118200', 'LC6', 'Sebastienne M', 'Rivada', 'https://sites.google.com/site/srivadaportfolio/', '2013-01-14 17:45:38', '2013-05-15 17:53:53'),
(964, '31118481', 'H03', 'Ashly  ', 'Seby ', 'https://sites.google.com/a/njit.edu/ashly-seby-humanties-101/home', '2013-01-14 17:45:38', '0000-00-00 00:00:00'),
(965, '31170391', 'LCD', 'Wojciech ', 'Serafin ', 'https://sites.google.com/site/wserafin101/', '2013-01-14 17:45:38', '0000-00-00 00:00:00'),
(966, '31167009', 'H03', 'Ilesha A', 'Sevak  ', 'https://sites.google.com/a/njit.edu/ilesha-sevak-s-portfolio/', '2013-01-14 17:45:38', '0000-00-00 00:00:00'),
(967, '31168056', 'H03', 'Jigar K', 'Shah', 'https://sites.google.com/a/njit.edu/jigar-shah-e-portfolio/', '2013-01-14 17:45:38', '0000-00-00 00:00:00'),
(968, '31171126', 'LCF', 'Oleksandr', 'Shebitchenko', 'https://sites.google.com/a/njit.edu/oleksandr-shebitchenko-e-portfolio/ ', '2013-01-14 17:45:38', '0000-00-00 00:00:00'),
(969, '31165490', 'LC8 LCG', 'Jan Chris', 'Tacbianan', 'https://sites.google.com/a/njit.edu/jat37/home/files ', '2013-01-14 17:45:38', '0000-00-00 00:00:00'),
(970, '31236582', 'LC6', 'Darius O', 'Thurman', 'https://sites.google.com/site/dariusthurmanseportfolio/home/humanities-folder', '2013-01-14 17:45:38', '2013-05-15 17:53:53'),
(971, '31157641', 'H03', 'Stephanie ', 'Tran', 'http://usagishi.wix.com/st346humportfolio#', '2013-01-14 17:45:38', '0000-00-00 00:00:00'),
(972, '31168479', 'LC8 LCG', 'Thomas', 'Vanwart', 'https://sites.google.com/a/njit.edu/tomscite/ ', '2013-01-14 17:45:38', '2013-05-15 17:53:53'),
(973, '31119071', 'LCF', 'Alexander M', 'Vigna', 'https://sites.google.com/site/alexandervignaport/', '2013-01-14 17:45:38', '2013-05-15 17:53:53'),
(974, '31171429', 'LCF', 'Eric R', 'Washofer', 'https://sites.google.com/a/njit.edu/eric-washofer-hum-102/', '2013-01-14 17:45:38', '2013-05-15 17:53:53'),
(975, '31121285', 'LC6', 'Elise M', 'Zinssmeister', 'https://sites.google.com/a/njit.edu/elise-zinssmeister-e-portfolio/ ', '2013-01-14 17:45:38', '0000-00-00 00:00:00'),
(976, '31076438', 'H03', 'Adrian  ', 'Zuga', 'https://www.sites.google.com/a/njit.edu/adrianzugaj/welcome', '2013-01-14 17:45:38', '0000-00-00 00:00:00'),
(977, '21761279', 'GAM5', 'Islam', 'Abbassi', 'https://sites.google.com/site/myportfolioeng352/', '2013-05-14 20:28:30', '0000-00-00 00:00:00'),
(978, '31077898', 'GAM5', 'David', 'Argilan', 'https://sites.google.com/site/davidargilansonlineportfolio/', '2013-05-14 20:28:30', '0000-00-00 00:00:00'),
(979, '31246210', 'GAM5', 'Danny', 'Balseca', 'https://sites.google.com/a/njit.edu/e-portfolio---dbalseca-eng-352/ ', '2013-05-14 20:28:30', '0000-00-00 00:00:00'),
(980, '21753093', 'GAM5', 'Lean', 'Barredo', 'https://sites.google.com/a/njit.edu/eng352portfolio/', '2013-05-14 20:28:30', '0000-00-00 00:00:00'),
(981, '21804556', 'GAM5', 'Benita', 'Benjamin', 'https://sites.google.com/a/njit.edu/benita-benjamin-work-in-progress/', '2013-05-14 20:28:30', '0000-00-00 00:00:00'),
(982, '21774245', 'GAM5', 'Peter', 'Fleming', 'https://sites.google.com/a/njit.edu/eng-352----spring-2013-peter-fleming/', '2013-05-14 20:28:30', '0000-00-00 00:00:00'),
(983, '21642861', 'GAM5', 'Andrew', 'Nolan', 'https://sites.google.com/a/njit.edu/amn4eng-352-portfolio/home ', '2013-05-14 20:28:30', '0000-00-00 00:00:00'),
(984, '31096207', 'GAM5', 'Russell', 'Ohern', 'https://sites.google.com/a/njit.edu/russelleng-352-460/', '2013-05-14 20:28:30', '0000-00-00 00:00:00'),
(985, '21676809', 'GAM5', 'Silvia', 'Santos', 'https://sites.google.com/a/njit.edu/silvia-santos-eng-352-portfolio/', '2013-05-14 20:28:30', '0000-00-00 00:00:00'),
(986, '21772023', 'GAM5', 'Brian', 'Shiels', 'https://sites.google.com/a/njit.edu/technical_writing_portfolio_shiels_brian_eng352_456/', '2013-05-14 20:28:30', '0000-00-00 00:00:00'),
(987, '21772622', 'GAM5', 'Nikunj', 'Singh', 'https://sites.google.com/site/nikunjdeepsingheng352456/ ', '2013-05-14 20:28:30', '0000-00-00 00:00:00'),
(988, '21561795', 'GAM5', 'Won-Chul', 'Song', 'https://sites.google.com/site/ws27eng352portfolio/', '2013-05-14 20:28:30', '0000-00-00 00:00:00'),
(989, '21765202', 'GAM5', 'Sashank', 'Tadepalli', 'http://docs.im/njit/eng/', '2013-05-14 20:28:30', '0000-00-00 00:00:00'),
(990, '31247551', 'GAM5', 'Adam', 'Zaloum', 'https://sites.google.com/site/azaloumportfoliosite/ ', '2013-05-14 20:28:30', '0000-00-00 00:00:00'),
(991, '21749211', 'GAM5', 'Zain', 'Zia', 'https://sites.google.com/a/njit.edu/zain-zia-s-portfolio-eng352-460/', '2013-05-14 20:28:30', '0000-00-00 00:00:00'),
(992, '31017528', '104', 'Andres', 'Acosta', 'https://sites.google.com/a/njit.edu/acostaanportfolio/', '2013-05-14 20:28:30', '0000-00-00 00:00:00');
INSERT INTO `student` (`StudentID`, `NJITStudentID`, `Section`, `FirstName`, `LastName`, `url`, `CreateTime`, `LastUpdateTime`) VALUES
(993, '31052171', '104', 'Peter', 'Anthony', 'https://sites.google.com/a/njit.edu/anthonypportfolio/', '2013-05-14 20:28:30', '0000-00-00 00:00:00'),
(994, '39999999', '104', 'Timothy', 'Boyle', 'https://sites.google.com/a/njit.edu/tjb32portfolio/', '2013-05-14 20:28:30', '0000-00-00 00:00:00'),
(995, '31016442', '104', 'Stephen', 'Hirsch', 'https://sites.google.com/a/njit.edu/sgh8portfolio/home', '2013-05-14 20:28:30', '0000-00-00 00:00:00'),
(996, '21553560', '104', 'Christopher', 'Kleban', 'https://sites.google.com/a/njit.edu/chriskportfolio/', '2013-05-14 20:28:30', '0000-00-00 00:00:00'),
(997, '21762456', '104', 'Andrew', 'Mazar', 'https://sites.google.com/a/njit.edu/mazaraportfolio/', '2013-05-14 20:28:30', '0000-00-00 00:00:00'),
(998, '21844921', '104', 'Nicholas', 'Nalywayko', 'https://sites.google.com/a/njit.edu/nn63portfolio/', '2013-05-14 20:28:30', '0000-00-00 00:00:00'),
(999, '21668013', '452', 'Usama', 'Alam', 'https://sites.google.com/site/usamaalialam/', '2013-05-14 20:28:30', '0000-00-00 00:00:00'),
(1000, '31007930', '452', 'Ybrahina', 'Cohen', 'https://sites.google.com/a/njit.edu/ybrahina-cohen-e-portfolio/', '2013-05-14 20:28:30', '0000-00-00 00:00:00'),
(1001, '31084485', '452', 'Alexander', 'Demonaco', 'https://sites.google.com/a/njit.edu/alexander-demonaco/home', '2013-05-14 20:28:30', '0000-00-00 00:00:00'),
(1002, '21761978', '452', 'Jasmit', 'Gill', 'https://sites.google.com/a/njit.edu/jg83/ePortfolio', '2013-05-14 20:28:30', '0000-00-00 00:00:00'),
(1003, '21630276', '452', 'Nicolas', 'Gomez', 'https://sites.google.com/a/njit.edu/nick-gomez/home', '2013-05-14 20:28:30', '0000-00-00 00:00:00'),
(1004, '21633223', '452', 'Wiaderson', 'Gonzalez', 'https://sites.google.com/site/njitwiadersongonzalez/', '2013-05-14 20:28:30', '0000-00-00 00:00:00'),
(1005, '31246167', '452', 'Natalia', 'Marques-Melibeu', 'https://sites.google.com/a/njit.edu/nataliamarquesmelibeu/home', '2013-05-14 20:28:30', '0000-00-00 00:00:00'),
(1006, '31078510', '452', 'Mike', 'Rampone', 'https://sites.google.com/site/eporfliobymikerampone/home', '2013-05-14 20:28:30', '0000-00-00 00:00:00'),
(1007, '21761368', '452', 'Andrew', 'Sindt', 'https://sites.google.com/a/sordoniconstruction.com/e-portfolio-andrew-sindt/ ', '2013-05-14 20:28:30', '0000-00-00 00:00:00'),
(1008, '31050315', '454', 'Paulina', 'Alvarez', 'https://sites.google.com/a/njit.edu/paulinaeng352/ ', '2013-05-14 20:28:30', '0000-00-00 00:00:00'),
(1009, '21762104', '454', 'Matthew', 'Boghdady', 'https://sites.google.com/site/boghdadyeng352/ ', '2013-05-14 20:28:30', '0000-00-00 00:00:00'),
(1010, '31121794', '454', 'Fabian', 'DeLaHoz', 'https://sites.google.com/a/njit.edu/fabianeng352454/', '2013-05-14 20:28:30', '0000-00-00 00:00:00'),
(1011, '31016297', '454', 'Sol', 'Ezra', 'https://sites.google.com/a/njit.edu/sol-ezra-s-eng352-460-e-portfolio/ ', '2013-05-14 20:28:30', '0000-00-00 00:00:00'),
(1012, '21633146', '454', 'Richard', 'Giraldo', 'https://sites.google.com/site/richeng352/', '2013-05-14 20:28:30', '0000-00-00 00:00:00'),
(1013, '21669915', '454', 'Christopher', 'Goelz', 'https://sites.google.com/a/njit.edu/christopher-goelz-eng352-454/', '2013-05-14 20:28:30', '0000-00-00 00:00:00'),
(1014, '21553163', '454', 'Maximiliano', 'Martinez', 'https://sites.google.com/site/martinezeng352/ ', '2013-05-14 20:28:30', '0000-00-00 00:00:00'),
(1015, '21764693', '454', 'Bola', 'Megalla', 'https://sites.google.com/a/njit.edu/bola-megalla-eng-352/home', '2013-05-14 20:28:30', '0000-00-00 00:00:00'),
(1016, '21760753', '454', 'Ali', 'Mustafa', 'https://sites.google.com/site/amustafaeng352/', '2013-05-14 20:28:30', '0000-00-00 00:00:00'),
(1017, '31005987', '454', 'Jaymin', 'Patel', 'https://sites.google.com/a/njit.edu/jayminportfolio/', '2013-05-14 20:28:30', '0000-00-00 00:00:00'),
(1018, '21762918', '454', 'Taij', 'Patel', 'https://sites.google.com/site/taijeng352/', '2013-05-14 20:28:30', '0000-00-00 00:00:00'),
(1019, '31081068', '454', 'Julian', 'Sulse', 'http://juliansulse.joulefolio.com/JSulseEng352', '2013-05-14 20:28:30', '0000-00-00 00:00:00'),
(1020, '21750103', '454', 'Christopher', 'Zglobicki', 'https://sites.google.com/site/chriszeng352/', '2013-05-14 20:28:30', '0000-00-00 00:00:00'),
(1021, '31009580', '458', 'Ryan', 'Brennan', 'http://ryanbrennan.joulefolio.com/', '2013-05-14 20:28:30', '0000-00-00 00:00:00'),
(1022, '31256243', '458', 'Kevin', 'Jarosz', 'https://sites.google.com/a/njit.edu/njit-portfolio/?pli=1', '2013-05-14 20:28:30', '0000-00-00 00:00:00'),
(1023, '21638711', '458', 'Steve', 'Javins', 'http://stevejavins.joulefolio.com/samples', '2013-05-14 20:28:30', '0000-00-00 00:00:00'),
(1024, '31016834', '458', 'Florence', 'Pierre-Sainte', 'https://sites.google.com/site/eng352458portfolio/', '2013-05-14 20:28:30', '0000-00-00 00:00:00'),
(1025, '21845131', '458', 'Agustin', 'Quintana', 'https://drive.google.com/?tab=wo&authuser=0#my-drive', '2013-05-14 20:28:30', '0000-00-00 00:00:00'),
(1026, '31084613', '458', 'Griffin', 'Snyder', 'http://griffinsnyder.joulefolio.com/samples', '2013-05-14 20:28:30', '0000-00-00 00:00:00'),
(1027, '21778184', '458', 'Michael', 'Vitello', 'http://michaelvitello.joulefolio.com/samples', '2013-05-14 20:28:30', '0000-00-00 00:00:00'),
(1028, '21769807', '2', 'Daniel-Peter', 'Adjetey', 'https://sites.google.com/a/njit.edu/daniel-peter-adjetey-s-electronic-portfolio/', '2013-05-14 20:28:30', '0000-00-00 00:00:00'),
(1029, '21633187', '2', 'Vincent', 'DelVecchio', 'https://sites.google.com/site/vdelvecchioseportfolio/welcome', '2013-05-14 20:28:30', '0000-00-00 00:00:00'),
(1030, '21745440', '2', 'Stephen', 'Haddock-Weiler', 'https://sites.google.com/a/njit.edu/stephen-haddock-weiler-s-electronic-portfolio/home', '2013-05-14 20:28:30', '0000-00-00 00:00:00'),
(1031, '31114423', '2', 'Daniel', 'Maia', 'https://sites.google.com/site/danielmaiaselectronicportfolio/', '2013-05-14 20:28:30', '0000-00-00 00:00:00'),
(1032, '31060850', '2', 'Gbemisola', 'Olaoye', 'https://sites.google.com/a/njit.edu/gbemisola-m-olaoye-s-electronic-portfolio/', '2013-05-14 20:28:30', '0000-00-00 00:00:00'),
(1033, '31239238', '2', 'David', 'Orfao', 'https://sites.google.com/a/njit.edu/david-orfao-s-electronic-portfolio/', '2013-05-14 20:28:30', '0000-00-00 00:00:00'),
(1034, '31058305', '2', 'Karen', 'Palmer', 'https://sites.google.com/a/njit.edu/karen-n-palmer-s-electronic-portfolio/welcome', '2013-05-14 20:28:30', '0000-00-00 00:00:00'),
(1035, '31246005', '2', 'Oscar', 'Perrow', 'https://sites.google.com/a/njit.edu/oscar-perrow-s-electronic-portfolio/', '2013-05-14 20:28:30', '0000-00-00 00:00:00'),
(1036, '31237836', 'LC1', 'Manal', 'Abed', 'https://sites.google.com/site/maa89portfolio/', '2013-05-15 17:53:52', '0000-00-00 00:00:00'),
(1037, '31064740', 'LC3', 'Yamin', 'Ahmed', 'https://sites.google.com/a/njit.edu/yaa6portfolio', '2013-05-15 17:53:52', '0000-00-00 00:00:00'),
(1038, '31164811', 'LCB', 'Eric ', 'Anderson', 'https://sites.google.com/a/njit.edu/ericfolio', '2013-05-15 17:53:52', '0000-00-00 00:00:00'),
(1039, '31242740', 'LC9', 'Thierry', 'Arrieta Cespedes', 'https://sites.google.com/a/njit.edu/tsa5portfolio', '2013-05-15 17:53:52', '0000-00-00 00:00:00'),
(1040, '31114736', 'LCB', 'Krystian ', 'Bajek', 'https://sites.google.com/a/njit.edu/krystian-bajek-hum-101-portfolio/', '2013-05-15 17:53:52', '0000-00-00 00:00:00'),
(1041, '31114808', 'LCA', 'Justin', 'Bazylewiz', 'https://sites.google.com/a/njit.edu/Jab43-portfolio/', '2013-05-15 17:53:52', '0000-00-00 00:00:00'),
(1042, '31095305', 'LCB', 'Brendan ', 'Berry', 'http://drive.google.com/a/njit.edu/?tab:wo#folders/BxjdwiB4aRAwZ3h1Y0nTRHhZVLc', '2013-05-15 17:53:52', '0000-00-00 00:00:00'),
(1043, '21717957', 'LC6', 'William ', 'Bird', 'https://sites.google.com/site/williamjakebird/', '2013-05-15 17:53:52', '0000-00-00 00:00:00'),
(1044, '31165441', 'LC1', 'Angelica', 'Blanco', 'https://sites.google.com/a/njit.edu/ab497portfolio/home', '2013-05-15 17:53:52', '0000-00-00 00:00:00'),
(1045, '31248108', 'LCB', 'Guilherme ', 'Borges', 'https://sites.google.com/a/njit.edu/gcb22portfolio', '2013-05-15 17:53:52', '0000-00-00 00:00:00'),
(1046, '31165344', 'LC3', 'Kevin', 'Byrne', 'https://sites.google.com/a/njit.edu/kjb23-portfolio/', '2013-05-15 17:53:52', '0000-00-00 00:00:00'),
(1047, '31173397', 'LC3', 'Luis', 'Cardona', 'https://sites.google.com/a/njit.edu/lac32-portfolio/', '2013-05-15 17:53:52', '0000-00-00 00:00:00'),
(1048, '31011711', 'LC3', 'Bradley', 'Casado', 'https://sites.google.com/a/njit.edu/bfc3portfolio', '2013-05-15 17:53:52', '0000-00-00 00:00:00'),
(1049, '21769798', 'LC8', 'Hojin ', 'Choi', 'https://sites.google.com/a/njit.edu/hojinchoiportfolio/', '2013-05-15 17:53:52', '0000-00-00 00:00:00'),
(1050, '31115323', 'LC7', 'Mario', 'Ciccarelli', 'https://sites.google.com/a/njit.edu/mario-ciccarelli-portfolio/', '2013-05-15 17:53:52', '0000-00-00 00:00:00'),
(1051, '31023010', 'LC3', 'Matthew', 'Connolly', 'https://sites.google.com/a/njit.edu/mjc39portfolio/', '2013-05-15 17:53:52', '0000-00-00 00:00:00'),
(1052, '31095310', 'LCA', 'Matt', 'Corrente', 'https://sites.google.com/a/njit.edu/Mattcorrente/home/', '2013-05-15 17:53:52', '0000-00-00 00:00:00'),
(1053, '31100734', 'LC6', 'Abby ', 'Cortez', 'https://sites.google.com/site/hum101lc6abbycortez/', '2013-05-15 17:53:52', '0000-00-00 00:00:00'),
(1054, '31169194', 'LC2', 'Gabnelle ', 'Dahlva', 'https://sites.google.com/a/njit.edu/Gad28njit', '2013-05-15 17:53:52', '0000-00-00 00:00:00'),
(1055, '31166518', 'LCB', 'Daniel ', 'Del Buono', 'https://sites.google.com/site/eportfolioddelbuono/my-documents', '2013-05-15 17:53:52', '0000-00-00 00:00:00'),
(1056, '31170396', 'LC4', 'Nicholas ', 'Dnistran', 'https://sites.google.com/a/njit.edu/njd28portfolio', '2013-05-15 17:53:52', '0000-00-00 00:00:00'),
(1057, '31168578', 'LC3', 'Luke', 'Emnas', 'https://sites.google.com/a/njit.edu/le23portfolio', '2013-05-15 17:53:52', '0000-00-00 00:00:00'),
(1058, '31115826', 'LC2', 'Kristina Amor', 'Espineli', 'https://sites.google.com/a/njit.edu/Kespineli/', '2013-05-15 17:53:52', '0000-00-00 00:00:00'),
(1059, '31169171', 'LC1', 'Stephen', 'Fernandez', 'https://sites.google.com/a/njit.edu/saf25/', '2013-05-15 17:53:52', '0000-00-00 00:00:00'),
(1060, '31236658', 'LC1', 'Arindam', 'Gaan', 'https://sites.google.com/a/njit.edu/ag534-portfolio/', '2013-05-15 17:53:52', '0000-00-00 00:00:00'),
(1061, '31157032', 'LC4', 'Daniel ', 'Garcia', 'https://sites.google.com/a/njit.edu/day-today-college-paper/', '2013-05-15 17:53:52', '0000-00-00 00:00:00'),
(1062, '31169633', 'LC6', 'Nicola ', 'Gogic', 'https://sites.google.com/a/njit.edu/nik-s-eportfolio/', '2013-05-15 17:53:52', '0000-00-00 00:00:00'),
(1063, '31157035', 'LC4', 'Daniel ', 'Gomez', 'https://drive.google.com/a/njit.edu/?tab=mo#folders/0BxEwiAq12bG-VFo0QVFBQ0t4emM', '2013-05-15 17:53:52', '0000-00-00 00:00:00'),
(1064, '31170931', 'LC4', 'Alexis ', 'Hart', 'https://sites.google.com/a/njit.edu/aah28/', '2013-05-15 17:53:52', '0000-00-00 00:00:00'),
(1065, '31166623', 'LC9', 'Nabil', 'Jemal', 'https://sites.google.com/a/njit.edu/nabil-jemal-s-second-e-portfolio', '2013-05-15 17:53:52', '0000-00-00 00:00:00'),
(1066, '21772584', 'LCF', 'Ndahi', 'Jimenez', 'https://sites.google.com/a/njit.edu/ndahij/', '2013-05-15 17:53:52', '0000-00-00 00:00:00'),
(1067, '31133400', 'LC9', 'Justin', 'Joseph', 'https://sites.google.com/a/njit.edu/jj258portfolio', '2013-05-15 17:53:52', '0000-00-00 00:00:00'),
(1068, '31116653', 'LC7', 'Ananth', 'Kandalai', 'https://sites.google.com/a/njit.edu/ananthseportfolio/', '2013-05-15 17:53:52', '0000-00-00 00:00:00'),
(1069, '31116688', 'LC7', 'Ryan', 'Kattine', 'https://sites.google.com/a/njit.edu/ryan-kattine-eportfolio/home', '2013-05-15 17:53:52', '0000-00-00 00:00:00'),
(1070, '31168009', 'LC9', 'Amandeep', 'Khaneja', 'https://sites.google.com/a/njit.edu/ak569portfolio', '2013-05-15 17:53:52', '0000-00-00 00:00:00'),
(1071, '31169368', 'LC2', 'Sherif ', 'Kishk', 'https://sites.google.com/a/njit.edu/Kishk-hum-njit/', '2013-05-15 17:53:52', '0000-00-00 00:00:00'),
(1072, '31116780', 'LC9', 'Alexander E.', 'Knapick', 'https://sites.google.com/a/njit.edu/aek24portfolio/home', '2013-05-15 17:53:52', '0000-00-00 00:00:00'),
(1073, '31170550', 'LC3', 'Kelvin', 'Kote', 'https://sites.google.com/a/njit.edu/kak27portfolio', '2013-05-15 17:53:52', '0000-00-00 00:00:00'),
(1074, '31120288', 'LCF', 'Jarvis', 'Lee', 'https://sites.google.com/a/njit.edu/jarvis-lee-hum/', '2013-05-15 17:53:52', '0000-00-00 00:00:00'),
(1075, '31234606', 'LC1', 'Dennis', 'Lema', 'https://sites.google.com/site/dl243portfolio/', '2013-05-15 17:53:52', '0000-00-00 00:00:00'),
(1076, '31097168', 'LC9', 'Russell', 'Leung', 'https://sites.google.com/a/njit.edu/russell-leung/', '2013-05-15 17:53:52', '0000-00-00 00:00:00'),
(1077, '31233479', 'LC2', 'Matthew ', 'Linke', 'https://sites.google.com/a/njit.edu/Matthew-linke/', '2013-05-15 17:53:52', '0000-00-00 00:00:00'),
(1078, '31169869', 'LC2', 'Andrew', 'Margiotta', 'https://sites.google.com/a/njit.edu/drew-margiotta/', '2013-05-15 17:53:52', '0000-00-00 00:00:00'),
(1079, '31107724', 'LC7', 'Peter', 'Meneses', 'https://sites.google.com/a/njit.edu/peter-s-eportfolio/home?pli=1', '2013-05-15 17:53:52', '0000-00-00 00:00:00'),
(1080, '31169204', 'LC9', 'Zachary', 'Miletta', 'https://sites.google.com/a/njit.edu/zachary-miletta-hum-102', '2013-05-15 17:53:52', '0000-00-00 00:00:00'),
(1081, '31157726', 'LCG', 'Mingjie', 'Li', 'https://sites.google.com/a/njit.edu/mingjie', '2013-05-15 17:53:52', '0000-00-00 00:00:00'),
(1082, '31166492', 'LC7', 'Steve', 'Miranda', 'https://sites.google.com/a/njit.edu/stevos-eportfolio/', '2013-05-15 17:53:52', '0000-00-00 00:00:00'),
(1083, '31083084', 'LC9', 'Carlos', 'Morales', 'https://sites.google.com/a/njit.edu/cmm4545portfolio', '2013-05-15 17:53:52', '0000-00-00 00:00:00'),
(1084, '31168898', 'LC7', 'Christopher', 'Moyer', 'https://sites.google.com/a/njit.edu/cm242/', '2013-05-15 17:53:52', '0000-00-00 00:00:00'),
(1085, '31078694', 'LC7', 'Devlin', 'Murray', 'https://sites.google.com/a/njit.edu/dmm53/', '2013-05-15 17:53:52', '0000-00-00 00:00:00'),
(1086, '31168844', 'LC7', 'Omar', 'Naser', 'https://sites.google.com/a/njit.edu/omarn-hum101/', '2013-05-15 17:53:52', '0000-00-00 00:00:00'),
(1087, '31058702', 'LCB', 'Arsany ', 'Nazer', 'https://sites.google.com/a/njit.edu/an247portfolio/', '2013-05-15 17:53:52', '0000-00-00 00:00:00'),
(1088, '31170756', 'LC8', 'Michael', 'Padilla', 'https://sites.google.com/a/njit.edu/hum-102---lc8/', '2013-05-15 17:53:52', '0000-00-00 00:00:00'),
(1089, '31246423', 'LCG', 'Anna ', 'Pasternak', 'https://sites.google.com/a/njit.edu/Ajp59/', '2013-05-15 17:53:52', '0000-00-00 00:00:00'),
(1090, '31165487', 'LC1', 'Adit', 'Patel', 'https://sites.google.com/site/aditpatelseportfolio/', '2013-05-15 17:53:52', '0000-00-00 00:00:00'),
(1091, '31157390', 'LC1', 'Kishan', 'Patel', 'https://sites.google.com/site/hum101portfolio/', '2013-05-15 17:53:52', '0000-00-00 00:00:00'),
(1092, '31166082', 'LCF', 'Kushal', 'Patel', 'https://sites.google.com/site/kushalpatelkvp33njitedu/', '2013-05-15 17:53:52', '0000-00-00 00:00:00'),
(1093, '31169778', 'LCG', 'Matthew', 'Pereira ', 'https://sites.google.com/a/njit.edu/humanities-101---lcg', '2013-05-15 17:53:52', '0000-00-00 00:00:00'),
(1094, '31166719', 'LC8', 'James', 'Petrou ', 'https://sites.google.com/a/njit.edu/jap67hum102/', '2013-05-15 17:53:52', '0000-00-00 00:00:00'),
(1095, '31171853', 'LC8', 'Sean', 'Podolski', 'https://sites.google.com/a/njit.edu/smp63portfolio/', '2013-05-15 17:53:52', '0000-00-00 00:00:00'),
(1096, '31118019', 'LCF', 'John', 'Procaccini', 'https://sites.google.com/a/njit.edu/john-procaccini-hum-102-lcf/', '2013-05-15 17:53:52', '0000-00-00 00:00:00'),
(1097, '31073187', 'LCA', 'Rene', 'Rajaram', 'https://sites.google.com/a/njit.edu/Rene/', '2013-05-15 17:53:52', '0000-00-00 00:00:00'),
(1098, '31167007', 'LC8', 'David', 'Ratajczak', 'https://sites.google.com/a/njit.edu/der9portfolio/', '2013-05-15 17:53:53', '0000-00-00 00:00:00'),
(1099, '21750559', 'LC4', 'Christian ', 'Reyes', 'https://sites.google.com/a/njit.edu/christianreyes28/', '2013-05-15 17:53:53', '0000-00-00 00:00:00'),
(1100, '31080134', 'LC8', 'Kenneth', 'Robjohns', 'https://sites.google.com/a/njit.edu/krr23/', '2013-05-15 17:53:53', '0000-00-00 00:00:00'),
(1101, '31168018', 'LCA', 'Sergio', 'Rohas-Aquilar', 'https://sites.google.com/a/njit.edu/Eportfoliosra/', '2013-05-15 17:53:53', '0000-00-00 00:00:00'),
(1102, '31169783', 'LCG', 'Christie ', 'Saliba', 'https://sites.google.com/a/njit.edu/hum102saliba', '2013-05-15 17:53:53', '0000-00-00 00:00:00'),
(1103, '31233799', 'LCA', 'Michael', 'Sasso', 'https://sites.google.com/a/njit.edu/Michael-sassonjit/hum-102-lca/', '2013-05-15 17:53:53', '0000-00-00 00:00:00'),
(1104, '31157568', 'LC9', 'Jatinderpal', 'Singh', 'https://sites.google.com/a/njit.edu/jatinderpal-singh1', '2013-05-15 17:53:53', '0000-00-00 00:00:00'),
(1105, '31238535', 'LCA', 'Jose', 'Tobago', 'https://sites.google.com/a/njit.edu/Jose-tobago-hum102-e-folio/', '2013-05-15 17:53:53', '0000-00-00 00:00:00'),
(1106, '31247973', 'LC6', 'Tina ', 'Trazaska', 'https://sites.google.com/a/njit.edu/tina-trzaska-hum102lc6/artifact-6', '2013-05-15 17:53:53', '0000-00-00 00:00:00'),
(1107, '31081330', 'LCA', 'Mark', 'Usigan', 'https://sites.google.com/a/njit.edu/Mxusigan/', '2013-05-15 17:53:53', '0000-00-00 00:00:00'),
(1108, '31173779', 'LCG', 'Sarah ', 'Valente', 'https://sites.google.com/a/njit.edu/sarah-valente-profolio', '2013-05-15 17:53:53', '0000-00-00 00:00:00'),
(1109, '31119132', 'LC1', 'Luke', 'Warnock', 'https://sites.google.com/a/njit.edu/luke-warnock-portfolio/', '2013-05-15 17:53:53', '0000-00-00 00:00:00'),
(1110, '31234247', 'LC8', 'Tyler', 'Zelisko', 'https://sites.google.com/a/njit.edu/tjz2-portfolio/', '2013-05-15 17:53:53', '0000-00-00 00:00:00');

-- --------------------------------------------------------

--
-- Table structure for table `studenttoberated`
--

CREATE TABLE IF NOT EXISTS `studenttoberated` (
  `StudentID` int(11) NOT NULL,
  `RatingSessionID` int(11) NOT NULL,
  `NumRatings` int(11) NOT NULL DEFAULT '1',
  `RatingCount` int(11) NOT NULL DEFAULT '0',
  `AdjReqd` bit(1) NOT NULL DEFAULT b'0',
  `AdjDone` bit(1) NOT NULL DEFAULT b'0'
) ENGINE=MyISAM DEFAULT CHARSET=latin1;

--
-- Dumping data for table `studenttoberated`
--

INSERT INTO `studenttoberated` (`StudentID`, `RatingSessionID`, `NumRatings`, `RatingCount`, `AdjReqd`, `AdjDone`) VALUES
(1, 1, 1, 2, b'0', b'0'),
(2, 1, 1, 2, b'1', b'1'),
(3, 1, 1, 2, b'1', b'1'),
(4, 1, 1, 2, b'0', b'0'),
(5, 1, 1, 2, b'1', b'1'),
(6, 1, 1, 2, b'1', b'1'),
(7, 1, 1, 2, b'1', b'1'),
(8, 1, 1, 2, b'1', b'1'),
(9, 1, 1, 2, b'1', b'1'),
(10, 1, 1, 2, b'1', b'1'),
(11, 1, 1, 2, b'0', b'0'),
(12, 1, 1, 2, b'1', b'1'),
(13, 1, 1, 2, b'0', b'0'),
(15, 1, 1, 2, b'0', b'0'),
(16, 1, 1, 2, b'1', b'1'),
(17, 1, 1, 2, b'1', b'1'),
(18, 1, 1, 2, b'1', b'1'),
(19, 1, 1, 2, b'0', b'0'),
(20, 1, 1, 2, b'1', b'1'),
(21, 1, 1, 2, b'0', b'0'),
(22, 1, 1, 3, b'1', b'0'),
(23, 1, 1, 2, b'1', b'1'),
(24, 1, 1, 2, b'1', b'1'),
(25, 1, 1, 2, b'1', b'1'),
(26, 1, 1, 2, b'1', b'1'),
(27, 1, 1, 2, b'0', b'0'),
(28, 1, 1, 2, b'1', b'1'),
(29, 1, 1, 2, b'0', b'0'),
(30, 1, 1, 2, b'0', b'0'),
(31, 1, 1, 2, b'1', b'1'),
(32, 1, 1, 2, b'0', b'0'),
(33, 1, 1, 2, b'1', b'1'),
(34, 1, 1, 2, b'1', b'1'),
(35, 1, 1, 2, b'1', b'1'),
(36, 1, 1, 2, b'1', b'1'),
(37, 1, 1, 2, b'1', b'1'),
(38, 1, 1, 2, b'1', b'1'),
(39, 1, 1, 2, b'1', b'1'),
(40, 1, 1, 2, b'1', b'1'),
(41, 1, 1, 2, b'1', b'1'),
(42, 1, 1, 3, b'1', b'0'),
(43, 1, 1, 3, b'1', b'1'),
(44, 1, 1, 2, b'1', b'1'),
(45, 1, 1, 2, b'1', b'1'),
(46, 1, 1, 2, b'1', b'1'),
(47, 1, 1, 2, b'0', b'0'),
(48, 1, 1, 2, b'0', b'0'),
(49, 1, 1, 2, b'1', b'1'),
(50, 1, 1, 2, b'1', b'1'),
(51, 1, 1, 2, b'1', b'1'),
(52, 1, 1, 2, b'1', b'1'),
(53, 1, 1, 2, b'1', b'1'),
(54, 1, 1, 2, b'1', b'1'),
(55, 1, 1, 2, b'1', b'1'),
(56, 1, 1, 2, b'0', b'0'),
(57, 1, 1, 2, b'1', b'1'),
(58, 1, 1, 3, b'1', b'0'),
(59, 1, 1, 2, b'1', b'1'),
(60, 1, 1, 2, b'1', b'1'),
(61, 1, 1, 2, b'1', b'1'),
(62, 1, 1, 2, b'1', b'1'),
(63, 1, 1, 2, b'1', b'1'),
(64, 1, 1, 2, b'1', b'1'),
(65, 1, 1, 3, b'1', b'1'),
(66, 1, 1, 2, b'1', b'1'),
(67, 1, 1, 2, b'1', b'1'),
(68, 1, 1, 2, b'0', b'0'),
(69, 1, 1, 2, b'1', b'1'),
(70, 1, 1, 2, b'0', b'0'),
(71, 1, 1, 2, b'1', b'1'),
(72, 1, 1, 3, b'0', b'0'),
(73, 1, 1, 2, b'0', b'0'),
(74, 1, 1, 2, b'0', b'0'),
(75, 1, 1, 2, b'0', b'0'),
(76, 1, 1, 2, b'0', b'0'),
(77, 1, 1, 2, b'1', b'1'),
(78, 1, 1, 2, b'1', b'1'),
(79, 1, 1, 2, b'1', b'1'),
(80, 1, 1, 3, b'1', b'0'),
(81, 1, 1, 2, b'1', b'1'),
(82, 1, 1, 2, b'1', b'1'),
(83, 4, 1, 0, b'0', b'0'),
(84, 6, 1, 0, b'0', b'0'),
(85, 6, 1, 0, b'0', b'0'),
(87, 6, 2, 1, b'0', b'0'),
(88, 6, 1, 0, b'0', b'0'),
(89, 6, 2, 0, b'0', b'0'),
(90, 6, 1, 0, b'0', b'0'),
(91, 6, 1, 0, b'0', b'0'),
(92, 6, 2, 0, b'0', b'0'),
(94, 6, 1, 0, b'0', b'0'),
(95, 7, 2, 3, b'1', b'1'),
(96, 7, 1, 1, b'0', b'0'),
(97, 7, 1, 1, b'0', b'0'),
(601, 8, 2, 1, b'0', b'0'),
(600, 8, 1, 1, b'0', b'0'),
(599, 8, 2, 3, b'1', b'1'),
(598, 8, 1, 1, b'0', b'0'),
(597, 8, 1, 1, b'0', b'0'),
(596, 8, 2, 3, b'1', b'1'),
(595, 8, 1, 1, b'0', b'0'),
(594, 8, 1, 1, b'0', b'0'),
(593, 8, 2, 3, b'1', b'1'),
(592, 8, 2, 3, b'1', b'1'),
(591, 8, 1, 1, b'0', b'0'),
(590, 8, 2, 2, b'0', b'0'),
(589, 8, 1, 1, b'0', b'0'),
(588, 8, 1, 1, b'0', b'0'),
(587, 8, 2, 3, b'1', b'1'),
(586, 8, 2, 3, b'1', b'1'),
(585, 8, 1, 1, b'0', b'0'),
(584, 8, 1, 1, b'0', b'0'),
(583, 8, 2, 2, b'0', b'0'),
(582, 8, 2, 2, b'0', b'0'),
(581, 8, 1, 1, b'0', b'0'),
(580, 8, 2, 3, b'1', b'1'),
(579, 8, 2, 1, b'0', b'0'),
(578, 8, 2, 2, b'0', b'0'),
(577, 8, 1, 1, b'0', b'0'),
(576, 8, 1, 1, b'0', b'0'),
(631, 8, 2, 3, b'1', b'1'),
(630, 8, 2, 3, b'1', b'1'),
(629, 8, 1, 1, b'0', b'0'),
(628, 8, 1, 1, b'0', b'0'),
(627, 8, 1, 1, b'0', b'0'),
(626, 8, 2, 3, b'1', b'1'),
(625, 8, 1, 1, b'0', b'0'),
(624, 8, 2, 3, b'1', b'1'),
(623, 8, 1, 1, b'0', b'0'),
(622, 8, 1, 1, b'0', b'0'),
(621, 8, 1, 1, b'0', b'0'),
(620, 8, 1, 1, b'0', b'0'),
(619, 8, 2, 2, b'0', b'0'),
(618, 8, 1, 1, b'0', b'0'),
(617, 8, 2, 3, b'1', b'1'),
(616, 8, 1, 1, b'0', b'0'),
(615, 8, 2, 3, b'1', b'1'),
(614, 8, 1, 1, b'0', b'0'),
(613, 8, 1, 1, b'0', b'0'),
(612, 8, 1, 1, b'0', b'0'),
(611, 8, 1, 1, b'0', b'0'),
(610, 8, 2, 2, b'0', b'0'),
(609, 8, 1, 1, b'0', b'0'),
(608, 8, 2, 3, b'1', b'1'),
(607, 8, 1, 1, b'0', b'0'),
(606, 8, 1, 1, b'0', b'0'),
(605, 8, 1, 1, b'0', b'0'),
(604, 8, 1, 1, b'0', b'0'),
(603, 8, 1, 1, b'0', b'0'),
(602, 8, 2, 3, b'1', b'1'),
(660, 8, 2, 3, b'1', b'1'),
(659, 8, 1, 1, b'0', b'0'),
(658, 8, 2, 2, b'0', b'0'),
(657, 8, 1, 1, b'0', b'0'),
(656, 8, 2, 2, b'0', b'0'),
(655, 8, 1, 1, b'0', b'0'),
(164, 9, 2, 2, b'0', b'0'),
(654, 8, 1, 1, b'0', b'0'),
(653, 8, 1, 1, b'0', b'0'),
(652, 8, 2, 2, b'0', b'0'),
(651, 8, 1, 1, b'0', b'0'),
(650, 8, 1, 1, b'0', b'0'),
(649, 8, 1, 1, b'0', b'0'),
(648, 8, 1, 1, b'0', b'0'),
(647, 8, 1, 1, b'0', b'0'),
(646, 8, 1, 1, b'0', b'0'),
(645, 8, 2, 3, b'1', b'1'),
(644, 8, 2, 3, b'1', b'1'),
(643, 8, 1, 1, b'0', b'0'),
(642, 8, 1, 0, b'0', b'0'),
(641, 8, 2, 3, b'1', b'1'),
(640, 8, 2, 1, b'0', b'0'),
(639, 8, 2, 3, b'1', b'1'),
(638, 8, 1, 1, b'0', b'0'),
(637, 8, 1, 1, b'0', b'0'),
(636, 8, 1, 1, b'0', b'0'),
(635, 8, 1, 1, b'0', b'0'),
(634, 8, 2, 3, b'1', b'1'),
(633, 8, 2, 3, b'1', b'1'),
(632, 8, 2, 2, b'0', b'0'),
(690, 9, 2, 1, b'0', b'0'),
(740, 9, 2, 3, b'1', b'0'),
(741, 9, 2, 3, b'1', b'0'),
(742, 9, 2, 3, b'1', b'0'),
(686, 9, 2, 3, b'1', b'1'),
(685, 9, 2, 3, b'1', b'1'),
(684, 9, 2, 3, b'1', b'1'),
(683, 9, 2, 3, b'1', b'1'),
(682, 9, 2, 3, b'1', b'1'),
(681, 8, 2, 2, b'0', b'0'),
(680, 8, 2, 1, b'0', b'0'),
(679, 8, 1, 1, b'0', b'0'),
(678, 8, 2, 3, b'1', b'1'),
(677, 8, 1, 1, b'0', b'0'),
(676, 8, 1, 1, b'0', b'0'),
(675, 8, 2, 3, b'1', b'1'),
(674, 8, 2, 2, b'0', b'0'),
(673, 8, 2, 3, b'1', b'1'),
(672, 8, 1, 1, b'0', b'0'),
(671, 8, 1, 1, b'0', b'0'),
(670, 8, 2, 3, b'1', b'1'),
(669, 8, 1, 1, b'0', b'0'),
(668, 8, 1, 1, b'0', b'0'),
(667, 8, 2, 3, b'1', b'1'),
(666, 8, 1, 1, b'0', b'0'),
(665, 8, 1, 1, b'0', b'0'),
(664, 8, 2, 2, b'0', b'0'),
(663, 8, 1, 1, b'0', b'0'),
(662, 8, 1, 1, b'0', b'0'),
(661, 8, 1, 1, b'0', b'0'),
(720, 8, 1, 1, b'0', b'0'),
(719, 8, 1, 1, b'0', b'0'),
(718, 8, 1, 1, b'0', b'0'),
(717, 8, 1, 1, b'0', b'0'),
(716, 8, 1, 1, b'0', b'0'),
(715, 8, 2, 3, b'1', b'1'),
(714, 8, 1, 1, b'0', b'0'),
(713, 8, 1, 1, b'0', b'0'),
(712, 8, 1, 1, b'0', b'0'),
(711, 8, 1, 1, b'0', b'0'),
(710, 8, 1, 1, b'0', b'0'),
(709, 8, 1, 1, b'0', b'0'),
(708, 8, 2, 3, b'1', b'1'),
(707, 8, 1, 1, b'0', b'0'),
(706, 9, 2, 3, b'1', b'1'),
(733, 8, 1, 1, b'0', b'0'),
(704, 9, 2, 2, b'0', b'0'),
(703, 9, 2, 2, b'0', b'0'),
(734, 9, 2, 3, b'1', b'1'),
(735, 9, 2, 3, b'1', b'1'),
(700, 9, 2, 3, b'1', b'1'),
(699, 9, 2, 3, b'1', b'1'),
(698, 9, 2, 1, b'0', b'0'),
(736, 9, 2, 0, b'0', b'0'),
(696, 9, 2, 3, b'1', b'1'),
(695, 9, 2, 3, b'1', b'1'),
(737, 9, 2, 1, b'0', b'0'),
(738, 9, 2, 1, b'0', b'0'),
(739, 9, 2, 3, b'1', b'0'),
(691, 9, 2, 2, b'0', b'0'),
(732, 8, 1, 1, b'0', b'0'),
(731, 8, 1, 1, b'0', b'0'),
(730, 8, 1, 1, b'0', b'0'),
(729, 8, 1, 1, b'0', b'0'),
(728, 8, 1, 1, b'0', b'0'),
(727, 8, 1, 1, b'0', b'0'),
(726, 8, 2, 2, b'0', b'0'),
(725, 8, 2, 3, b'1', b'1'),
(724, 8, 1, 1, b'0', b'0'),
(723, 8, 1, 1, b'0', b'0'),
(722, 8, 1, 1, b'0', b'0'),
(721, 8, 1, 1, b'0', b'0'),
(321, 9, 2, 3, b'1', b'1'),
(328, 9, 2, 3, b'1', b'1'),
(330, 9, 2, 3, b'1', b'1'),
(331, 9, 2, 3, b'1', b'0'),
(333, 9, 2, 2, b'0', b'0'),
(334, 9, 2, 2, b'0', b'0'),
(746, 8, 1, 1, b'0', b'0'),
(337, 9, 2, 0, b'0', b'0'),
(338, 9, 2, 1, b'0', b'0'),
(745, 8, 1, 1, b'0', b'0'),
(340, 9, 2, 0, b'0', b'0'),
(341, 9, 2, 3, b'1', b'0'),
(744, 9, 2, 3, b'1', b'0'),
(343, 9, 2, 2, b'0', b'0'),
(743, 9, 2, 3, b'1', b'0'),
(484, 9, 2, 3, b'1', b'1'),
(486, 9, 2, 3, b'1', b'1'),
(487, 9, 2, 3, b'1', b'1'),
(491, 9, 2, 3, b'1', b'1'),
(492, 9, 2, 2, b'0', b'0'),
(761, 8, 1, 1, b'0', b'0'),
(494, 9, 2, 3, b'1', b'1'),
(748, 8, 1, 1, b'0', b'0'),
(496, 9, 2, 3, b'1', b'0'),
(747, 8, 1, 1, b'0', b'0'),
(498, 9, 2, 3, b'1', b'1'),
(750, 8, 1, 1, b'0', b'0'),
(749, 8, 1, 1, b'0', b'0'),
(760, 8, 1, 1, b'0', b'0'),
(759, 8, 1, 1, b'0', b'0'),
(757, 8, 1, 1, b'0', b'0'),
(756, 8, 1, 1, b'0', b'0'),
(755, 8, 1, 1, b'0', b'0'),
(754, 8, 1, 1, b'0', b'0'),
(753, 8, 1, 1, b'0', b'0'),
(508, 9, 2, 1, b'0', b'0'),
(752, 8, 1, 1, b'0', b'0'),
(751, 8, 1, 1, b'0', b'0'),
(511, 9, 2, 1, b'0', b'0'),
(762, 10, 2, 2, b'1', b'1'),
(763, 10, 2, 2, b'0', b'0'),
(765, 10, 2, 2, b'1', b'1'),
(766, 10, 1, 0, b'0', b'0'),
(767, 10, 2, 1, b'0', b'0'),
(768, 10, 2, 0, b'0', b'0'),
(794, 19, 2, 0, b'0', b'0'),
(795, 20, 2, 1, b'1', b'0'),
(796, 19, 1, 0, b'0', b'0'),
(797, 20, 1, 1, b'1', b'0'),
(766, 20, 1, 1, b'1', b'0'),
(767, 20, 1, 1, b'1', b'1'),
(817, 28, 1, 0, b'0', b'0'),
(816, 28, 2, 0, b'0', b'0'),
(815, 28, 2, 0, b'0', b'0'),
(814, 28, 1, 0, b'0', b'0'),
(818, 29, 1, 1, b'0', b'0'),
(819, 29, 2, 2, b'1', b'1'),
(820, 29, 2, 2, b'1', b'1'),
(821, 29, 1, 1, b'0', b'0'),
(916, 32, 2, 0, b'0', b'0'),
(915, 32, 2, 0, b'0', b'0'),
(914, 32, 2, 0, b'0', b'0'),
(913, 32, 2, 0, b'0', b'0'),
(912, 32, 2, 0, b'0', b'0'),
(911, 32, 2, 0, b'0', b'0'),
(910, 32, 2, 0, b'0', b'0'),
(909, 32, 2, 0, b'0', b'0'),
(908, 32, 2, 0, b'0', b'0'),
(907, 32, 2, 0, b'0', b'0'),
(906, 32, 2, 1, b'0', b'0'),
(905, 32, 2, 2, b'0', b'0'),
(904, 32, 2, 2, b'1', b'0'),
(917, 33, 2, 2, b'1', b'1'),
(918, 33, 2, 2, b'0', b'0'),
(919, 33, 2, 2, b'1', b'1'),
(920, 33, 2, 2, b'1', b'1'),
(921, 33, 2, 2, b'1', b'1'),
(922, 33, 2, 2, b'1', b'1'),
(923, 33, 2, 2, b'1', b'1'),
(924, 33, 2, 2, b'1', b'1'),
(925, 33, 2, 2, b'1', b'1'),
(926, 33, 2, 2, b'1', b'1'),
(927, 33, 2, 2, b'1', b'1'),
(928, 33, 2, 2, b'0', b'0'),
(929, 33, 2, 2, b'1', b'1'),
(930, 33, 2, 2, b'1', b'1'),
(931, 33, 2, 2, b'1', b'1'),
(932, 33, 2, 2, b'0', b'0'),
(933, 33, 2, 2, b'1', b'1'),
(934, 33, 2, 2, b'0', b'0'),
(935, 33, 2, 2, b'1', b'1'),
(936, 33, 2, 2, b'1', b'1'),
(937, 33, 2, 2, b'1', b'1'),
(938, 33, 2, 2, b'1', b'1'),
(939, 33, 2, 2, b'0', b'0'),
(940, 33, 2, 2, b'0', b'0'),
(941, 33, 2, 2, b'1', b'1'),
(942, 33, 2, 2, b'0', b'0'),
(943, 33, 2, 2, b'1', b'1'),
(944, 33, 2, 2, b'1', b'1'),
(945, 33, 2, 2, b'1', b'1'),
(946, 33, 2, 2, b'0', b'0'),
(947, 33, 2, 2, b'1', b'1'),
(948, 33, 2, 2, b'0', b'0'),
(949, 33, 2, 2, b'1', b'1'),
(950, 33, 2, 2, b'0', b'0'),
(951, 33, 2, 2, b'1', b'1'),
(952, 33, 2, 2, b'1', b'1'),
(953, 33, 2, 2, b'1', b'1'),
(954, 33, 2, 2, b'1', b'1'),
(955, 33, 2, 2, b'1', b'1'),
(956, 33, 2, 2, b'1', b'1'),
(957, 33, 2, 2, b'1', b'1'),
(958, 33, 2, 2, b'1', b'1'),
(959, 33, 2, 2, b'1', b'1'),
(960, 33, 2, 2, b'1', b'1'),
(961, 33, 2, 2, b'1', b'1'),
(962, 33, 2, 2, b'1', b'1'),
(963, 33, 2, 2, b'1', b'1'),
(964, 33, 2, 2, b'1', b'1'),
(965, 33, 2, 2, b'0', b'0'),
(966, 33, 2, 2, b'1', b'1'),
(967, 33, 2, 2, b'1', b'1'),
(968, 33, 2, 2, b'0', b'0'),
(969, 33, 2, 1, b'0', b'0'),
(970, 33, 2, 2, b'1', b'1'),
(971, 33, 2, 2, b'0', b'0'),
(972, 33, 2, 2, b'0', b'0'),
(973, 33, 2, 2, b'1', b'1'),
(974, 33, 2, 2, b'1', b'1'),
(975, 33, 2, 2, b'1', b'1'),
(976, 33, 2, 2, b'1', b'1'),
(977, 34, 2, 3, b'1', b'1'),
(978, 34, 2, 2, b'0', b'0'),
(979, 34, 2, 2, b'0', b'0'),
(980, 34, 2, 3, b'1', b'1'),
(981, 34, 2, 3, b'1', b'1'),
(982, 34, 2, 3, b'1', b'1'),
(983, 34, 2, 3, b'1', b'1'),
(984, 34, 2, 3, b'1', b'1'),
(985, 34, 2, 2, b'0', b'0'),
(986, 34, 2, 3, b'1', b'1'),
(987, 34, 2, 2, b'0', b'0'),
(988, 34, 2, 2, b'0', b'0'),
(989, 34, 2, 2, b'0', b'0'),
(990, 34, 2, 3, b'1', b'0'),
(991, 34, 2, 3, b'1', b'1'),
(992, 34, 2, 3, b'1', b'1'),
(993, 34, 2, 3, b'1', b'0'),
(994, 34, 2, 3, b'1', b'1'),
(995, 34, 2, 3, b'1', b'1'),
(996, 34, 2, 2, b'0', b'0'),
(997, 34, 2, 3, b'1', b'1'),
(998, 34, 2, 2, b'0', b'0'),
(336, 34, 2, 3, b'1', b'1'),
(999, 34, 2, 3, b'1', b'1'),
(1000, 34, 2, 3, b'1', b'0'),
(1001, 34, 2, 3, b'1', b'1'),
(1002, 34, 2, 3, b'1', b'1'),
(1003, 34, 2, 3, b'1', b'1'),
(1004, 34, 2, 2, b'0', b'0'),
(1005, 34, 2, 3, b'1', b'1'),
(1006, 34, 2, 3, b'1', b'1'),
(1007, 34, 2, 3, b'1', b'1'),
(1008, 34, 2, 3, b'1', b'1'),
(1009, 34, 2, 3, b'1', b'0'),
(1010, 34, 2, 3, b'1', b'1'),
(1011, 34, 2, 3, b'1', b'1'),
(1012, 34, 2, 3, b'1', b'1'),
(1013, 34, 2, 3, b'1', b'1'),
(1014, 34, 2, 2, b'0', b'0'),
(1015, 34, 2, 3, b'1', b'1'),
(1016, 34, 2, 3, b'1', b'1'),
(1017, 34, 2, 2, b'0', b'0'),
(1018, 34, 2, 3, b'1', b'1'),
(1019, 34, 2, 3, b'1', b'1'),
(1020, 34, 2, 3, b'1', b'1'),
(1021, 34, 2, 3, b'1', b'1'),
(1022, 34, 2, 3, b'1', b'0'),
(1023, 34, 2, 3, b'1', b'1'),
(1024, 34, 2, 3, b'1', b'1'),
(1025, 34, 2, 3, b'1', b'0'),
(1026, 34, 2, 3, b'1', b'1'),
(1027, 34, 2, 3, b'1', b'1'),
(1028, 34, 2, 3, b'1', b'1'),
(1029, 34, 2, 3, b'1', b'1'),
(1030, 34, 2, 3, b'1', b'1'),
(1031, 34, 2, 2, b'0', b'0'),
(1032, 34, 2, 2, b'0', b'0'),
(1033, 34, 2, 2, b'0', b'0'),
(1034, 34, 2, 2, b'0', b'0'),
(1035, 34, 2, 3, b'1', b'1'),
(1036, 35, 2, 3, b'1', b'1'),
(1037, 35, 2, 2, b'0', b'0'),
(1038, 35, 2, 3, b'1', b'1'),
(918, 35, 2, 2, b'0', b'0'),
(1039, 35, 2, 3, b'1', b'0'),
(1040, 35, 2, 2, b'0', b'0'),
(1041, 35, 2, 3, b'1', b'1'),
(1042, 35, 2, 2, b'0', b'0'),
(1043, 35, 2, 3, b'1', b'1'),
(1044, 35, 2, 2, b'0', b'0'),
(923, 35, 2, 2, b'0', b'0'),
(1045, 35, 2, 3, b'1', b'1'),
(1046, 35, 2, 3, b'1', b'1'),
(1047, 35, 2, 3, b'1', b'1'),
(1048, 35, 2, 3, b'1', b'1'),
(925, 35, 2, 2, b'0', b'0'),
(1049, 35, 2, 3, b'1', b'1'),
(1050, 35, 2, 3, b'1', b'1'),
(1051, 35, 2, 2, b'0', b'0'),
(1052, 35, 2, 3, b'1', b'1'),
(1053, 35, 2, 3, b'1', b'1'),
(1054, 35, 2, 2, b'0', b'0'),
(1055, 35, 2, 3, b'1', b'1'),
(1056, 35, 2, 2, b'0', b'0'),
(1057, 35, 2, 2, b'0', b'0'),
(1058, 35, 2, 3, b'1', b'0'),
(1059, 35, 2, 3, b'1', b'1'),
(1060, 35, 2, 2, b'0', b'0'),
(1061, 35, 2, 2, b'0', b'0'),
(1062, 35, 2, 3, b'1', b'1'),
(1063, 35, 2, 2, b'0', b'0'),
(1064, 35, 2, 2, b'0', b'0'),
(1065, 35, 2, 2, b'0', b'0'),
(1066, 35, 2, 3, b'1', b'1'),
(1067, 35, 2, 3, b'1', b'1'),
(1068, 35, 2, 3, b'1', b'1'),
(1069, 35, 2, 3, b'1', b'1'),
(1070, 35, 2, 2, b'0', b'0'),
(1071, 35, 2, 3, b'1', b'1'),
(1072, 35, 2, 3, b'1', b'1'),
(1073, 35, 2, 2, b'0', b'0'),
(1074, 35, 2, 3, b'1', b'1'),
(1075, 35, 2, 3, b'1', b'1'),
(1076, 35, 2, 3, b'1', b'1'),
(1077, 35, 2, 3, b'1', b'0'),
(1078, 35, 2, 2, b'0', b'0'),
(1079, 35, 2, 2, b'0', b'0'),
(1080, 35, 2, 2, b'0', b'0'),
(1081, 35, 2, 3, b'1', b'1'),
(1082, 35, 2, 3, b'1', b'1'),
(949, 35, 2, 2, b'0', b'0'),
(1083, 35, 2, 2, b'0', b'0'),
(1084, 35, 2, 2, b'0', b'0'),
(1085, 35, 2, 2, b'0', b'0'),
(1086, 35, 2, 2, b'0', b'0'),
(1087, 35, 2, 3, b'1', b'1'),
(952, 35, 2, 2, b'0', b'0'),
(1088, 35, 2, 2, b'0', b'0'),
(1089, 35, 2, 3, b'1', b'1'),
(1090, 35, 2, 3, b'1', b'1'),
(954, 35, 2, 2, b'0', b'0'),
(1091, 35, 2, 2, b'0', b'0'),
(1092, 35, 2, 2, b'0', b'0'),
(956, 35, 2, 2, b'0', b'0'),
(1093, 35, 2, 3, b'1', b'1'),
(1094, 35, 2, 3, b'1', b'1'),
(1095, 35, 2, 2, b'0', b'0'),
(1096, 35, 2, 2, b'0', b'0'),
(1097, 35, 2, 2, b'0', b'0'),
(1098, 35, 2, 2, b'0', b'0'),
(1099, 35, 2, 2, b'0', b'0'),
(963, 35, 2, 2, b'0', b'0'),
(1100, 35, 2, 3, b'1', b'1'),
(1101, 35, 2, 2, b'0', b'0'),
(1102, 35, 2, 3, b'1', b'1'),
(1103, 35, 2, 2, b'0', b'0'),
(1104, 35, 2, 3, b'1', b'1'),
(970, 35, 2, 2, b'0', b'0'),
(1105, 35, 2, 2, b'0', b'0'),
(1106, 35, 2, 3, b'1', b'1'),
(1107, 35, 2, 2, b'0', b'0'),
(1108, 35, 2, 3, b'1', b'1'),
(972, 35, 2, 2, b'0', b'0'),
(973, 35, 2, 2, b'0', b'0'),
(1109, 35, 2, 2, b'0', b'0'),
(974, 35, 2, 2, b'0', b'0'),
(1110, 35, 2, 2, b'0', b'0');

-- --------------------------------------------------------

--
-- Table structure for table `user`
--

CREATE TABLE IF NOT EXISTS `user` (
  `UserID` int(11) NOT NULL AUTO_INCREMENT,
  `UserName` varchar(60) NOT NULL,
  `Password` varchar(20) NOT NULL,
  `IsAdmin` bit(1) NOT NULL DEFAULT b'0',
  `IsAdjudicator` int(11) NOT NULL DEFAULT '0',
  `CreateTime` datetime NOT NULL,
  `LastLoginTime` datetime NOT NULL,
  `IsActive` bit(1) NOT NULL DEFAULT b'1',
  PRIMARY KEY (`UserID`),
  UNIQUE KEY `UNQ_UserName` (`UserName`)
) ENGINE=InnoDB  DEFAULT CHARSET=latin1 COMMENT='Defines the users of the system, whether admin or rater.' AUTO_INCREMENT=125 ;

--
-- Dumping data for table `user`
--

INSERT INTO `user` (`UserID`, `UserName`, `Password`, `IsAdmin`, `IsAdjudicator`, `CreateTime`, `LastLoginTime`, `IsActive`) VALUES
(1, 'rsb24@njit.edu', 'gewbgttl', b'1', 0, '2010-03-23 12:27:13', '2013-05-16 00:00:00', b'1'),
(2, 'elliot@adm.njit.edu', 'password', b'1', 0, '2010-05-12 21:26:42', '2011-05-17 00:00:00', b'1'),
(3, 'tress@adm.njit.edu', 'password', b'1', 0, '2010-05-12 21:26:42', '2010-05-13 00:00:00', b'1'),
(28, 'klobucar@njit.edu', 'ge', b'0', 0, '2010-04-19 00:00:00', '2011-04-13 00:00:00', b'1'),
(29, 'erich@njit.edu', 'eric', b'0', 0, '2010-05-13 00:00:00', '2010-05-13 00:00:00', b'1'),
(30, 'jonathan.curley@njit.edu', 'blueflower', b'0', 0, '2010-05-13 00:00:00', '2011-04-15 00:00:00', b'1'),
(31, 'john.n.esche@njit.edu', 'EAGJEsche5', b'0', 0, '2010-05-13 00:00:00', '2010-05-13 00:00:00', b'1'),
(32, 'scharf@njit.edu', 'winston', b'0', 0, '2010-05-13 00:00:00', '2011-02-09 00:00:00', b'1'),
(33, 'rolanne.henry', 'here', b'0', 0, '2010-05-13 00:00:00', '2010-05-13 00:00:00', b'1'),
(34, 'steffen@njit.edu', 'drake9511', b'0', 0, '2010-05-13 00:00:00', '2010-05-13 00:00:00', b'1'),
(35, 'rolanne.henry@njit.edu', 'here', b'0', 0, '2010-05-13 00:00:00', '2011-02-09 00:00:00', b'1'),
(36, 'donahue@njit.edu', 'portfolio', b'0', 0, '2010-05-13 00:00:00', '2011-02-09 00:00:00', b'1'),
(37, 'thunt@njit.edu', 'theresa15', b'0', 0, '2010-05-13 00:00:00', '2010-05-13 00:00:00', b'1'),
(38, 'jegan', '5896', b'0', 0, '2010-05-13 00:00:00', '2013-05-15 00:00:00', b'1'),
(39, 'jegan@njit.edu', '5896', b'0', 0, '2010-05-13 00:00:00', '2010-05-13 00:00:00', b'1'),
(40, 'mascarel@njit.edu', 'Olivia12', b'0', 0, '2010-05-13 00:00:00', '2010-05-13 00:00:00', b'1'),
(41, 'elliot@njit.edu', 'ge', b'0', 0, '2010-05-13 00:00:00', '2010-05-13 00:00:00', b'1'),
(42, 'huey@njit.edu', 'sugaree', b'0', 0, '2010-05-13 00:00:00', '2011-02-09 00:00:00', b'1'),
(43, 'john.n.esche', 'EAGJEsche5', b'0', 0, '2010-05-13 00:00:00', '2010-05-13 00:00:00', b'1'),
(44, 'paris@njit.edu', 'paris6', b'0', 0, '2010-05-13 00:00:00', '2011-02-09 00:00:00', b'1'),
(45, 'pardi@adm.njit.edu', 'marchnina', b'0', 0, '2010-05-13 00:00:00', '2010-05-13 00:00:00', b'1'),
(47, 'cjohnson@njit.edu', 'happy', b'0', 0, '2010-05-13 00:00:00', '2011-02-11 00:00:00', b'1'),
(48, 'thunt@yahoo.com', 'theresa15', b'0', 0, '2010-05-13 00:00:00', '2010-05-13 00:00:00', b'1'),
(49, 'pardi@njit.edu', 'marchnina', b'0', 0, '2010-05-13 00:00:00', '2010-05-13 00:00:00', b'1'),
(50, 'john.n.esche.njit.edu', 'EAGJEsche5', b'0', 0, '2010-05-13 00:00:00', '2010-05-13 00:00:00', b'1'),
(51, 'cjohnson', 'happy', b'0', 0, '2010-05-13 00:00:00', '2013-01-15 00:00:00', b'1'),
(52, 'scharf', 'winston', b'0', 0, '2010-05-13 00:00:00', '2013-05-16 00:00:00', b'1'),
(53, 'hhuey', 'sugaree', b'0', 0, '2010-05-13 00:00:00', '2010-05-13 00:00:00', b'1'),
(57, '', '', b'0', 0, '2011-02-01 00:00:00', '2011-05-17 00:00:00', b'1'),
(58, 'friedman@njit.edu', 'liminal55', b'0', 0, '2011-02-09 00:00:00', '2011-02-09 00:00:00', b'1'),
(59, 'mascarel', 'Olivia14', b'0', 0, '2011-02-09 00:00:00', '2011-02-09 00:00:00', b'1'),
(60, 'mascarel@adm.njit.edu', 'Olivia14', b'0', 0, '2011-02-09 00:00:00', '2011-02-09 00:00:00', b'1'),
(61, 'john_n_esche@admin.njit.edu', 'eschetiz', b'0', 0, '2011-02-09 00:00:00', '2011-02-09 00:00:00', b'1'),
(62, 'johnesche@admin.njit.edu', 'eschetix', b'0', 0, '2011-02-09 00:00:00', '2011-02-09 00:00:00', b'1'),
(63, 'esche@njit.edu', 'eschetix', b'0', 0, '2011-02-09 00:00:00', '2011-02-09 00:00:00', b'1'),
(64, 'henry@njit.edu', 'read', b'0', 0, '2011-02-09 00:00:00', '2011-02-09 00:00:00', b'1'),
(65, 'dalal@njit.edu', 'marigold', b'0', 0, '2011-02-09 00:00:00', '2011-02-09 00:00:00', b'1'),
(66, 'donahue', 'Humreading', b'0', 0, '2011-02-09 00:00:00', '2011-02-09 00:00:00', b'1'),
(67, 'fleische', 'frieda29', b'0', 0, '2011-02-09 00:00:00', '2013-05-15 00:00:00', b'1'),
(68, 'fleische@njit.edu', 'frieda29', b'0', 0, '2011-02-09 00:00:00', '2011-02-09 00:00:00', b'1'),
(69, 'paris@njit.edu.', '', b'0', 0, '2011-02-09 00:00:00', '2011-02-09 00:00:00', b'1'),
(71, 'sharla.l.sava@njit.edu', 'ge', b'0', 0, '2011-02-09 00:00:00', '2011-02-10 00:00:00', b'1'),
(72, 'klobucar2njit.edu', 'pass', b'0', 0, '2011-02-09 00:00:00', '2011-02-09 00:00:00', b'1'),
(73, 'sava@njit.edu', 'Henry1936', b'0', 0, '2011-02-10 00:00:00', '2011-02-10 00:00:00', b'1'),
(74, 'jcurley', 'blueflower1', b'0', 0, '2011-04-14 00:00:00', '2013-05-16 00:00:00', b'1'),
(75, 'jonathan.r.curley@njit.edu', 'blueflower1', b'0', 0, '2011-04-14 00:00:00', '2011-04-14 00:00:00', b'1'),
(76, 'elliot@adm,njit,edu', 'imagine', b'0', 0, '2011-04-15 00:00:00', '2011-04-15 00:00:00', b'1'),
(77, 'elliot@adm,njit.edu', 'imagine', b'0', 0, '2011-04-15 00:00:00', '2011-04-15 00:00:00', b'1'),
(78, 'les.admin@njit.edu', 'password', b'1', 0, '2011-04-17 20:49:33', '2011-04-18 00:00:00', b'1'),
(79, 'les@njit.edu', 'password', b'0', 0, '2011-04-17 20:49:33', '2011-04-17 20:50:11', b'1'),
(80, 'elliot@adm.njit,edu', 'imagine', b'0', 0, '2011-05-17 00:00:00', '2011-05-17 00:00:00', b'1'),
(81, 'harry@njit.edu', 'ge', b'0', 0, '2011-09-13 00:00:00', '2011-12-29 00:00:00', b'1'),
(82, 'Adjudicator1', 'Adjudicator1', b'0', 1, '2011-12-20 11:07:28', '2013-05-16 00:00:00', b'1'),
(83, 'Adjudicator2', 'Adjudicator2', b'0', 1, '2011-12-20 11:07:46', '2013-05-16 00:00:00', b'1'),
(84, 'Adjudicator3', 'Adjudicator3', b'0', 1, '2011-12-20 11:08:10', '2013-05-16 00:00:00', b'1'),
(85, 'Adjudicator4', 'Adjudicator4', b'0', 1, '2011-12-20 11:08:26', '2013-05-16 00:00:00', b'1'),
(86, 'sarah@njit.edu', '', b'0', 0, '2011-12-20 00:00:00', '2011-12-20 00:00:00', b'1'),
(87, 'rsb24', '', b'0', 0, '2011-12-20 00:00:00', '2013-01-12 00:00:00', b'1'),
(88, 'harry', '', b'0', 0, '2011-12-20 00:00:00', '2013-01-11 00:00:00', b'1'),
(89, 'administrator2', '', b'0', 0, '2011-12-20 00:00:00', '2011-12-20 00:00:00', b'1'),
(90, 'adjudicator5', '', b'0', 1, '2011-12-29 00:00:00', '2013-05-16 00:00:00', b'1'),
(91, 'rsb', '', b'0', 0, '2013-01-08 00:00:00', '2013-01-08 00:00:00', b'1'),
(92, 'sarah', '', b'0', 0, '2013-01-11 00:00:00', '2013-01-11 00:00:00', b'1'),
(93, 'carolsiri', '', b'0', 0, '2013-01-14 00:00:00', '2013-05-16 00:00:00', b'1'),
(94, 'elliot', '', b'0', 0, '2013-01-14 00:00:00', '2013-01-16 00:00:00', b'1'),
(95, 'admin', '', b'1', 0, '2013-01-14 22:49:33', '2013-01-14 22:49:38', b'1'),
(96, 'klobucar', '', b'0', 0, '2013-01-15 00:00:00', '2013-05-16 00:00:00', b'1'),
(97, 'arnowitz', '', b'0', 1, '2013-01-15 00:00:00', '2013-01-15 00:00:00', b'1'),
(98, 'waltzcu', '', b'0', 0, '2013-01-15 00:00:00', '2013-05-16 00:00:00', b'1'),
(99, 'agarcia', '', b'0', 0, '2013-01-15 00:00:00', '2013-05-16 00:00:00', b'1'),
(100, 'help', '', b'0', 0, '2013-01-15 00:00:00', '2013-01-15 00:00:00', b'1'),
(101, 'zjohnson', '', b'0', 0, '2013-01-15 00:00:00', '2013-05-16 00:00:00', b'1'),
(102, 'thunt ', '', b'0', 0, '2013-01-15 00:00:00', '2013-01-15 00:00:00', b'1'),
(103, 'andrew', '', b'0', 0, '2013-01-15 00:00:00', '2013-01-15 00:00:00', b'1'),
(104, 'reg', '', b'0', 0, '2013-01-15 00:00:00', '2013-01-15 00:00:00', b'1'),
(105, 'mjelley', '', b'0', 0, '2013-01-15 00:00:00', '2013-05-16 00:00:00', b'1'),
(106, 'adjudicator6', '', b'0', 1, '2013-01-15 00:00:00', '2013-05-16 00:00:00', b'1'),
(107, 'adudicator2', '', b'0', 0, '2013-01-15 00:00:00', '2013-01-15 00:00:00', b'1'),
(108, 'adjudicator7', '', b'0', 1, '2013-01-15 18:07:59', '2013-05-16 00:00:00', b'1'),
(109, 'adjudicated5', '', b'0', 0, '2013-01-15 00:00:00', '2013-01-15 00:00:00', b'1'),
(110, 'ajudicator6', '', b'0', 0, '2013-01-15 00:00:00', '2013-01-15 00:00:00', b'1'),
(111, 'sarahc', '', b'0', 0, '2013-05-14 00:00:00', '2013-05-14 00:00:00', b'1'),
(112, 'lipuma', '', b'0', 0, '2013-05-15 00:00:00', '2013-05-15 00:00:00', b'1'),
(113, 'jlee', '', b'0', 0, '2013-05-15 00:00:00', '2013-05-15 00:00:00', b'1'),
(114, 'haggerty', '', b'0', 0, '2013-05-15 00:00:00', '2013-05-15 00:00:00', b'1'),
(115, 'sirod1@optonline.net', '', b'0', 0, '2013-05-15 00:00:00', '2013-05-15 00:00:00', b'1'),
(116, 'ajudicator4', '', b'0', 0, '2013-05-15 00:00:00', '2013-05-15 00:00:00', b'1'),
(117, 'emilieco', '', b'0', 0, '2013-05-16 00:00:00', '2013-05-16 00:00:00', b'1'),
(118, 'coble', '', b'0', 0, '2013-05-16 00:00:00', '2013-05-16 00:00:00', b'1'),
(119, 'sammy', '', b'0', 0, '2013-05-16 00:00:00', '2013-05-16 00:00:00', b'1'),
(120, 'adjudicator8', '', b'0', 1, '0000-00-00 00:00:00', '2013-05-16 00:00:00', b'1'),
(121, 'adjudicator9', '', b'0', 1, '0000-00-00 00:00:00', '2013-05-16 00:00:00', b'1'),
(122, 'adjudicator10', '', b'0', 1, '2013-05-16 17:25:17', '2013-05-16 00:00:00', b'1'),
(123, 'adjudicator11', '', b'0', 1, '2013-05-16 17:34:14', '2013-05-16 00:00:00', b'1'),
(124, 'adjucator11', '', b'0', 0, '2013-05-16 00:00:00', '2013-05-16 00:00:00', b'1');

--
-- Constraints for dumped tables
--

--
-- Constraints for table `competencytovalues`
--
ALTER TABLE `competencytovalues`
  ADD CONSTRAINT `fk_CompetencyToValues_Competency1` FOREIGN KEY (`CompetencyID`) REFERENCES `competency` (`CompetencyID`) ON DELETE NO ACTION ON UPDATE NO ACTION,
  ADD CONSTRAINT `fk_CompetencyToValues_CompetencyValue1` FOREIGN KEY (`CompValueID`) REFERENCES `competencyvalue` (`CompValueID`) ON DELETE NO ACTION ON UPDATE NO ACTION,
  ADD CONSTRAINT `fk_CompetencyToValues_CompExtendedDescription1` FOREIGN KEY (`ExtendedID`) REFERENCES `compextendeddescription` (`ExtendedID`) ON DELETE NO ACTION ON UPDATE NO ACTION;

--
-- Constraints for table `compextendeddescription`
--
ALTER TABLE `compextendeddescription`
  ADD CONSTRAINT `fk_CompExtendedDescription_CompetencyValue1` FOREIGN KEY (`CompValueID`) REFERENCES `competencyvalue` (`CompValueID`) ON DELETE NO ACTION ON UPDATE NO ACTION;

--
-- Constraints for table `ratingsession`
--
ALTER TABLE `ratingsession`
  ADD CONSTRAINT `fk_RubricID` FOREIGN KEY (`RubricID`) REFERENCES `rubric` (`RubricID`) ON DELETE NO ACTION ON UPDATE NO ACTION;

/*!40101 SET CHARACTER_SET_CLIENT=@OLD_CHARACTER_SET_CLIENT */;
/*!40101 SET CHARACTER_SET_RESULTS=@OLD_CHARACTER_SET_RESULTS */;
/*!40101 SET COLLATION_CONNECTION=@OLD_COLLATION_CONNECTION */;
